probe_id	gene_symbol
ILMN_1343291	EEF1A1
ILMN_1651209	SLC35E2
ILMN_1651228	RPS28
ILMN_1651229	IPO13
ILMN_1651235	AFAP1
ILMN_1651237	CDT1
ILMN_1651238	TRPV1
ILMN_1651254	LPP
ILMN_1651262	HNRNPAB
ILMN_1651268	LOH12CR1
ILMN_1651282	COL17A1
ILMN_1651285	BCL6B
ILMN_1651286	GRHL1
ILMN_1651292	LOC644613
ILMN_1651303	ATP13A4
ILMN_1651315	HMG20B
ILMN_1651336	MLYCD
ILMN_1651343	ITGA11
ILMN_1651346	TICAM2
ILMN_1651347	SERTAD2
ILMN_1651354	SPP1
ILMN_1651370	USP21
ILMN_1651378	AUP1
ILMN_1651385	MFN2
ILMN_1651405	BRD9
ILMN_1651415	DERL3
ILMN_1651428	SYTL2
ILMN_1651429	SELM
ILMN_1651438	ZFPM1
ILMN_1651490	CYP26A1
ILMN_1651492	WNT2B
ILMN_1651496	HIST1H2BD
ILMN_1651498	GADD45G
ILMN_1651499	ERGIC1
ILMN_1651501	ABCD4
ILMN_1651504	C4orf8
ILMN_1651513	SKIV2L2
ILMN_1651536	GEFT
ILMN_1651544	HDAC8
ILMN_1651557	KDELC2
ILMN_1651568	MUC13
ILMN_1651597	FBXO44
ILMN_1651628	EXOC6
ILMN_1651642	GPC2
ILMN_1651657	ADAM33
ILMN_1651684	KIAA0586
ILMN_1651692	STK10
ILMN_1651710	IQCD
ILMN_1651715	RNF2
ILMN_1651719	MBTPS1
ILMN_1651735	TGOLN2
ILMN_1651741	ARMCX3
ILMN_1651745	TMEM25
ILMN_1651767	MKL1
ILMN_1651771	RRAGB
ILMN_1651776	FHOD1
ILMN_1651787	MSH5
ILMN_1651788	MAP3K11
ILMN_1651792	RORC
ILMN_1651799	SLC38A2
ILMN_1651800	GSTM4
ILMN_1651819	GALNT11
ILMN_1651826	BASP1
ILMN_1651828	CCT3
ILMN_1651832	EHD1
ILMN_1651838	RND1
ILMN_1651850	RPS16
ILMN_1651872	UBIAD1
ILMN_1651878	EVC
ILMN_1651886	CWF19L1
ILMN_1651902	RASL11A
ILMN_1651936	SETD8
ILMN_1651949	SCYL3
ILMN_1651964	ABCC5
ILMN_1651966	FGFR3
ILMN_1651967	TP53I3
ILMN_1651987	C6orf129
ILMN_1652006	SMC1A
ILMN_1652022	DHX57
ILMN_1652023	AGFG2
ILMN_1652024	CSNK1G3
ILMN_1652056	TTN
ILMN_1652065	KCNMB1
ILMN_1652082	ELF4
ILMN_1652088	PAPOLB
ILMN_1652128	LMBRD1
ILMN_1652137	PPYR1
ILMN_1652147	MRPL43
ILMN_1652161	PNKD
ILMN_1652163	DVL2
ILMN_1652171	CDKN2C
ILMN_1652185	IL4R
ILMN_1652188	KIAA1632
ILMN_1652198	CCM2
ILMN_1652207	COX4I1
ILMN_1652223	WDR91
ILMN_1652237	CBR3
ILMN_1652249	PPP2R4
ILMN_1652277	SECTM1
ILMN_1652280	FBXO32
ILMN_1652300	ZNF507
ILMN_1652314	SPAG1
ILMN_1652357	PDHX
ILMN_1652369	ERCC1
ILMN_1652371	KIAA1324L
ILMN_1652378	IPO7
ILMN_1652379	SUCLG2
ILMN_1652381	SIGLEC5
ILMN_1652394	RAB2A
ILMN_1652407	ZMYND8
ILMN_1652409	SPATA7
ILMN_1652412	PHKB
ILMN_1652431	CA1
ILMN_1652434	MTHFD2L
ILMN_1652439	KRTAP3-1
ILMN_1652456	TMEM98
ILMN_1652461	PARD3B
ILMN_1652472	BRAF
ILMN_1652486	THAP7
ILMN_1652487	RIOK1
ILMN_1652505	APEX2
ILMN_1652512	C2CD2
ILMN_1652521	MTMR9
ILMN_1652525	FAM125B
ILMN_1652540	RELL2
ILMN_1652549	DTNA
ILMN_1652580	POLD1
ILMN_1652594	ACTR5
ILMN_1652602	C11orf35
ILMN_1652609	RGNEF
ILMN_1652631	GLIPR2
ILMN_1652647	INPP4A
ILMN_1652650	SH3KBP1
ILMN_1652662	GRB10
ILMN_1652677	FAM89A
ILMN_1652693	SHH
ILMN_1652694	FAM131B
ILMN_1652716	THEX1
ILMN_1652722	C14orf2
ILMN_1652727	GLT8D1
ILMN_1652729	ANK2
ILMN_1652732	HTR7
ILMN_1652736	RPS6KA3
ILMN_1652749	ERF
ILMN_1652753	PAAF1
ILMN_1652754	ZNF428
ILMN_1652762	HIC2
ILMN_1652777	CDC42EP2
ILMN_1652780	TMOD2
ILMN_1652790	CLK1
ILMN_1652797	FAM174B
ILMN_1652806	ATP5J
ILMN_1652807	HOXA3
ILMN_1652825	IL10RA
ILMN_1652826	LRRC17
ILMN_1652857	SLC15A1
ILMN_1652872	UBOX5
ILMN_1652906	GBGT1
ILMN_1652907	CDC5L
ILMN_1652913	EZH2
ILMN_1652918	RHOF
ILMN_1652929	POGZ
ILMN_1652938	PRRG3
ILMN_1652952	RASAL2
ILMN_1652989	NUP160
ILMN_1652992	PRDM2
ILMN_1652998	HIST1H2BL
ILMN_1653001	CABLES1
ILMN_1653006	CSN1S1
ILMN_1653028	COL4A1
ILMN_1653040	PCDHGA12
ILMN_1653042	HSD3B7
ILMN_1653102	CCDC64
ILMN_1653115	ECH1
ILMN_1653120	ST6GAL1
ILMN_1653125	PER1
ILMN_1653129	CSTF2
ILMN_1653133	SH3D19
ILMN_1653161	SNCG
ILMN_1653163	ZSCAN2
ILMN_1653165	AAMP
ILMN_1653166	CLEC10A
ILMN_1653174	GCNT2
ILMN_1653200	SLC22A17
ILMN_1653203	EFEMP2
ILMN_1653209	ZWINT
ILMN_1653220	PITPNM1
ILMN_1653251	HIST1H1B
ILMN_1653263	GPRIN1
ILMN_1653278	MUC20
ILMN_1653283	APP
ILMN_1653292	PFKFB4
ILMN_1653310	ZNF580
ILMN_1653319	MC1R
ILMN_1653332	FAM29A
ILMN_1653337	USP32
ILMN_1653340	RECQL5
ILMN_1653342	DUS1L
ILMN_1653358	FUT3
ILMN_1653404	NKIRAS2
ILMN_1653412	RAXL1
ILMN_1653429	SLC35A3
ILMN_1653432	HNRPDL
ILMN_1653434	DMD
ILMN_1653443	CDK2
ILMN_1653447	PSORS1C2
ILMN_1653459	IL11RA
ILMN_1653466	HES4
ILMN_1653480	KENAE
ILMN_1653494	S100A1
ILMN_1653498	IGSF6
ILMN_1653501	SEMA3B
ILMN_1653504	EDG1
ILMN_1653524	SIKE
ILMN_1653553	C14orf80
ILMN_1653578	XYLT1
ILMN_1653599	ATP5D
ILMN_1653612	KCTD9
ILMN_1653613	PIGO
ILMN_1653646	UBL7
ILMN_1653648	GPR63
ILMN_1653652	PTPRC
ILMN_1653670	CUL3
ILMN_1653687	GALNT9
ILMN_1653708	CORO1B
ILMN_1653709	TIMM9
ILMN_1653711	FZD2
ILMN_1653712	UAP1L1
ILMN_1653718	ZFAND2B
ILMN_1653719	ITGBL1
ILMN_1653730	OXCT2
ILMN_1653750	SOX10
ILMN_1653762	NRSN1
ILMN_1653766	CCL24
ILMN_1653793	PDPK1
ILMN_1653824	LAMC2
ILMN_1653828	CHFR
ILMN_1653834	OGFOD1
ILMN_1653836	C11orf41
ILMN_1653856	STS-1
ILMN_1653861	SCMH1
ILMN_1653867	ZNF483
ILMN_1653871	NAMPT
ILMN_1653878	CACNB2
ILMN_1653896	ATRIP
ILMN_1653940	USP2
ILMN_1653965	ITGB4
ILMN_1654010	AGPAT3
ILMN_1654013	C17orf28
ILMN_1654016	MRLC2
ILMN_1654031	TPTE2
ILMN_1654032	ZER1
ILMN_1654060	MKNK2
ILMN_1654065	ATOH8
ILMN_1654068	NUDT1
ILMN_1654072	CX3CL1
ILMN_1654074	ITGA3
ILMN_1654099	LRIG2
ILMN_1654109	EGFLAM
ILMN_1654112	PARD6A
ILMN_1654118	BCL2L1
ILMN_1654141	ZDHHC20
ILMN_1654151	COX6C
ILMN_1654195	GCC2
ILMN_1654210	CD1C
ILMN_1654212	DOK7
ILMN_1654217	MPP2
ILMN_1654246	SIRT6
ILMN_1654261	TRPV1
ILMN_1654287	ADCY9
ILMN_1654289	ELK1
ILMN_1654318	PTPN23
ILMN_1654319	HAPLN3
ILMN_1654322	ATP1B3
ILMN_1654324	HEYL
ILMN_1654331	HOXB4
ILMN_1654357	ZNF24
ILMN_1654370	TESK2
ILMN_1654385	ASB13
ILMN_1654392	KIAA0323
ILMN_1654398	RGL1
ILMN_1654408	TRAF7
ILMN_1654411	CCL18
ILMN_1654414	ACSL3
ILMN_1654422	ACTN2
ILMN_1654457	TXN2
ILMN_1654488	UTX
ILMN_1654504	CLEC7A
ILMN_1654516	TMEM120A
ILMN_1654534	NPSR1
ILMN_1654540	SEMA6D
ILMN_1654541	ATP6V1G2
ILMN_1654542	C5orf21
ILMN_1654543	MED6
ILMN_1654545	CPSF1
ILMN_1654552	MRPS31
ILMN_1654563	EFNB1
ILMN_1654566	HSPA1L
ILMN_1654571	FCHO1
ILMN_1654583	CHD1
ILMN_1654586	RASA3
ILMN_1654612	ZNF589
ILMN_1654613	THRA
ILMN_1654629	TMEM175
ILMN_1654639	HERC6
ILMN_1654653	KLC1
ILMN_1654671	SLMO1
ILMN_1654685	MCTP1
ILMN_1654689	ZNF197
ILMN_1654690	CECR5
ILMN_1654692	RALGPS2
ILMN_1654696	C15orf48
ILMN_1654697	ZNF280B
ILMN_1654703	GPR157
ILMN_1654722	MPV17L
ILMN_1654737	TRIM32
ILMN_1654773	CASK
ILMN_1654778	LSP1
ILMN_1654786	TRIM6
ILMN_1654792	C8orf15
ILMN_1654823	MGC70863
ILMN_1654851	FAM134A
ILMN_1654854	MURC
ILMN_1654855	DCX
ILMN_1654858	ZNF818
ILMN_1654861	ACO2
ILMN_1654864	C1orf58
ILMN_1654866	RANBP2
ILMN_1654890	LENG8
ILMN_1654893	SCAMP2
ILMN_1654916	KIF7
ILMN_1654920	HNRPH3
ILMN_1654939	TMED2
ILMN_1654942	NFIC
ILMN_1654945	DNMT3A
ILMN_1654946	ZSCAN18
ILMN_1654966	SCARA3
ILMN_1654998	SMEK1
ILMN_1655046	NUTF2
ILMN_1655052	TRNT1
ILMN_1655068	TOM1L2
ILMN_1655114	ABR
ILMN_1655117	WDR19
ILMN_1655137	ZCCHC11
ILMN_1655154	PTBP1
ILMN_1655163	STK24
ILMN_1655165	RNF138
ILMN_1655167	ZNF502
ILMN_1655171	PCDHGC5
ILMN_1655177	PIK4CA
ILMN_1655191	CASZ1
ILMN_1655194	PHF17
ILMN_1655225	C19orf25
ILMN_1655229	SLC7A11
ILMN_1655245	MDM1
ILMN_1655261	ERP27
ILMN_1655269	C2orf66
ILMN_1655296	UTRN
ILMN_1655307	FAM136A
ILMN_1655329	RIOK2
ILMN_1655340	RNF181
ILMN_1655341	PLAC8L1
ILMN_1655347	SCGB1A1
ILMN_1655374	SELV
ILMN_1655377	MRPS22
ILMN_1655382	DCLRE1B
ILMN_1655387	PRDM16
ILMN_1655405	SCARF2
ILMN_1655414	TNFSF14
ILMN_1655418	CAPNS1
ILMN_1655422	RPL17
ILMN_1655429	TNFAIP1
ILMN_1655468	DSG3
ILMN_1655469	TSPAN3
ILMN_1655482	TRIM27
ILMN_1655485	C1orf124
ILMN_1655497	EIF4B
ILMN_1655509	ASAH1
ILMN_1655525	FLCN
ILMN_1655532	ASB6
ILMN_1655537	ING1
ILMN_1655545	ZMYND12
ILMN_1655549	SIGLEC10
ILMN_1655557	INTS6
ILMN_1655561	ARPC3
ILMN_1655563	KIAA0427
ILMN_1655572	C6orf59
ILMN_1655577	TIAM1
ILMN_1655595	SERPINE2
ILMN_1655610	RET
ILMN_1655611	TSHZ2
ILMN_1655612	ARRDC2
ILMN_1655622	PRKRIR
ILMN_1655625	GPATCH1
ILMN_1655635	METTL3
ILMN_1655637	UPK1A
ILMN_1655642	FANCI
ILMN_1655644	ZNF804A
ILMN_1655645	AK2
ILMN_1655663	SC65
ILMN_1655664	DGKD
ILMN_1655684	SARS2
ILMN_1655702	ABHD5
ILMN_1655720	CNNM4
ILMN_1655722	BCL2L15
ILMN_1655733	RFC2
ILMN_1655734	BXDC5
ILMN_1655748	ZNF323
ILMN_1655765	MRPS21
ILMN_1655788	ZNF780A
ILMN_1655796	March 3
ILMN_1655809	SF3A1
ILMN_1655821	CAPG
ILMN_1655844	TAF1A
ILMN_1655884	ATP2A2
ILMN_1655892	TMEM32
ILMN_1655904	ROR1
ILMN_1655906	FBXW7
ILMN_1655913	NUCB2
ILMN_1655915	MMP11
ILMN_1655921	GTF2E1
ILMN_1655924	TRNT1
ILMN_1655935	ADCY7
ILMN_1655950	ZHX1
ILMN_1655961	C7orf54
ILMN_1655983	CDC14A
ILMN_1655987	STAB1
ILMN_1655990	CDK5RAP2
ILMN_1656011	RGS1
ILMN_1656016	DHX9
ILMN_1656017	NRF1
ILMN_1656042	KIAA0319L
ILMN_1656045	BRUNOL6
ILMN_1656057	PLAU
ILMN_1656066	TNPO2
ILMN_1656069	C17orf55
ILMN_1656079	KCNQ1
ILMN_1656088	C1orf110
ILMN_1656111	MYLIP
ILMN_1656118	ZBTB7A
ILMN_1656134	CNOT7
ILMN_1656136	STAU1
ILMN_1656144	MAPKAPK2
ILMN_1656145	GOT1
ILMN_1656159	ATP10D
ILMN_1656165	USP9X
ILMN_1656185	DEF8
ILMN_1656186	SLC41A1
ILMN_1656192	ZNF704
ILMN_1656194	TSPAN10
ILMN_1656196	E2F6
ILMN_1656200	KATNAL2
ILMN_1656248	ASAM
ILMN_1656274	PRPF38A
ILMN_1656285	METTL7A
ILMN_1656287	SPOCK2
ILMN_1656293	GOSR2
ILMN_1656297	C21orf57
ILMN_1656300	GFRA2
ILMN_1656310	INDO
ILMN_1656321	LTBP1
ILMN_1656330	CCKAR
ILMN_1656335	RIT1
ILMN_1656338	PTPRS
ILMN_1656361	LOC201175
ILMN_1656368	ALDH4A1
ILMN_1656369	C8orf4
ILMN_1656371	TRPA1
ILMN_1656372	PES1
ILMN_1656373	BNC2
ILMN_1656386	SEC24D
ILMN_1656399	TCEAL8
ILMN_1656409	STON1-GTF2A1L
ILMN_1656410	TRPC6
ILMN_1656413	ZMPSTE24
ILMN_1656415	CDKN2C
ILMN_1656419	RAB11FIP1
ILMN_1656434	IHPK1
ILMN_1656436	RBMS1
ILMN_1656452	C16orf59
ILMN_1656482	OSBPL2
ILMN_1656487	FGA
ILMN_1656501	DUSP5
ILMN_1656521	CGI-96
ILMN_1656537	SNRPN
ILMN_1656540	RUVBL1
ILMN_1656546	ARHGEF11
ILMN_1656557	ARMC8
ILMN_1656560	DKFZP564O0823
ILMN_1656617	LOC387856
ILMN_1656621	CHMP2A
ILMN_1656625	RPS24
ILMN_1656628	WDR4
ILMN_1656638	BHMT
ILMN_1656656	COX19
ILMN_1656670	HLA-G
ILMN_1656676	ZYG11B
ILMN_1656682	AZIN1
ILMN_1656691	FBXO4
ILMN_1656718	DEF8
ILMN_1656761	TGIF1
ILMN_1656792	FLYWCH1
ILMN_1656798	TIMM17A
ILMN_1656802	LOXL2
ILMN_1656807	RPL27
ILMN_1656822	DNM2
ILMN_1656826	SH3RF1
ILMN_1656837	RBP1
ILMN_1656840	VPS13D
ILMN_1656886	LIN37
ILMN_1656902	HECTD3
ILMN_1656904	SLC1A4
ILMN_1656910	TRIM6
ILMN_1656913	MDH1
ILMN_1656915	PSD3
ILMN_1656920	CRIP1
ILMN_1656934	REPS2
ILMN_1656940	ABLIM3
ILMN_1656942	PRICKLE3
ILMN_1656951	APCDD1
ILMN_1656955	PCDHGC3
ILMN_1656977	HIBCH
ILMN_1656979	ABO
ILMN_1657009	NFASC
ILMN_1657039	FILIP1
ILMN_1657045	ABR
ILMN_1657050	ARSK
ILMN_1657058	PPIL6
ILMN_1657064	C6orf70
ILMN_1657077	SOCS6
ILMN_1657095	STARD3
ILMN_1657128	PTPRU
ILMN_1657139	ADAT1
ILMN_1657144	C1orf69
ILMN_1657145	MEOX1
ILMN_1657148	C19orf23
ILMN_1657153	ACTR3
ILMN_1657158	RNF168
ILMN_1657204	SAE1
ILMN_1657234	CCL20
ILMN_1657237	NUBP2
ILMN_1657254	SGCD
ILMN_1657283	ALKBH5
ILMN_1657288	GUSBL2
ILMN_1657302	SULT1A1
ILMN_1657317	POLR2J
ILMN_1657332	CCDC85B
ILMN_1657344	PLAG1
ILMN_1657347	PODXL2
ILMN_1657361	CBX7
ILMN_1657373	LEPREL1
ILMN_1657381	RASSF6
ILMN_1657395	HMGCR
ILMN_1657405	SPPL3
ILMN_1657406	NUP50
ILMN_1657423	SPG21
ILMN_1657429	LOC57228
ILMN_1657435	MT1M
ILMN_1657436	FGFR1OP2
ILMN_1657442	ADARB1
ILMN_1657446	C1orf57
ILMN_1657451	SRPK2
ILMN_1657470	YTHDF3
ILMN_1657475	GALT
ILMN_1657483	SEC23B
ILMN_1657495	KIAA0152
ILMN_1657497	KIAA0319
ILMN_1657505	HR
ILMN_1657509	TSEN54
ILMN_1657515	RPS6KA5
ILMN_1657547	CCDC34
ILMN_1657550	MVD
ILMN_1657554	TSPYL2
ILMN_1657606	ZFHX4
ILMN_1657624	NSFL1C
ILMN_1657627	CBFA2T3
ILMN_1657631	STAP2
ILMN_1657634	FANCD2
ILMN_1657639	EDEM3
ILMN_1657643	KCNIP2
ILMN_1657662	EXOD1
ILMN_1657665	ZNF644
ILMN_1657679	VAV3
ILMN_1657680	CCDC69
ILMN_1657682	GFM1
ILMN_1657683	C1orf198
ILMN_1657697	SAR1A
ILMN_1657701	TMEM137
ILMN_1657708	MGLL
ILMN_1657744	C15orf17
ILMN_1657746	BPHL
ILMN_1657749	CYP27C1
ILMN_1657750	CNNM1
ILMN_1657754	RPAP2
ILMN_1657760	SYT17
ILMN_1657766	TRIM29
ILMN_1657769	EIF5
ILMN_1657771	CRTC2
ILMN_1657797	FIBP
ILMN_1657803	CFH
ILMN_1657810	PPM1M
ILMN_1657823	PMEPA1
ILMN_1657836	PLEKHG2
ILMN_1657837	ZC3H8
ILMN_1657838	JMJD5
ILMN_1657855	ACTL6B
ILMN_1657862	AHCY
ILMN_1657864	TMUB2
ILMN_1657870	ABL2
ILMN_1657871	RSAD2
ILMN_1657888	SALL1
ILMN_1657891	TNKS
ILMN_1657893	TXNRD2
ILMN_1657913	C1orf84
ILMN_1657949	RHEB
ILMN_1657955	FMNL3
ILMN_1657977	MSRB2
ILMN_1657983	TERF2IP
ILMN_1658015	MBNL2
ILMN_1658016	ZNF831
ILMN_1658027	RAD54L
ILMN_1658071	ATP1B1
ILMN_1658080	ZNF573
ILMN_1658094	ZNF365
ILMN_1658110	C18orf19
ILMN_1658121	CFP
ILMN_1658143	RFC3
ILMN_1658144	TRIP11
ILMN_1658152	MAP3K10
ILMN_1658160	FAM156A
ILMN_1658163	NR4A3
ILMN_1658173	ZNF418
ILMN_1658175	GGA1
ILMN_1658176	ABCG1
ILMN_1658182	MEX3C
ILMN_1658187	KIAA1026
ILMN_1658206	C1orf102
ILMN_1658231	BTBD14B
ILMN_1658243	PSD3
ILMN_1658247	OAS1
ILMN_1658259	DRG1
ILMN_1658261	MAPKBP1
ILMN_1658271	LSS
ILMN_1658277	L3MBTL
ILMN_1658289	WDR54
ILMN_1658290	C16orf68
ILMN_1658301	FAM83E
ILMN_1658327	BAZ1A
ILMN_1658333	ECM1
ILMN_1658337	AKIRIN1
ILMN_1658351	FIS1
ILMN_1658356	DKFZP586H2123
ILMN_1658373	PAN2
ILMN_1658376	CCDC114
ILMN_1658407	SLC43A3
ILMN_1658411	CHD4
ILMN_1658425	DAG1
ILMN_1658426	WNT10A
ILMN_1658437	SFXN4
ILMN_1658452	FAM53A
ILMN_1658472	APH1A
ILMN_1658483	IL1A
ILMN_1658486	MRPL54
ILMN_1658494	C13orf15
ILMN_1658498	SLC44A3
ILMN_1658499	SYT13
ILMN_1658504	CHKA
ILMN_1658513	IQSEC2
ILMN_1658519	SLC13A3
ILMN_1658526	RYK
ILMN_1658579	CDK5RAP3
ILMN_1658619	WWC1
ILMN_1658624	UBXN6
ILMN_1658626	RREB1
ILMN_1658636	MRE11A
ILMN_1658639	SLC46A3
ILMN_1658660	ACTC1
ILMN_1658675	CDH23
ILMN_1658677	DTX3
ILMN_1658678	SAAL1
ILMN_1658679	YJEFN3
ILMN_1658684	ATP9B
ILMN_1658695	NUF2
ILMN_1658702	HIST1H2BJ
ILMN_1658715	NRXN3
ILMN_1658717	DEPDC5
ILMN_1658743	CCNDBP1
ILMN_1658759	PEX19
ILMN_1658773	PIGF
ILMN_1658798	MEGF9
ILMN_1658800	BRPF3
ILMN_1658802	KRTCAP2
ILMN_1658821	SAMD1
ILMN_1658830	C10orf26
ILMN_1658853	ARHGAP25
ILMN_1658883	ARAF
ILMN_1658885	DAGLB
ILMN_1658920	MCTP1
ILMN_1658925	JAG2
ILMN_1658926	NOTCH3
ILMN_1658928	GNB2
ILMN_1658951	PPP2R4
ILMN_1658962	LCP2
ILMN_1658965	GABBR1
ILMN_1658989	MEX3B
ILMN_1658995	ACOT9
ILMN_1659017	C11orf74
ILMN_1659026	POLR2K
ILMN_1659027	SLC2A1
ILMN_1659029	FAM116B
ILMN_1659058	PPP1R10
ILMN_1659075	HLA-DOA
ILMN_1659079	C5orf25
ILMN_1659086	NEFL
ILMN_1659106	PHLDA3
ILMN_1659122	KLF10
ILMN_1659142	MDK
ILMN_1659156	ANKRD16
ILMN_1659189	C9orf89
ILMN_1659206	RARA
ILMN_1659227	CD79A
ILMN_1659240	MTMR14
ILMN_1659255	RP2
ILMN_1659259	PRPF6
ILMN_1659270	OTP
ILMN_1659285	PSMG1
ILMN_1659306	SVIL
ILMN_1659312	PMP22
ILMN_1659339	ELP4
ILMN_1659346	PPARA
ILMN_1659359	SCUBE3
ILMN_1659364	RFC5
ILMN_1659371	ADRA2A
ILMN_1659411	POLR2C
ILMN_1659415	MAP2K1IP1
ILMN_1659437	TXNDC17
ILMN_1659444	KIF1B
ILMN_1659462	DUSP23
ILMN_1659463	APAF1
ILMN_1659464	FAM71F1
ILMN_1659470	PBRM1
ILMN_1659517	WDR89
ILMN_1659522	EPS8L1
ILMN_1659523	USP39
ILMN_1659537	MED8
ILMN_1659541	CRELD1
ILMN_1659544	STX3
ILMN_1659564	SEC61A1
ILMN_1659572	AR
ILMN_1659576	FPGS
ILMN_1659599	ADC
ILMN_1659601	CCL26
ILMN_1659610	TJP3
ILMN_1659620	MYCBP
ILMN_1659678	GABRA2
ILMN_1659682	GALK2
ILMN_1659688	LGALS3BP
ILMN_1659696	USP6NL
ILMN_1659703	WWP2
ILMN_1659725	EXOSC5
ILMN_1659727	CDAN1
ILMN_1659744	PRMT1
ILMN_1659753	LAMP2
ILMN_1659762	BTF3
ILMN_1659766	BAG3
ILMN_1659782	STK19
ILMN_1659786	CCDC76
ILMN_1659800	BCL11A
ILMN_1659801	ATP6V1C1
ILMN_1659843	DNAJC3
ILMN_1659845	KIAA0355
ILMN_1659851	LOC389832
ILMN_1659856	FAM167B
ILMN_1659857	SNAP29
ILMN_1659874	SFRS15
ILMN_1659888	PPP1R14B
ILMN_1659895	MSN
ILMN_1659905	FKBP10
ILMN_1659913	ISG20
ILMN_1659923	GNAQ
ILMN_1659926	ST7L
ILMN_1659929	TCF1
ILMN_1659936	PPP1R15A
ILMN_1659937	ZBTB24
ILMN_1659943	BACH2
ILMN_1659950	APC2
ILMN_1659952	MTMR2
ILMN_1659960	IL4I1
ILMN_1659975	C1orf216
ILMN_1659976	CLP1
ILMN_1659982	GPR152
ILMN_1659984	MEP1A
ILMN_1659990	HIG2
ILMN_1660021	M6PRBP1
ILMN_1660031	P2RY6
ILMN_1660043	UBXN11
ILMN_1660063	POLE4
ILMN_1660079	RNF44
ILMN_1660086	MYH11
ILMN_1660111	UCHL3
ILMN_1660114	MMRN1
ILMN_1660125	SFMBT2
ILMN_1660186	SYF2
ILMN_1660193	ZNF529
ILMN_1660199	ACAA2
ILMN_1660222	MTBP
ILMN_1660232	PEX5
ILMN_1660261	TDRD6
ILMN_1660275	C2orf43
ILMN_1660282	POPDC2
ILMN_1660292	MRPS21
ILMN_1660305	PDE12
ILMN_1660306	ITGA8
ILMN_1660315	SPN
ILMN_1660321	CDH24
ILMN_1660341	LRPAP1
ILMN_1660345	NGRN
ILMN_1660364	PSCD4
ILMN_1660368	TRRAP
ILMN_1660379	C22orf40
ILMN_1660408	OMP
ILMN_1660413	SGK2
ILMN_1660426	CPSF4
ILMN_1660433	ARID1B
ILMN_1660436	HSPA1B
ILMN_1660446	BTNL3
ILMN_1660498	RPS27
ILMN_1660501	LY6H
ILMN_1660533	RPN1
ILMN_1660536	USP50
ILMN_1660541	PCNXL2
ILMN_1660547	ERC1
ILMN_1660549	GPR177
ILMN_1660551	CRAMP1L
ILMN_1660577	ATP5G2
ILMN_1660582	LIG3
ILMN_1660602	C1orf43
ILMN_1660608	GABRB3
ILMN_1660624	LIMK2
ILMN_1660635	LACTB2
ILMN_1660636	WWOX
ILMN_1660654	CDCA2
ILMN_1660661	TCP1
ILMN_1660663	DYRK1A
ILMN_1660674	LOC642181
ILMN_1660691	RAB31
ILMN_1660698	GTPBP8
ILMN_1660723	RDH13
ILMN_1660727	ENPP5
ILMN_1660732	PPP2R2B
ILMN_1660749	ASPSCR1
ILMN_1660786	HIPK1
ILMN_1660793	PAQR4
ILMN_1660806	CSRP2
ILMN_1660808	WFDC1
ILMN_1660810	TTC17
ILMN_1660812	C14orf11
ILMN_1660815	CAB39L
ILMN_1660817	DDB2
ILMN_1660837	CLCN3
ILMN_1660840	FAM152A
ILMN_1660844	INTS4
ILMN_1660852	ZC3H6
ILMN_1660858	RIN1
ILMN_1660864	RHBDL1
ILMN_1660871	NEK6
ILMN_1660880	RNH1
ILMN_1660904	TRIM15
ILMN_1660907	PTPRE
ILMN_1660935	MGC5139
ILMN_1660938	TOE1
ILMN_1660965	MGC24975
ILMN_1660973	GAD1
ILMN_1661002	RFWD2
ILMN_1661003	TREH
ILMN_1661010	ZMAT1
ILMN_1661039	MRPL30
ILMN_1661076	WFDC10B
ILMN_1661083	NFATC2
ILMN_1661137	SH3RF2
ILMN_1661138	GON4L
ILMN_1661142	TMF1
ILMN_1661156	USP31
ILMN_1661161	SIAH1
ILMN_1661170	NDUFB8
ILMN_1661173	TRIP4
ILMN_1661178	NR4A1
ILMN_1661194	CLDN14
ILMN_1661196	CSF2RA
ILMN_1661197	CLCF1
ILMN_1661264	SHMT2
ILMN_1661266	HLA-DQB1
ILMN_1661282	FRMPD2
ILMN_1661293	ZNF224
ILMN_1661299	TLE6
ILMN_1661307	JRK
ILMN_1661325	PKP4
ILMN_1661335	SPTBN1
ILMN_1661337	SRM
ILMN_1661342	Septin 6
ILMN_1661343	TNFSF14
ILMN_1661372	JUB
ILMN_1661373	AGPAT3
ILMN_1661409	C3orf63
ILMN_1661424	THAP6
ILMN_1661427	RFNG
ILMN_1661428	ATP11C
ILMN_1661439	FLOT1
ILMN_1661454	DGKA
ILMN_1661458	ARF1
ILMN_1661484	ZBTB45
ILMN_1661485	RBM34
ILMN_1661490	PFDN6
ILMN_1661491	SH3GL2
ILMN_1661492	ARRDC1
ILMN_1661500	B4GALT4
ILMN_1661516	POLR2J3
ILMN_1661537	LEPROT
ILMN_1661544	DGKA
ILMN_1661554	DIAPH1
ILMN_1661577	MAFA
ILMN_1661589	CD151
ILMN_1661593	FAM18B
ILMN_1661594	C2orf42
ILMN_1661596	FLVCR1
ILMN_1661599	DDIT4
ILMN_1661622	TBC1D7
ILMN_1661624	ARSD
ILMN_1661627	LZIC
ILMN_1661646	BANK1
ILMN_1661674	VCL
ILMN_1661683	THRA
ILMN_1661687	IL21R
ILMN_1661695	IRAK3
ILMN_1661708	LGALS7
ILMN_1661733	FOLR1
ILMN_1661735	MGC33894
ILMN_1661750	VIL1
ILMN_1661755	FAM129B
ILMN_1661770	JMJD2C
ILMN_1661776	CENPJ
ILMN_1661778	MTL5
ILMN_1661788	WNT5B
ILMN_1661799	HIGD1A
ILMN_1661802	RAPGEF4
ILMN_1661804	CTF1
ILMN_1661825	TNFRSF6B
ILMN_1661833	ANKRD12
ILMN_1661860	ASPSCR1
ILMN_1661861	CSF2
ILMN_1661875	ANK3
ILMN_1661886	APEX1
ILMN_1661888	MEF2A
ILMN_1661939	SGSM1
ILMN_1661940	CAMTA1
ILMN_1661945	C14orf156
ILMN_1661971	ARHGAP25
ILMN_1661998	METTL6
ILMN_1662016	SCRN2
ILMN_1662021	ZNF326
ILMN_1662023	KLF7
ILMN_1662026	BTK
ILMN_1662038	LARGE
ILMN_1662049	AGPAT5
ILMN_1662065	WDR92
ILMN_1662128	ISY1
ILMN_1662140	SGPP2
ILMN_1662144	CPT1B
ILMN_1662147	MANEAL
ILMN_1662155	PRKCZ
ILMN_1662161	TBC1D13
ILMN_1662166	PTK7
ILMN_1662168	SP3
ILMN_1662174	ORMDL3
ILMN_1662188	WNT11
ILMN_1662192	ZNF248
ILMN_1662198	RANGAP1
ILMN_1662232	DCTN2
ILMN_1662243	ING1
ILMN_1662256	PARP6
ILMN_1662263	MDP-1
ILMN_1662306	RABL3
ILMN_1662318	CCDC59
ILMN_1662328	CNNM3
ILMN_1662331	PDSS2
ILMN_1662334	DNAJA3
ILMN_1662340	ZNF358
ILMN_1662358	MX1
ILMN_1662364	AARS
ILMN_1662383	ZRANB2
ILMN_1662390	ASPHD1
ILMN_1662417	LRPPRC
ILMN_1662419	COX7A1
ILMN_1662426	AP2S1
ILMN_1662432	OPA3
ILMN_1662438	SOD1
ILMN_1662451	FCER2
ILMN_1662470	C10orf35
ILMN_1662483	SMA5
ILMN_1662484	CLDN18
ILMN_1662488	MED23
ILMN_1662523	C3
ILMN_1662556	GALNT10
ILMN_1662578	C1GALT1
ILMN_1662587	PNPLA7
ILMN_1662618	SQSTM1
ILMN_1662619	TFPI
ILMN_1662658	PUS1
ILMN_1662668	APC
ILMN_1662681	AMBRA1
ILMN_1662686	USPL1
ILMN_1662707	SEC24B
ILMN_1662731	COL4A3
ILMN_1662741	EDG4
ILMN_1662768	NHEDC2
ILMN_1662799	GPSM3
ILMN_1662801	ZMYM3
ILMN_1662824	MADCAM1
ILMN_1662837	WFIKKN2
ILMN_1662839	PLEKHA1
ILMN_1662843	CD53
ILMN_1662846	GPR160
ILMN_1662848	TXNDC15
ILMN_1662865	FLJ11151
ILMN_1662902	ANKRD13D
ILMN_1662910	SFXN3
ILMN_1662917	LMO1
ILMN_1662932	LCP1
ILMN_1662935	C1QTNF7
ILMN_1662944	PON1
ILMN_1662949	FAM132A
ILMN_1662950	EPS8L1
ILMN_1662952	ZNF687
ILMN_1662954	CCT7
ILMN_1662962	COLEC10
ILMN_1662973	CD82
ILMN_1663002	STOML2
ILMN_1663015	HIF3A
ILMN_1663032	FNDC4
ILMN_1663035	SREBF1
ILMN_1663042	SDC4
ILMN_1663068	MGC33556
ILMN_1663080	LFNG
ILMN_1663081	LOC440925
ILMN_1663092	CITED2
ILMN_1663099	UBE2B
ILMN_1663113	TTLL12
ILMN_1663119	DSC2
ILMN_1663132	ADCK2
ILMN_1663142	CLEC12A
ILMN_1663145	NOMO3
ILMN_1663155	ZNF238
ILMN_1663160	ZNF337
ILMN_1663171	MATN3
ILMN_1663173	LOC442582
ILMN_1663179	PROCA1
ILMN_1663195	MCM7
ILMN_1663213	ITIH5
ILMN_1663220	MRPL22
ILMN_1663234	KATNAL1
ILMN_1663257	ATP6V1C1
ILMN_1663327	SOX6
ILMN_1663347	OTOF
ILMN_1663379	FBXL15
ILMN_1663381	TRAF3IP2
ILMN_1663383	GEMIN5
ILMN_1663390	CDC20
ILMN_1663399	TIMP4
ILMN_1663401	LARP6
ILMN_1663407	SURF1
ILMN_1663422	RGL4
ILMN_1663437	NECAB2
ILMN_1663444	LIN7B
ILMN_1663446	SORBS1
ILMN_1663447	HNRNPA1
ILMN_1663453	HIST1H2AI
ILMN_1663486	TLK2
ILMN_1663489	UBR2
ILMN_1663512	COX5B
ILMN_1663519	SLC24A3
ILMN_1663532	RIC8B
ILMN_1663538	CLYBL
ILMN_1663541	B4GALT7
ILMN_1663561	TCF2
ILMN_1663569	FTCD
ILMN_1663605	RNF123
ILMN_1663616	DNAJC7
ILMN_1663627	ELMO1
ILMN_1663640	MAOA
ILMN_1663648	MTUS1
ILMN_1663664	MRPS10
ILMN_1663667	FLAD1
ILMN_1663683	HEPH
ILMN_1663722	DNAJB5
ILMN_1663723	SLC13A4
ILMN_1663749	BTNL3
ILMN_1663754	ZNF442
ILMN_1663772	SIX2
ILMN_1663780	WISP3
ILMN_1663786	EPB41
ILMN_1663793	MIST
ILMN_1663827	SMYD5
ILMN_1663858	ZNF286A
ILMN_1663866	TGFBI
ILMN_1663897	ALS2CR16
ILMN_1663916	ARHGAP9
ILMN_1663919	TFF2
ILMN_1663954	TH1L
ILMN_1663975	CNNM2
ILMN_1663986	MAGI3
ILMN_1664006	AGL
ILMN_1664010	ELF1
ILMN_1664012	CANT1
ILMN_1664016	ARHGEF18
ILMN_1664024	APOB
ILMN_1664025	PXMP4
ILMN_1664028	CENPB
ILMN_1664030	RAB1B
ILMN_1664047	CACNA1E
ILMN_1664051	SEC22C
ILMN_1664068	ERGIC1
ILMN_1664071	TNNT2
ILMN_1664089	LOC286076
ILMN_1664094	P2RY13
ILMN_1664098	FASTK
ILMN_1664111	RFFL
ILMN_1664167	BXDC1
ILMN_1664168	SLC25A11
ILMN_1664170	CUGBP2
ILMN_1664177	ATXN7L2
ILMN_1664186	MFN1
ILMN_1664216	NKIRAS1
ILMN_1664231	TIMM23
ILMN_1664242	C20orf12
ILMN_1664243	USE1
ILMN_1664265	EPHA1
ILMN_1664283	C9orf75
ILMN_1664289	LOC440570
ILMN_1664294	LEPRE1
ILMN_1664303	HTATIP2
ILMN_1664330	CEACAM1
ILMN_1664362	SGIP1
ILMN_1664369	DHTKD1
ILMN_1664416	MEIS2
ILMN_1664434	TCF3
ILMN_1664440	TP53BP1
ILMN_1664449	ALG5
ILMN_1664462	ONECUT2
ILMN_1664464	PTGDS
ILMN_1664466	KLHL9
ILMN_1664499	PLEKHG7
ILMN_1664511	NDC80
ILMN_1664516	CENPF
ILMN_1664525	P2RY13
ILMN_1664537	USP11
ILMN_1664542	UBE2I
ILMN_1664543	IFIT3
ILMN_1664577	DLD
ILMN_1664581	MICALL2
ILMN_1664592	C1orf95
ILMN_1664607	NRIP2
ILMN_1664608	INPP5A
ILMN_1664614	FAU
ILMN_1664630	CHEK1
ILMN_1664631	ADAM28
ILMN_1664641	MED4
ILMN_1664644	ATG16L2
ILMN_1664646	NSUN6
ILMN_1664679	CADM2
ILMN_1664682	DNA2
ILMN_1664698	UNC119
ILMN_1664706	LOC653604
ILMN_1664718	CYP51A1
ILMN_1664748	SLC25A25
ILMN_1664750	TMBIM4
ILMN_1664756	KPNA4
ILMN_1664761	TMEM138
ILMN_1664772	ATP2B4
ILMN_1664773	C11orf49
ILMN_1664776	EFR3A
ILMN_1664779	FBXO18
ILMN_1664798	GRHPR
ILMN_1664802	WSB1
ILMN_1664815	ELK4
ILMN_1664826	FBXO33
ILMN_1664828	APOBEC3H
ILMN_1664833	MRPL50
ILMN_1664855	PPP1R14C
ILMN_1664861	ID1
ILMN_1664863	CTRL
ILMN_1664878	NLRP2
ILMN_1664910	RPSA
ILMN_1664912	IL11RA
ILMN_1664920	C19orf12
ILMN_1664921	PPP6C
ILMN_1664922	FLNB
ILMN_1664931	GTF2E2
ILMN_1664946	ZDHHC16
ILMN_1664956	SSU72
ILMN_1664960	KIAA0284
ILMN_1664994	MINPP1
ILMN_1665004	CASC3
ILMN_1665035	KRT14
ILMN_1665040	RBMS3
ILMN_1665049	SPG11
ILMN_1665058	TCHP
ILMN_1665065	SERINC3
ILMN_1665066	C4orf14
ILMN_1665095	NELF
ILMN_1665100	PTGS1
ILMN_1665107	ITGB1BP1
ILMN_1665117	C6orf89
ILMN_1665152	FCRL2
ILMN_1665167	RORA
ILMN_1665203	SUMO4
ILMN_1665205	ZNF260
ILMN_1665210	LOC441426
ILMN_1665212	EDC4
ILMN_1665219	LTBP4
ILMN_1665235	CRTAP
ILMN_1665260	FLJ25996
ILMN_1665280	SPCS1
ILMN_1665304	FOXN3
ILMN_1665307	AMPD3
ILMN_1665319	NRTN
ILMN_1665331	AMT
ILMN_1665335	DIABLO
ILMN_1665357	EPS15
ILMN_1665372	FXYD3
ILMN_1665374	COL9A1
ILMN_1665384	SH3BP5L
ILMN_1665423	ZFP91
ILMN_1665425	RPRM
ILMN_1665428	GSDMD
ILMN_1665437	CYP2E1
ILMN_1665442	NOL6
ILMN_1665449	ROBO4
ILMN_1665455	DCUN1D3
ILMN_1665483	KIAA0020
ILMN_1665508	C10orf12
ILMN_1665510	ERRFI1
ILMN_1665515	MGC4677
ILMN_1665521	STAMBP
ILMN_1665526	TCEA2
ILMN_1665538	SKP2
ILMN_1665554	BRF2
ILMN_1665557	USP15
ILMN_1665559	CDK2
ILMN_1665562	PLIN
ILMN_1665622	WDR5B
ILMN_1665647	CD180
ILMN_1665657	LCA5L
ILMN_1665679	PEX10
ILMN_1665682	IL15RA
ILMN_1665686	FAM38B
ILMN_1665696	EFNA4
ILMN_1665717	EIF2S3
ILMN_1665730	ABCB10
ILMN_1665737	UFD1L
ILMN_1665738	FLI1
ILMN_1665761	BCL11B
ILMN_1665775	MOSC2
ILMN_1665792	ITGA2
ILMN_1665797	CSE1L
ILMN_1665831	CLPTM1
ILMN_1665832	ID1
ILMN_1665838	SLC25A24
ILMN_1665865	IGFBP4
ILMN_1665871	ANGEL1
ILMN_1665873	DST
ILMN_1665884	REP15
ILMN_1665887	WDR61
ILMN_1665909	LASP1
ILMN_1665916	HYAL2
ILMN_1665943	MAP4K1
ILMN_1665945	ACBD3
ILMN_1665964	GAB2
ILMN_1665982	AKTIP
ILMN_1665989	ERCC8
ILMN_1665994	SILV
ILMN_1665996	BCL7A
ILMN_1666004	WASL
ILMN_1666007	TRAPPC6B
ILMN_1666019	ADNP
ILMN_1666022	TNFRSF10D
ILMN_1666049	NUP214
ILMN_1666050	TMUB1
ILMN_1666057	REEP2
ILMN_1666096	ACSL3
ILMN_1666111	YTHDC1
ILMN_1666121	FKBP9
ILMN_1666173	TCF20
ILMN_1666174	CECR1
ILMN_1666178	TP53I13
ILMN_1666179	HIST2H3C
ILMN_1666192	DCTN5
ILMN_1666203	VDR
ILMN_1666206	GSDMB
ILMN_1666208	C14orf106
ILMN_1666222	PHACTR3
ILMN_1666258	AMFR
ILMN_1666269	CTSZ
ILMN_1666280	COX11
ILMN_1666305	CDKN3
ILMN_1666306	SRRD
ILMN_1666361	SLC23A2
ILMN_1666364	COQ10A
ILMN_1666372	ATP5H
ILMN_1666376	TRIM56
ILMN_1666380	STARD13
ILMN_1666385	CALM3
ILMN_1666392	WNT4
ILMN_1666399	RING1
ILMN_1666409	PSMB6
ILMN_1666444	RBMS1
ILMN_1666449	FAM134C
ILMN_1666453	STK3
ILMN_1666471	UQCRQ
ILMN_1666482	SP2
ILMN_1666493	CCR10
ILMN_1666494	CRK
ILMN_1666502	SOBP
ILMN_1666503	DENND2A
ILMN_1666512	SKIV2L
ILMN_1666536	VSIG2
ILMN_1666552	ZNF75A
ILMN_1666553	SLC25A19
ILMN_1666556	TRERF1
ILMN_1666560	IFT88
ILMN_1666594	IRF8
ILMN_1666597	PI4KB
ILMN_1666610	NARG2
ILMN_1666625	KIF17
ILMN_1666632	VPS52
ILMN_1666634	FAF1
ILMN_1666635	RPS14
ILMN_1666653	BTBD3
ILMN_1666670	RBX1
ILMN_1666690	ACRC
ILMN_1666715	WHSC1L1
ILMN_1666727	ZNF586
ILMN_1666739	RBM15
ILMN_1666742	C9orf72
ILMN_1666761	PPP2R5E
ILMN_1666773	C21orf90
ILMN_1666775	CACNA1C
ILMN_1666777	SHOX2
ILMN_1666785	SYNE1
ILMN_1666819	PHLDB1
ILMN_1666825	FLJ45717
ILMN_1666827	C4orf41
ILMN_1666845	KRT17
ILMN_1666852	TRIM62
ILMN_1666882	DACH1
ILMN_1666885	ATRX
ILMN_1666894	CSPG4
ILMN_1666902	GPR114
ILMN_1666910	GAB1
ILMN_1666924	PINK1
ILMN_1666933	ASH2L
ILMN_1666960	NOL1
ILMN_1666966	INS
ILMN_1666976	PLD3
ILMN_1666986	GCNT2
ILMN_1667016	FAF1
ILMN_1667018	ACE2
ILMN_1667030	HSBP1
ILMN_1667034	PDPR
ILMN_1667043	EIF4A3
ILMN_1667050	PRPS1
ILMN_1667060	HSF1
ILMN_1667068	ZC3HAV1
ILMN_1667079	SPTBN2
ILMN_1667086	AP3M1
ILMN_1667112	FBXO7
ILMN_1667115	TMEM61
ILMN_1667125	RPS6KL1
ILMN_1667138	S100A13
ILMN_1667183	AIFM1
ILMN_1667222	MTX1
ILMN_1667232	KIR2DL3
ILMN_1667239	INPP1
ILMN_1667257	SDHB
ILMN_1667260	MAPK3
ILMN_1667261	PJA1
ILMN_1667267	PCBP4
ILMN_1667295	VASN
ILMN_1667298	LOC201229
ILMN_1667319	LPPR2
ILMN_1667330	LOC113386
ILMN_1667356	CCDC128
ILMN_1667361	COPZ2
ILMN_1667381	CAMKV
ILMN_1667405	C9orf100
ILMN_1667408	EPB41
ILMN_1667429	SLC25A20
ILMN_1667430	DEGS1
ILMN_1667432	HYAL3
ILMN_1667443	LOC402110
ILMN_1667452	LOC441208
ILMN_1667453	MIZF
ILMN_1667476	LTBR
ILMN_1667510	C12orf65
ILMN_1667561	IFRD1
ILMN_1667564	ALDH3A2
ILMN_1667577	LCMT2
ILMN_1667578	DUSP26
ILMN_1667592	PARVB
ILMN_1667594	KLF10
ILMN_1667626	EGLN3
ILMN_1667641	ACACA
ILMN_1667665	C16orf46
ILMN_1667692	PTGIS
ILMN_1667707	SPCS3
ILMN_1667711	HRASLS3
ILMN_1667716	TMEM101
ILMN_1667771	GRB10
ILMN_1667791	PPFIA4
ILMN_1667825	MLKL
ILMN_1667839	UBR7
ILMN_1667840	CMTM3
ILMN_1667857	C12orf52
ILMN_1667883	THOC5
ILMN_1667885	BCL11B
ILMN_1667893	TNS3
ILMN_1667906	NR2E3
ILMN_1667994	AMD1
ILMN_1668000	KBTBD4
ILMN_1668012	SLC25A13
ILMN_1668039	GYPC
ILMN_1668052	FOXA2
ILMN_1668063	FCN1
ILMN_1668065	RBED1
ILMN_1668090	STK25
ILMN_1668092	ESAM
ILMN_1668134	GSTM1
ILMN_1668147	PCDH9
ILMN_1668179	HNRNPF
ILMN_1668194	LMTK3
ILMN_1668246	TMEM52
ILMN_1668247	LTC4S
ILMN_1668249	LMF1
ILMN_1668270	ZDHHC18
ILMN_1668277	BLK
ILMN_1668283	HYAL2
ILMN_1668291	ZNF780B
ILMN_1668312	SLC2A9
ILMN_1668333	TMEM148
ILMN_1668345	OAF
ILMN_1668351	TAF6
ILMN_1668369	CDC37
ILMN_1668374	ITGB5
ILMN_1668378	SFT2D2
ILMN_1668408	AIFM1
ILMN_1668411	FHL2
ILMN_1668417	WASPIP
ILMN_1668446	ABCA9
ILMN_1668465	KIAA1609
ILMN_1668469	KIAA0922
ILMN_1668498	CWF19L2
ILMN_1668507	DDAH1
ILMN_1668514	PIP5K1C
ILMN_1668525	NR3C1
ILMN_1668535	JOSD1
ILMN_1668540	C1orf181
ILMN_1668559	RGS10
ILMN_1668565	RMI1
ILMN_1668566	ANUBL1
ILMN_1668586	KCND1
ILMN_1668605	NAAA
ILMN_1668608	RBPMS
ILMN_1668634	FBXW7
ILMN_1668639	TBC1D10B
ILMN_1668657	FLJ38973
ILMN_1668683	MLL
ILMN_1668714	SNF1LK2
ILMN_1668721	CCND3
ILMN_1668726	NFYB
ILMN_1668748	MED15
ILMN_1668752	FLJ20850
ILMN_1668795	TTC30B
ILMN_1668814	CENPM
ILMN_1668822	BATF
ILMN_1668834	RSF1
ILMN_1668839	ACOX1
ILMN_1668847	WWP2
ILMN_1668876	HECTD2
ILMN_1668880	AKR1C4
ILMN_1668900	ADRBK2
ILMN_1668909	MAP2K3
ILMN_1668910	CIDEB
ILMN_1668946	USH1C
ILMN_1668979	DNAJB14
ILMN_1668984	SPNS3
ILMN_1668986	PRELID2
ILMN_1668996	C1QBP
ILMN_1669015	XPNPEP1
ILMN_1669023	FHL5
ILMN_1669031	LYST
ILMN_1669033	NCOA1
ILMN_1669046	FOXQ1
ILMN_1669066	RUNX2
ILMN_1669070	MIPEP
ILMN_1669094	ZNF672
ILMN_1669102	ATP5G2
ILMN_1669113	ATF5
ILMN_1669114	WNK4
ILMN_1669142	NARG1
ILMN_1669172	PTPRR
ILMN_1669189	RASSF5
ILMN_1669201	ABCF2
ILMN_1669206	CNOT1
ILMN_1669215	SRPK2
ILMN_1669239	P2RX2
ILMN_1669252	CUL2
ILMN_1669259	ANKRD49
ILMN_1669273	PPT1
ILMN_1669275	ZNF16
ILMN_1669281	CLN3
ILMN_1669286	YWHAZ
ILMN_1669303	YAF2
ILMN_1669308	BRPF1
ILMN_1669310	RHOT2
ILMN_1669321	MATK
ILMN_1669323	BACE2
ILMN_1669335	RUNX1
ILMN_1669362	IGFBP6
ILMN_1669366	IFT88
ILMN_1669376	DRAM
ILMN_1669377	AP4B1
ILMN_1669380	LONRF3
ILMN_1669382	CPLX2
ILMN_1669390	PPP1R13L
ILMN_1669394	EI24
ILMN_1669409	VSIG4
ILMN_1669410	CHGA
ILMN_1669433	KIAA0913
ILMN_1669446	KCNJ14
ILMN_1669447	PYHIN1
ILMN_1669456	NME3
ILMN_1669465	EFCAB6
ILMN_1669479	MEST
ILMN_1669484	WDR6
ILMN_1669497	OSBPL10
ILMN_1669502	E2F3
ILMN_1669508	PAF1
ILMN_1669523	FOS
ILMN_1669550	MAD2L2
ILMN_1669553	UBE2E3
ILMN_1669555	FAM48A
ILMN_1669572	RNF126
ILMN_1669584	ILF3
ILMN_1669592	March 2
ILMN_1669598	SUV420H1
ILMN_1669599	DENND4C
ILMN_1669607	PHKG2
ILMN_1669617	GRB10
ILMN_1669624	LINS1
ILMN_1669633	ACP1
ILMN_1669635	NUP85
ILMN_1669645	PKD1
ILMN_1669667	PDLIM2
ILMN_1669669	KCMF1
ILMN_1669674	CNPY3
ILMN_1669692	IKZF3
ILMN_1669696	ZNF792
ILMN_1669703	TNK2
ILMN_1669718	PSENEN
ILMN_1669722	LRRC61
ILMN_1669727	WAC
ILMN_1669729	ERLIN2
ILMN_1669747	UNC13B
ILMN_1669753	PDIA3
ILMN_1669772	LRP1
ILMN_1669788	NUDT14
ILMN_1669818	ESD
ILMN_1669831	C6orf192
ILMN_1669833	SH2B2
ILMN_1669842	CHAF1A
ILMN_1669876	CUX2
ILMN_1669878	GUSB
ILMN_1669888	CSTA
ILMN_1669898	EGFL7
ILMN_1669905	DCP2
ILMN_1669927	ICOS
ILMN_1669928	ARHGEF16
ILMN_1669931	TM9SF3
ILMN_1669966	NDUFS7
ILMN_1669982	CCDC85A
ILMN_1670000	IQWD1
ILMN_1670008	FLCN
ILMN_1670019	PEG10
ILMN_1670033	HIST1H4I
ILMN_1670037	POLR2L
ILMN_1670038	EXOC3L2
ILMN_1670076	FAM155B
ILMN_1670093	HIST2H2BF
ILMN_1670096	NRBP1
ILMN_1670099	NOSTRIN
ILMN_1670101	CLEC2D
ILMN_1670111	CDKN2B
ILMN_1670130	ARID3A
ILMN_1670134	FADS1
ILMN_1670145	DFNA5
ILMN_1670147	PHC2
ILMN_1670172	WDR33
ILMN_1670185	SSH3
ILMN_1670193	ACY3
ILMN_1670218	EXOSC6
ILMN_1670229	F8
ILMN_1670238	CDC45L
ILMN_1670256	PDK1
ILMN_1670263	C1orf71
ILMN_1670272	LRP10
ILMN_1670282	AIRE
ILMN_1670298	KIN
ILMN_1670305	SERPING1
ILMN_1670308	GPM6B
ILMN_1670322	FCHO2
ILMN_1670325	SLC47A1
ILMN_1670343	MAGI1
ILMN_1670353	RAD51AP1
ILMN_1670377	ZNF20
ILMN_1670379	ANTXR1
ILMN_1670383	PCDH7
ILMN_1670398	BCR
ILMN_1670420	METAP2
ILMN_1670439	FYTTD1
ILMN_1670456	RBM42
ILMN_1670472	FAF2
ILMN_1670490	PDPN
ILMN_1670506	AMMECR1
ILMN_1670518	WDFY3
ILMN_1670523	SAPS2
ILMN_1670535	NDRG2
ILMN_1670539	LOC92017
ILMN_1670540	SMAD1
ILMN_1670542	AK2
ILMN_1670561	TCEAL8
ILMN_1670570	MXI1
ILMN_1670609	ATOX1
ILMN_1670611	FLJ35773
ILMN_1670638	PITPNC1
ILMN_1670640	ZNF664
ILMN_1670652	CYP2C9
ILMN_1670668	PIB5PA
ILMN_1670672	TMEM37
ILMN_1670676	TBRG1
ILMN_1670692	LPAR4
ILMN_1670705	STON2
ILMN_1670708	F10
ILMN_1670718	C18orf51
ILMN_1670723	MSL3L1
ILMN_1670748	GALNT7
ILMN_1670752	KIAA0907
ILMN_1670769	CENPQ
ILMN_1670796	EXOSC10
ILMN_1670801	MTR
ILMN_1670807	FAM84B
ILMN_1670809	NRM
ILMN_1670816	MZF1
ILMN_1670817	GRPEL1
ILMN_1670821	CYorf15A
ILMN_1670833	KCNG1
ILMN_1670841	CPNE1
ILMN_1670844	OPN3
ILMN_1670870	ALCAM
ILMN_1670878	YTHDC1
ILMN_1670881	CHST6
ILMN_1670895	ZNF207
ILMN_1670899	FBN2
ILMN_1670901	COX10
ILMN_1670903	NAT2
ILMN_1670920	FBXL18
ILMN_1670925	CYB5D1
ILMN_1670926	GALNAC4S-6ST
ILMN_1670931	PDS5A
ILMN_1670948	TSR2
ILMN_1670959	CEACAM5
ILMN_1671004	POLG2
ILMN_1671005	IRF2BP2
ILMN_1671022	TRPV1
ILMN_1671028	THRAP3
ILMN_1671039	GALNT3
ILMN_1671046	HSPB2
ILMN_1671048	ZNF644
ILMN_1671055	GSG1L
ILMN_1671058	CDX2
ILMN_1671067	MED13
ILMN_1671087	C6orf222
ILMN_1671092	SOX17
ILMN_1671104	ZNF592
ILMN_1671106	GJA4
ILMN_1671108	PIP5K3
ILMN_1671116	C3orf21
ILMN_1671142	GPR68
ILMN_1671149	MEG3
ILMN_1671158	MRPL13
ILMN_1671191	UQCRC1
ILMN_1671207	IARS2
ILMN_1671209	SYTL2
ILMN_1671221	GAPVD1
ILMN_1671235	DNAJB5
ILMN_1671237	GNGT2
ILMN_1671250	CLIC4
ILMN_1671257	DKC1
ILMN_1671263	CACNA1H
ILMN_1671267	NF2
ILMN_1671288	ODF2
ILMN_1671291	EIF3I
ILMN_1671295	CCDC3
ILMN_1671314	UXT
ILMN_1671326	EIF2C1
ILMN_1671337	SLC2A5
ILMN_1671351	MAP3K7IP3
ILMN_1671355	IMAA
ILMN_1671365	PRODH
ILMN_1671374	C19orf53
ILMN_1671387	C3orf23
ILMN_1671392	KCNF1
ILMN_1671404	SVIL
ILMN_1671427	FBXW4
ILMN_1671478	CKB
ILMN_1671482	GALM
ILMN_1671486	HOMER2
ILMN_1671489	PC
ILMN_1671494	USP5
ILMN_1671509	CCL3
ILMN_1671516	CIR
ILMN_1671554	LPIN1
ILMN_1671557	PHLDA2
ILMN_1671565	RNASET2
ILMN_1671568	ECHDC2
ILMN_1671583	MKRN1
ILMN_1671600	EPS8L1
ILMN_1671603	MED30
ILMN_1671621	PCMT1
ILMN_1671686	EPB49
ILMN_1671703	ACTA2
ILMN_1671710	MADD
ILMN_1671725	REPIN1
ILMN_1671731	AVPI1
ILMN_1671742	UPF3A
ILMN_1671765	TRIM35
ILMN_1671766	F12
ILMN_1671791	PCK2
ILMN_1671809	DUSP22
ILMN_1671818	UTS2
ILMN_1671839	TAF1C
ILMN_1671843	PSRC1
ILMN_1671871	ITGB1BP2
ILMN_1671885	MLF2
ILMN_1671891	PID1
ILMN_1671893	CHMP2A
ILMN_1671895	ZNF613
ILMN_1671902	THUMPD3
ILMN_1671911	MTA1
ILMN_1671913	HTF9C
ILMN_1671928	PROS1
ILMN_1671932	SAMM50
ILMN_1672004	TOB1
ILMN_1672022	EPHA4
ILMN_1672042	DOLPP1
ILMN_1672080	NR2F6
ILMN_1672094	DLX1
ILMN_1672102	PTPRB
ILMN_1672120	KRT73
ILMN_1672121	LOC387856
ILMN_1672122	PH-4
ILMN_1672124	C4orf18
ILMN_1672128	ATF4
ILMN_1672135	ZNF615
ILMN_1672148	AKR1B10
ILMN_1672149	CHCHD1
ILMN_1672157	PUS1
ILMN_1672174	ECE1
ILMN_1672176	SMPD2
ILMN_1672178	RNF8
ILMN_1672191	ATP5F1
ILMN_1672229	FGF12
ILMN_1672255	LRIT3
ILMN_1672278	CXCL16
ILMN_1672295	ZC3H12A
ILMN_1672331	MAP3K7IP2
ILMN_1672336	C3orf60
ILMN_1672350	JAM2
ILMN_1672366	PIGY
ILMN_1672378	ZP3
ILMN_1672393	CUL7
ILMN_1672403	ADAMTS8
ILMN_1672417	PTPRCAP
ILMN_1672419	SMARCA2
ILMN_1672443	QDPR
ILMN_1672461	SPPL2B
ILMN_1672486	TCF7L2
ILMN_1672496	DNAJA1
ILMN_1672503	DPYSL2
ILMN_1672504	PDXK
ILMN_1672526	LOC389834
ILMN_1672536	FBLN1
ILMN_1672538	NBR1
ILMN_1672547	MYO9B
ILMN_1672553	SLC43A3
ILMN_1672554	C17orf81
ILMN_1672564	FMO6P
ILMN_1672565	RG9MTD1
ILMN_1672571	TFIP11
ILMN_1672589	SEMA4B
ILMN_1672596	BCAR1
ILMN_1672605	C7orf41
ILMN_1672608	PPAP2B
ILMN_1672611	CDH11
ILMN_1672650	PKM2
ILMN_1672660	MBP
ILMN_1672662	SLC20A1
ILMN_1672717	C10orf57
ILMN_1672728	KCTD5
ILMN_1672741	ITSN1
ILMN_1672743	ZNF334
ILMN_1672759	CCDC109A
ILMN_1672776	COL10A1
ILMN_1672807	CA5B
ILMN_1672811	C1orf159
ILMN_1672834	SSH2
ILMN_1672876	MFI2
ILMN_1672878	ABR
ILMN_1672879	MPST
ILMN_1672902	EIF4G1
ILMN_1672908	TWIST1
ILMN_1672930	SLC26A11
ILMN_1672940	ZNF562
ILMN_1672960	WBP2NL
ILMN_1672966	RCP9
ILMN_1673023	EP400
ILMN_1673024	RBM15B
ILMN_1673026	CHCHD3
ILMN_1673030	CMKLR1
ILMN_1673069	DPP9
ILMN_1673073	WDR62
ILMN_1673108	AP2A1
ILMN_1673111	TSEN34
ILMN_1673112	ZNF32
ILMN_1673117	ZWINT
ILMN_1673129	PCDH12
ILMN_1673138	ZBTB33
ILMN_1673152	NRXN1
ILMN_1673175	TNFSF11
ILMN_1673207	KLF11
ILMN_1673215	PCBP1
ILMN_1673222	ZBTB10
ILMN_1673232	LASS1
ILMN_1673252	JTV1
ILMN_1673261	EPS8L3
ILMN_1673275	TRAPPC2
ILMN_1673305	RHOC
ILMN_1673320	C18orf34
ILMN_1673330	ADRBK1
ILMN_1673352	IFITM2
ILMN_1673357	SLA2
ILMN_1673363	CD97
ILMN_1673370	FBXL5
ILMN_1673376	TBCD
ILMN_1673380	GNG12
ILMN_1673384	GEMIN7
ILMN_1673395	PIGO
ILMN_1673455	RASAL2
ILMN_1673457	MECR
ILMN_1673461	PHC2
ILMN_1673478	C5orf5
ILMN_1673491	LRAT
ILMN_1673509	RPL28
ILMN_1673518	BRWD1
ILMN_1673522	MOCOS
ILMN_1673529	AGXT2L2
ILMN_1673535	LOC340156
ILMN_1673542	AKAP14
ILMN_1673543	PGM2
ILMN_1673544	C1orf83
ILMN_1673548	HSPC159
ILMN_1673566	ADAMTS1
ILMN_1673586	SLC6A6
ILMN_1673590	BHLHB8
ILMN_1673604	YIPF3
ILMN_1673609	ISLR
ILMN_1673639	ABI3BP
ILMN_1673640	PAG1
ILMN_1673654	C5orf4
ILMN_1673673	PBK
ILMN_1673676	SNX5
ILMN_1673681	SLC46A1
ILMN_1673682	GATAD2A
ILMN_1673708	HDAC9
ILMN_1673711	HSP90AB1
ILMN_1673716	KIF6
ILMN_1673721	EXO1
ILMN_1673743	C22orf26
ILMN_1673744	ZNF81
ILMN_1673757	CASP8
ILMN_1673773	GALNTL4
ILMN_1673788	CDV3
ILMN_1673793	SUNC1
ILMN_1673795	HSD17B4
ILMN_1673798	PPOX
ILMN_1673804	ZNF426
ILMN_1673805	GIP
ILMN_1673815	ARHGAP11A
ILMN_1673820	HLTF
ILMN_1673843	CST2
ILMN_1673867	LIMD2
ILMN_1673880	EFEMP1
ILMN_1673886	SIM2
ILMN_1673892	GK5
ILMN_1673896	MAP3K13
ILMN_1673899	FAM57A
ILMN_1673917	GTF2I
ILMN_1673936	KHSRP
ILMN_1673944	MANBAL
ILMN_1673950	STBD1
ILMN_1673960	MAT2B
ILMN_1673962	NUP205
ILMN_1673966	POLR3F
ILMN_1673991	ATIC
ILMN_1674009	TKTL1
ILMN_1674017	C11orf53
ILMN_1674024	IKZF5
ILMN_1674031	PKIA
ILMN_1674034	H2AFY
ILMN_1674036	BIRC7
ILMN_1674038	CTSD
ILMN_1674049	TEAD1
ILMN_1674051	CCHCR1
ILMN_1674063	OAS2
ILMN_1674064	ZNF225
ILMN_1674072	RBAK
ILMN_1674128	KIAA1604
ILMN_1674135	RALGPS1
ILMN_1674151	GCOM1
ILMN_1674152	NFKBIB
ILMN_1674160	BIN1
ILMN_1674163	DDX42
ILMN_1674181	GPR125
ILMN_1674217	ATP11A
ILMN_1674231	CHAF1B
ILMN_1674236	HSPB1
ILMN_1674243	TFRC
ILMN_1674250	NCKAP1L
ILMN_1674282	PPARD
ILMN_1674285	LOC401233
ILMN_1674302	PPAT
ILMN_1674337	FKBP2
ILMN_1674343	NXF3
ILMN_1674344	PARD6G
ILMN_1674353	MIOX
ILMN_1674380	TRPC1
ILMN_1674385	YWHAQ
ILMN_1674386	PITX1
ILMN_1674390	PRKAR1B
ILMN_1674394	C20orf3
ILMN_1674399	ZNF143
ILMN_1674402	TMEM71
ILMN_1674421	TM9SF4
ILMN_1674440	SH2D3C
ILMN_1674458	KLHL7
ILMN_1674488	KCNN1
ILMN_1674498	C7orf46
ILMN_1674508	MDM1
ILMN_1674533	TRPV6
ILMN_1674541	KIRREL3
ILMN_1674551	SMAD5
ILMN_1674560	GBA2
ILMN_1674574	VNN1
ILMN_1674580	TRIM36
ILMN_1674609	CLTB
ILMN_1674620	SGCE
ILMN_1674629	C9orf3
ILMN_1674633	UBE2H
ILMN_1674640	CXCR6
ILMN_1674645	TSGA10
ILMN_1674646	IRF7
ILMN_1674650	C9orf95
ILMN_1674661	CIRBP
ILMN_1674662	C15orf42
ILMN_1674698	AARS2
ILMN_1674703	UBE1DC1
ILMN_1674706	MTHFD2
ILMN_1674719	NID1
ILMN_1674759	LPCAT4
ILMN_1674778	ATP6V1G2
ILMN_1674780	SF3B1
ILMN_1674785	COL2A1
ILMN_1674811	OASL
ILMN_1674817	C1orf115
ILMN_1674825	PPIE
ILMN_1674827	FAM124A
ILMN_1674838	ZAP70
ILMN_1674855	TRAM1L1
ILMN_1674866	TADA3L
ILMN_1674874	MFSD10
ILMN_1674908	HOXB5
ILMN_1674924	PRR17
ILMN_1674934	FOXF2
ILMN_1674941	ANO6
ILMN_1674955	SCP2
ILMN_1674975	MANEAL
ILMN_1674984	LPAR1
ILMN_1674985	TMEM51
ILMN_1675007	ZSCAN5A
ILMN_1675009	NMUR2
ILMN_1675024	C1orf165
ILMN_1675038	PRMT2
ILMN_1675048	IGF1R
ILMN_1675053	SYNM
ILMN_1675055	C1orf166
ILMN_1675062	MYL9
ILMN_1675085	UBA6
ILMN_1675092	VLDLR
ILMN_1675106	YIPF2
ILMN_1675117	HSD17B11
ILMN_1675124	DDX17
ILMN_1675131	PIH1D1
ILMN_1675150	HKR1
ILMN_1675156	CDC42
ILMN_1675188	GRINL1A
ILMN_1675191	C5orf29
ILMN_1675210	ADAM22
ILMN_1675219	WDHD1
ILMN_1675221	DGKZ
ILMN_1675239	NDUFA7
ILMN_1675258	LOC441268
ILMN_1675266	NAGPA
ILMN_1675268	LRP4
ILMN_1675273	PPIL2
ILMN_1675345	MYADM
ILMN_1675365	LARP4
ILMN_1675376	AURKC
ILMN_1675377	ZSCAN2
ILMN_1675387	LIMS1
ILMN_1675406	PPAPDC1B
ILMN_1675423	ANO7
ILMN_1675428	PCDHGC3
ILMN_1675445	KIAA2018
ILMN_1675448	ZFP36L1
ILMN_1675462	LSM6
ILMN_1675479	ZNF646
ILMN_1675483	ANKMY1
ILMN_1675501	SENP5
ILMN_1675577	C14orf172
ILMN_1675583	SPG7
ILMN_1675612	BLCAP
ILMN_1675617	NT5M
ILMN_1675626	PRPF38A
ILMN_1675640	OAS1
ILMN_1675646	FN1
ILMN_1675656	PPFIBP2
ILMN_1675669	IBTK
ILMN_1675671	ICOSLG
ILMN_1675674	UBE4B
ILMN_1675677	TMPRSS3
ILMN_1675684	APOBEC3C
ILMN_1675693	PPP2CB
ILMN_1675695	PDS5B
ILMN_1675701	FAM114A2
ILMN_1675706	APOA4
ILMN_1675708	MSH5
ILMN_1675709	ARFGAP1
ILMN_1675756	KCNJ15
ILMN_1675788	ZNF175
ILMN_1675797	EPDR1
ILMN_1675819	FAM101A
ILMN_1675822	PCDHA4
ILMN_1675844	WDR1
ILMN_1675848	MRCL3
ILMN_1675857	COL4A6
ILMN_1675866	ARRB2
ILMN_1675898	SH3BP5
ILMN_1675927	NEBL
ILMN_1675939	IFNGR1
ILMN_1675941	DUSP15
ILMN_1675947	MT3
ILMN_1675956	LYST
ILMN_1675979	RBMS3
ILMN_1675982	GGA3
ILMN_1675984	ARHGEF7
ILMN_1675992	DST
ILMN_1676002	QRICH1
ILMN_1676003	PNOC
ILMN_1676010	SP1
ILMN_1676016	C1orf152
ILMN_1676026	MRPS26
ILMN_1676058	MAGOHB
ILMN_1676061	CLK2P
ILMN_1676062	DIP2C
ILMN_1676067	SEMA3G
ILMN_1676088	MSRB3
ILMN_1676099	SPON2
ILMN_1676102	NHS
ILMN_1676128	DNMT3A
ILMN_1676159	MST4
ILMN_1676173	PARVB
ILMN_1676191	DARS2
ILMN_1676192	SLC13A5
ILMN_1676197	LRP11
ILMN_1676213	SRPX2
ILMN_1676215	DLG2
ILMN_1676222	C16orf89
ILMN_1676241	BCOR
ILMN_1676247	JPH2
ILMN_1676248	SEMA4G
ILMN_1676254	MTMR3
ILMN_1676278	ABCC2
ILMN_1676288	ACBD4
ILMN_1676289	NCAM1
ILMN_1676296	PPAP2A
ILMN_1676302	FAM113A
ILMN_1676305	PTK2
ILMN_1676307	FIGN
ILMN_1676311	COX18
ILMN_1676318	BAZ2A
ILMN_1676322	C1orf172
ILMN_1676358	RALB
ILMN_1676361	ARHGAP22
ILMN_1676363	SIGLEC12
ILMN_1676372	CD209
ILMN_1676384	PCSK6
ILMN_1676385	PAK2
ILMN_1676393	ATP5G1
ILMN_1676408	TAGAP
ILMN_1676423	CCNC
ILMN_1676448	WDFY1
ILMN_1676449	SLIT2
ILMN_1676452	ADAMTS14
ILMN_1676458	MRPL11
ILMN_1676470	TCF7
ILMN_1676504	RPRML
ILMN_1676515	IMPDH1
ILMN_1676528	BTN3A2
ILMN_1676548	BZW2
ILMN_1676555	TTC26
ILMN_1676563	HTRA1
ILMN_1676575	IKZF1
ILMN_1676595	PCSK6
ILMN_1676600	SEC24C
ILMN_1676602	SLC7A14
ILMN_1676605	ANKRD42
ILMN_1676611	PHPT1
ILMN_1676616	PTPRZ1
ILMN_1676625	SS18L1
ILMN_1676626	ARID4A
ILMN_1676631	CCNO
ILMN_1676632	DISC1
ILMN_1676663	TNFRSF11B
ILMN_1676665	CUEDC1
ILMN_1676670	TMED8
ILMN_1676679	KIF25
ILMN_1676709	SDK2
ILMN_1676721	NF2
ILMN_1676725	C1orf116
ILMN_1676728	DLK2
ILMN_1676731	C17orf65
ILMN_1676737	Septin 2
ILMN_1676745	ZNF142
ILMN_1676749	C3orf15
ILMN_1676759	DDX27
ILMN_1676799	MFAP1
ILMN_1676822	C2orf40
ILMN_1676833	LOC606495
ILMN_1676842	BTAF1
ILMN_1676846	ABCE1
ILMN_1676864	DDX31
ILMN_1676868	RAB37
ILMN_1676870	GABRR2
ILMN_1676891	CDC2L6
ILMN_1676893	ADCY3
ILMN_1676897	HSPA12B
ILMN_1676899	YEATS2
ILMN_1676905	TIGD7
ILMN_1676924	CD247
ILMN_1676946	AP3M2
ILMN_1676955	TYK2
ILMN_1676978	SNX15
ILMN_1676983	ZNF300
ILMN_1676984	DDIT3
ILMN_1676997	TREX1
ILMN_1677018	HOXA4
ILMN_1677032	DSP
ILMN_1677038	FLJ21986
ILMN_1677041	CHUK
ILMN_1677043	AKR7A2
ILMN_1677080	C11orf60
ILMN_1677085	RGS19
ILMN_1677098	YPEL2
ILMN_1677104	TRAF5
ILMN_1677108	CAPN13
ILMN_1677113	RNF8
ILMN_1677122	FAM168B
ILMN_1677133	MITD1
ILMN_1677138	POLR2J3
ILMN_1677165	SF3B1
ILMN_1677198	C1R
ILMN_1677200	CYFIP2
ILMN_1677226	ARVCF
ILMN_1677239	CCDC14
ILMN_1677240	SLC10A7
ILMN_1677261	LZTS1
ILMN_1677273	TH
ILMN_1677292	C5orf30
ILMN_1677305	PVR
ILMN_1677314	MUC1
ILMN_1677347	KIAA0774
ILMN_1677357	CAPN10
ILMN_1677376	CHD7
ILMN_1677384	PTGER3
ILMN_1677385	C8orf40
ILMN_1677396	NDFIP2
ILMN_1677404	RAP2A
ILMN_1677432	SRGAP1
ILMN_1677440	ATP6AP2
ILMN_1677452	REXO4
ILMN_1677466	DUSP6
ILMN_1677484	SNAPC4
ILMN_1677485	MACROD2
ILMN_1677487	ANKZF1
ILMN_1677505	CCL21
ILMN_1677532	TARDBP
ILMN_1677534	SCAP
ILMN_1677542	TRIM14
ILMN_1677564	TLX1
ILMN_1677572	FSD1CL
ILMN_1677574	GALNT6
ILMN_1677603	C1S
ILMN_1677607	SC5DL
ILMN_1677610	OVCA2
ILMN_1677628	ZNF268
ILMN_1677636	COMP
ILMN_1677652	PREX2
ILMN_1677680	FGF12
ILMN_1677684	BTBD16
ILMN_1677693	GPR109B
ILMN_1677719	CHST1
ILMN_1677736	TMEM104
ILMN_1677747	TMPO
ILMN_1677756	UBE2D2
ILMN_1677765	LRP8
ILMN_1677768	POR
ILMN_1677785	ZNF559
ILMN_1677793	P2RX5
ILMN_1677794	BRCA2
ILMN_1677800	SGTA
ILMN_1677814	ABCC3
ILMN_1677815	KCNH6
ILMN_1677824	RAB4A
ILMN_1677829	SLC9A6
ILMN_1677843	RAB24
ILMN_1677851	RARRES1
ILMN_1677877	UBE2L3
ILMN_1677885	FMO4
ILMN_1677887	PMS2
ILMN_1677919	GMPR2
ILMN_1677920	LTF
ILMN_1677942	SHISA4
ILMN_1677951	AFF3
ILMN_1677953	OGFOD1
ILMN_1677962	GPHN
ILMN_1677968	KIAA0649
ILMN_1677997	MAZ
ILMN_1678004	TMEM41B
ILMN_1678032	NR1H2
ILMN_1678037	HIRIP3
ILMN_1678052	C19orf24
ILMN_1678054	TRIM21
ILMN_1678061	CASS4
ILMN_1678075	CDYL
ILMN_1678080	FKBP2
ILMN_1678086	CCDC74A
ILMN_1678087	MAP3K4
ILMN_1678095	SMPDL3B
ILMN_1678140	TTC4
ILMN_1678143	ARHGDIB
ILMN_1678165	LSM7
ILMN_1678170	MME
ILMN_1678173	KHK
ILMN_1678191	GDF10
ILMN_1678212	TMCC1
ILMN_1678238	ZNF683
ILMN_1678244	EIF4G1
ILMN_1678252	HDLBP
ILMN_1678268	VPS8
ILMN_1678290	HMG20A
ILMN_1678292	PEX16
ILMN_1678353	FARP1
ILMN_1678362	INOC1
ILMN_1678391	SPEF2
ILMN_1678404	FBXO11
ILMN_1678422	DHX58
ILMN_1678423	SPA17
ILMN_1678437	FRY
ILMN_1678454	CASP4
ILMN_1678457	ZNF600
ILMN_1678459	VAPB
ILMN_1678464	DCLRE1C
ILMN_1678477	C9orf85
ILMN_1678478	CHST5
ILMN_1678484	CBY1
ILMN_1678490	RILPL2
ILMN_1678493	CHN1
ILMN_1678494	ZNF438
ILMN_1678501	ADD3
ILMN_1678504	RHOT1
ILMN_1678517	ACSL5
ILMN_1678531	N4BP3
ILMN_1678541	ATRN
ILMN_1678546	PEX11B
ILMN_1678579	CPT2
ILMN_1678605	CDC123
ILMN_1678612	ANXA6
ILMN_1678619	DAK
ILMN_1678627	RUFY4
ILMN_1678650	SLC5A4
ILMN_1678652	C10orf61
ILMN_1678669	RRM2
ILMN_1678678	SLC37A4
ILMN_1678690	UPB1
ILMN_1678692	MPRIP
ILMN_1678695	RBBP8
ILMN_1678705	FLJ35220
ILMN_1678707	TAF15
ILMN_1678710	PHYHIPL
ILMN_1678729	SIL1
ILMN_1678766	DYNLT1
ILMN_1678781	SNX26
ILMN_1678799	RAPGEF1
ILMN_1678805	POMT2
ILMN_1678814	UBL5
ILMN_1678831	GCC2
ILMN_1678833	CCR1
ILMN_1678841	UBD
ILMN_1678842	THBS2
ILMN_1678899	ERN2
ILMN_1678904	ENO3
ILMN_1678922	HERC4
ILMN_1678928	SLCO3A1
ILMN_1678939	VNN2
ILMN_1678949	HSPBP1
ILMN_1678957	WDR55
ILMN_1678961	FRMD4A
ILMN_1678962	DFFB
ILMN_1678965	FABP1
ILMN_1678968	GEM
ILMN_1678998	LRRC14
ILMN_1679003	FLJ11783
ILMN_1679021	PCBP4
ILMN_1679041	SLC3A2
ILMN_1679045	SBDS
ILMN_1679049	COLEC12
ILMN_1679051	PTPRR
ILMN_1679071	MTX3
ILMN_1679092	RAB9B
ILMN_1679093	ZNF581
ILMN_1679115	TPH1
ILMN_1679130	FAM26C
ILMN_1679133	SERPINB1
ILMN_1679134	NSMCE4A
ILMN_1679178	ATP5D
ILMN_1679194	UGT2B7
ILMN_1679195	C20orf24
ILMN_1679209	HSPA9
ILMN_1679215	WNT16
ILMN_1679217	FAM110B
ILMN_1679232	KIDINS220
ILMN_1679233	SGK2
ILMN_1679238	LENG1
ILMN_1679241	C8orf42
ILMN_1679252	ZNF546
ILMN_1679256	AP3B2
ILMN_1679262	DPYSL3
ILMN_1679267	TGM2
ILMN_1679268	PELI1
ILMN_1679279	SYPL2
ILMN_1679301	ZFAT
ILMN_1679319	PSIP1
ILMN_1679322	SH2D4A
ILMN_1679324	EIF1B
ILMN_1679358	ZDHHC5
ILMN_1679382	CCT2
ILMN_1679383	AKIRIN1
ILMN_1679391	MAMDC2
ILMN_1679401	TRPM4
ILMN_1679405	DDX56
ILMN_1679428	CHIC2
ILMN_1679438	MLF1IP
ILMN_1679476	GART
ILMN_1679483	INTS10
ILMN_1679495	ULK3
ILMN_1679501	CSNK2A1
ILMN_1679520	AGPAT1
ILMN_1679555	TIMM23
ILMN_1679558	LOC283874
ILMN_1679577	SETD3
ILMN_1679595	GRIK5
ILMN_1679600	ACOT8
ILMN_1679614	SGSM3
ILMN_1679640	FXR1
ILMN_1679641	FAM120B
ILMN_1679646	FTCD
ILMN_1679655	WDR82
ILMN_1679678	FSD1L
ILMN_1679687	EXOC6
ILMN_1679690	IMPG2
ILMN_1679693	TMEM87B
ILMN_1679754	ADRA1B
ILMN_1679782	BLOC1S2
ILMN_1679796	TOMM20
ILMN_1679797	ADARB1
ILMN_1679798	TLR9
ILMN_1679809	GSTP1
ILMN_1679826	CST7
ILMN_1679870	OR11H12
ILMN_1679880	THOC6
ILMN_1679881	WRN
ILMN_1679897	IGFL3
ILMN_1679898	ALAD
ILMN_1679901	PPARG
ILMN_1679912	DPH3
ILMN_1679919	ASCC2
ILMN_1679929	KLF13
ILMN_1679941	DBF4B
ILMN_1679949	SLC25A23
ILMN_1679971	CCDC123
ILMN_1679978	WBSCR16
ILMN_1679979	PLK3
ILMN_1679995	MPP6
ILMN_1680010	KIAA0753
ILMN_1680018	RIPK4
ILMN_1680037	FAM65A
ILMN_1680054	LAMB3
ILMN_1680072	ZNF32
ILMN_1680081	B3Gn-T6
ILMN_1680091	POP7
ILMN_1680102	C11orf45
ILMN_1680104	SLC35C1
ILMN_1680109	COL4A3BP
ILMN_1680110	C10orf116
ILMN_1680111	AHDC1
ILMN_1680129	NSUN2
ILMN_1680130	DYM
ILMN_1680132	CADM1
ILMN_1680134	CARM1
ILMN_1680144	HLA-DQA2
ILMN_1680154	MAP1B
ILMN_1680192	APOBEC3A
ILMN_1680193	PAXIP1
ILMN_1680231	FAM119B
ILMN_1680239	NUDT9
ILMN_1680246	MAT2B
ILMN_1680251	SORCS1
ILMN_1680273	MYOCD
ILMN_1680279	USP49
ILMN_1680309	ABCG8
ILMN_1680313	STX4
ILMN_1680314	TXN
ILMN_1680339	PDGFRL
ILMN_1680343	AGL
ILMN_1680344	MYOM1
ILMN_1680347	ZNF317
ILMN_1680353	NSF
ILMN_1680364	CD109
ILMN_1680378	RBM45
ILMN_1680386	RPP38
ILMN_1680390	GCNT2
ILMN_1680397	IL8RB
ILMN_1680399	KIAA1026
ILMN_1680403	SSR4
ILMN_1680419	ASB7
ILMN_1680424	CTSG
ILMN_1680430	TSGA10
ILMN_1680453	ITM2C
ILMN_1680591	RTKN
ILMN_1680614	LOC440248
ILMN_1680624	CREG1
ILMN_1680626	PDIA6
ILMN_1680643	KIAA1333
ILMN_1680644	FLJ20323
ILMN_1680652	SELENBP1
ILMN_1680675	MRRF
ILMN_1680682	TADA2L
ILMN_1680683	BCR
ILMN_1680692	NUCKS1
ILMN_1680693	ZNF419
ILMN_1680703	MRPS15
ILMN_1680727	GLRX2
ILMN_1680732	B4GALT2
ILMN_1680738	C5orf13
ILMN_1680754	A4GNT
ILMN_1680757	LRRC26
ILMN_1680770	UBQLN2
ILMN_1680777	MAP2K3
ILMN_1680782	PATL1
ILMN_1680828	KRT27
ILMN_1680831	BAZ1B
ILMN_1680856	MAMLD1
ILMN_1680860	LEMD2
ILMN_1680874	TUBB2B
ILMN_1680892	TREX2
ILMN_1680925	SLC9A3R1
ILMN_1680927	CASC2
ILMN_1680928	DNM3
ILMN_1680937	HIST1H2BC
ILMN_1680948	LMOD1
ILMN_1680955	AURKA
ILMN_1680967	CIP29
ILMN_1680973	FOXF1
ILMN_1680987	HAND1
ILMN_1680996	ALOX5
ILMN_1681016	SPNS1
ILMN_1681067	PIK3R5
ILMN_1681081	AGPAT2
ILMN_1681087	SLC7A10
ILMN_1681103	AQP1
ILMN_1681118	CAPRIN2
ILMN_1681124	C19orf48
ILMN_1681135	SPATA2
ILMN_1681136	CCDC33
ILMN_1681154	ZBTB39
ILMN_1681160	CCT6P1
ILMN_1681193	EPS8L1
ILMN_1681203	TWF1
ILMN_1681223	CACNA1D
ILMN_1681230	MRPL4
ILMN_1681235	CLPB
ILMN_1681239	MYO1F
ILMN_1681249	KIF21A
ILMN_1681263	SPINK4
ILMN_1681269	DYRK4
ILMN_1681296	ICAM4
ILMN_1681304	PAN3
ILMN_1681310	MFSD7
ILMN_1681324	MRPL49
ILMN_1681340	C1orf41
ILMN_1681356	PDE2A
ILMN_1681437	DCXR
ILMN_1681461	RAB27A
ILMN_1681462	REG1B
ILMN_1681497	UACA
ILMN_1681503	MCM2
ILMN_1681526	SLC5A1
ILMN_1681542	HIST1H4E
ILMN_1681544	RASGEF1C
ILMN_1681553	FAM48A
ILMN_1681583	BACH1
ILMN_1681590	LARP1
ILMN_1681591	PTPN1
ILMN_1681603	UBE2A
ILMN_1681628	ZNF277
ILMN_1681634	PXMP2
ILMN_1681641	DLEU1
ILMN_1681644	BIRC3
ILMN_1681657	MAP4K4
ILMN_1681668	GGA1
ILMN_1681678	CTDSP1
ILMN_1681679	TSPO
ILMN_1681695	DNASE1L1
ILMN_1681703	FOXO3
ILMN_1681721	OASL
ILMN_1681724	FPGS
ILMN_1681741	C1orf31
ILMN_1681757	FAM80B
ILMN_1681777	SHROOM2
ILMN_1681780	MKX
ILMN_1681798	Septin 6
ILMN_1681802	GRK6
ILMN_1681812	HIF1AN
ILMN_1681829	ZNF606
ILMN_1681845	PAPD4
ILMN_1681846	ZNF540
ILMN_1681855	TBC1D25
ILMN_1681888	PRKAR2A
ILMN_1681923	C1orf92
ILMN_1681927	HDGF2
ILMN_1681967	C10orf4
ILMN_1681972	TMEM69
ILMN_1681983	RSPO3
ILMN_1681984	GALNT10
ILMN_1681998	AP2B1
ILMN_1682034	HEY2
ILMN_1682037	FBXL8
ILMN_1682038	SNORA25
ILMN_1682054	SRI
ILMN_1682081	RNF19B
ILMN_1682095	RCOR3
ILMN_1682099	TNFAIP8L3
ILMN_1682102	C14orf119
ILMN_1682120	THEM4
ILMN_1682139	RAI14
ILMN_1682147	HOOK2
ILMN_1682165	NT5C2
ILMN_1682176	CLEC3B
ILMN_1682180	VCPIP1
ILMN_1682197	NFXL1
ILMN_1682206	GCC1
ILMN_1682208	CACNB2
ILMN_1682221	FNDC8
ILMN_1682225	ADAM19
ILMN_1682226	CLDN15
ILMN_1682227	ZNF404
ILMN_1682231	TMEM200B
ILMN_1682232	MIER1
ILMN_1682255	LOC196913
ILMN_1682264	WDR68
ILMN_1682270	FGFR2
ILMN_1682298	ERMN
ILMN_1682301	OPCML
ILMN_1682316	TRIM33
ILMN_1682326	PCP4
ILMN_1682332	GYPC
ILMN_1682368	LRWD1
ILMN_1682375	ATPBD3
ILMN_1682399	CLOCK
ILMN_1682403	GABPAP
ILMN_1682404	SETMAR
ILMN_1682428	C1orf59
ILMN_1682444	C6orf35
ILMN_1682459	TUBB4
ILMN_1682463	LOC283174
ILMN_1682487	GPR133
ILMN_1682491	PRDM15
ILMN_1682494	RSRC1
ILMN_1682503	NPFF
ILMN_1682567	CCDC106
ILMN_1682572	KIAA0528
ILMN_1682577	FAM69A
ILMN_1682599	GPRC5A
ILMN_1682636	CXCL2
ILMN_1682658	EPM2AIP1
ILMN_1682661	BMP3
ILMN_1682675	TWF1
ILMN_1682694	LOC203547
ILMN_1682699	PBX2
ILMN_1682717	IER3
ILMN_1682724	FANCF
ILMN_1682727	JAZF1
ILMN_1682737	CHRDL2
ILMN_1682738	SMAD3
ILMN_1682761	C17orf87
ILMN_1682762	IDH3G
ILMN_1682774	C13orf27
ILMN_1682775	EDN1
ILMN_1682781	TEAD2
ILMN_1682792	BYSL
ILMN_1682799	STAMBPL1
ILMN_1682812	C21orf33
ILMN_1682813	PRKCD
ILMN_1682818	TTLL3
ILMN_1682857	NDUFAF2
ILMN_1682863	C20orf151
ILMN_1682864	SPSB3
ILMN_1682896	C21orf66
ILMN_1682910	SLC35B3
ILMN_1682919	PAFAH2
ILMN_1682928	CPVL
ILMN_1682930	SIPA1
ILMN_1682937	RSPO1
ILMN_1682938	ARF3
ILMN_1682941	C18orf25
ILMN_1682957	PACSIN3
ILMN_1682960	DTNBP1
ILMN_1682989	ADAMTS17
ILMN_1682993	NKG7
ILMN_1682996	VWA5A
ILMN_1683016	PLA2R1
ILMN_1683023	PDGFC
ILMN_1683026	PSMB10
ILMN_1683044	PPP1R2
ILMN_1683049	SNRP70
ILMN_1683052	PTRH2
ILMN_1683059	SIRT5
ILMN_1683063	PDE9A
ILMN_1683065	C2orf64
ILMN_1683082	RPUSD1
ILMN_1683096	ASB1
ILMN_1683102	SLC26A9
ILMN_1683107	CACNB2
ILMN_1683112	FANCC
ILMN_1683120	UNG
ILMN_1683121	CYP2C18
ILMN_1683133	KLF15
ILMN_1683148	PRICKLE2
ILMN_1683160	MECR
ILMN_1683165	FAM20C
ILMN_1683175	C9orf23
ILMN_1683178	JAK2
ILMN_1683194	DCN
ILMN_1683204	GMEB2
ILMN_1683212	SLC25A32
ILMN_1683231	FAM83F
ILMN_1683234	DNAJC1
ILMN_1683239	RASSF1
ILMN_1683243	VPS45
ILMN_1683263	TSPAN8
ILMN_1683273	SNAPC5
ILMN_1683277	KIAA0319L
ILMN_1683279	PEX6
ILMN_1683298	MEN1
ILMN_1683300	BAX
ILMN_1683302	SMC4
ILMN_1683305	COMMD2
ILMN_1683313	ST3GAL1
ILMN_1683328	IHPK2
ILMN_1683345	HFE
ILMN_1683355	LRSAM1
ILMN_1683415	CAMK2D
ILMN_1683441	NCAPD3
ILMN_1683450	CDCA5
ILMN_1683462	GSS
ILMN_1683470	TMEM139
ILMN_1683475	TOMM40
ILMN_1683479	CD34
ILMN_1683492	GPR172B
ILMN_1683533	CCDC66
ILMN_1683538	CSDE1
ILMN_1683544	ZDHHC4
ILMN_1683562	SNRPG
ILMN_1683575	TMLHE
ILMN_1683576	MAGED2
ILMN_1683589	PPP2R2D
ILMN_1683595	MBD1
ILMN_1683598	ACSL4
ILMN_1683609	UBE1
ILMN_1683658	FKBP1A
ILMN_1683660	EIF3H
ILMN_1683674	SCYL3
ILMN_1683678	LOC26010
ILMN_1683682	DAGLA
ILMN_1683716	THSD1P
ILMN_1683737	SNX32
ILMN_1683740	TOP1MT
ILMN_1683747	CD276
ILMN_1683752	LHX6
ILMN_1683755	SOX13
ILMN_1683757	CLDN9
ILMN_1683766	INVS
ILMN_1683781	ADAMTS15
ILMN_1683786	FYTTD1
ILMN_1683792	LAP3
ILMN_1683806	MRC1L1
ILMN_1683811	TNPO3
ILMN_1683817	UBE2Q2
ILMN_1683824	ANO7
ILMN_1683854	ZNF484
ILMN_1683859	SLC7A1
ILMN_1683883	ACY1
ILMN_1683888	SRP72
ILMN_1683901	AMN
ILMN_1683905	C19orf21
ILMN_1683927	ITGAE
ILMN_1683939	VIPR2
ILMN_1683950	SNX11
ILMN_1683986	TCF7
ILMN_1683990	C1orf89
ILMN_1683992	OXSM
ILMN_1684017	GYG2
ILMN_1684034	STAT5B
ILMN_1684042	BET1
ILMN_1684045	CDCA4
ILMN_1684051	WASF2
ILMN_1684054	ASAH1
ILMN_1684074	NUP98
ILMN_1684086	BDKRB2
ILMN_1684143	NPTXR
ILMN_1684155	FLJ23584
ILMN_1684158	GPT2
ILMN_1684168	GSTZ1
ILMN_1684183	RAD9A
ILMN_1684184	DYRK2
ILMN_1684197	GPKOW
ILMN_1684205	CIB1
ILMN_1684210	NPAL3
ILMN_1684211	SEC14L2
ILMN_1684217	AURKB
ILMN_1684227	GPR146
ILMN_1684246	C1orf125
ILMN_1684256	EFNA3
ILMN_1684271	ACBD6
ILMN_1684289	PNPO
ILMN_1684293	ANP32B
ILMN_1684306	S100A4
ILMN_1684316	MBNL2
ILMN_1684320	SEZ6L
ILMN_1684321	CYB5B
ILMN_1684346	TNFAIP8L1
ILMN_1684349	IL2RB
ILMN_1684352	TRIM45
ILMN_1684357	C14orf139
ILMN_1684368	MST150
ILMN_1684385	COPB2
ILMN_1684391	PLOD1
ILMN_1684401	FMO1
ILMN_1684402	STXBP5
ILMN_1684434	SLC17A5
ILMN_1684439	MLF1
ILMN_1684446	SPAG7
ILMN_1684461	CADPS2
ILMN_1684497	C10orf33
ILMN_1684520	C9orf97
ILMN_1684530	SNAG1
ILMN_1684534	EPB41L1
ILMN_1684554	COL16A1
ILMN_1684563	SPIN4
ILMN_1684571	RSPH1
ILMN_1684576	CLN8
ILMN_1684591	ZNF434
ILMN_1684614	TNXB
ILMN_1684623	ZNF197
ILMN_1684628	ZFP90
ILMN_1684647	ILKAP
ILMN_1684663	ZDHHC13
ILMN_1684690	HDAC11
ILMN_1684726	C2orf27
ILMN_1684746	IPO11
ILMN_1684754	CNTLN
ILMN_1684755	KAZALD1
ILMN_1684758	ETFB
ILMN_1684770	USF2
ILMN_1684771	PGRMC1
ILMN_1684789	CCDC101
ILMN_1684795	PRND
ILMN_1684802	TAF5
ILMN_1684850	PRKAR2B
ILMN_1684866	C21orf49
ILMN_1684873	ARSD
ILMN_1684929	TOPBP1
ILMN_1684931	GPR119
ILMN_1684945	KCNJ3
ILMN_1684956	ARSD
ILMN_1684960	ZSWIM3
ILMN_1684964	ZNF212
ILMN_1684982	PDK4
ILMN_1685002	RCE1
ILMN_1685005	TNFRSF1A
ILMN_1685037	ASL
ILMN_1685042	TENC1
ILMN_1685044	MTUS1
ILMN_1685052	DNAH1
ILMN_1685079	TELO2
ILMN_1685088	RPL36
ILMN_1685095	CNO
ILMN_1685097	ASCC1
ILMN_1685109	POLR3D
ILMN_1685112	CCDC44
ILMN_1685122	COL9A2
ILMN_1685124	TCTN1
ILMN_1685140	PRRC1
ILMN_1685156	ADCY6
ILMN_1685164	CACNB4
ILMN_1685170	ANXA11
ILMN_1685176	SGMS2
ILMN_1685201	CACHD1
ILMN_1685202	KRBA2
ILMN_1685258	TMEM14B
ILMN_1685275	MCAM
ILMN_1685286	PPP1R12C
ILMN_1685289	C16orf58
ILMN_1685313	PLEC1
ILMN_1685343	NUPL1
ILMN_1685357	RTN2
ILMN_1685365	ZNF773
ILMN_1685369	SLU7
ILMN_1685371	SUMF2
ILMN_1685387	PIGR
ILMN_1685413	ALG8
ILMN_1685431	DZIP1
ILMN_1685433	COL8A1
ILMN_1685441	ASAP3
ILMN_1685467	ZNF397
ILMN_1685472	LRRTM4
ILMN_1685480	TARS
ILMN_1685534	PILRB
ILMN_1685535	LARP2
ILMN_1685540	SHRM
ILMN_1685547	ZXDB
ILMN_1685567	TGDS
ILMN_1685580	CBLB
ILMN_1685602	TMEM41A
ILMN_1685608	NPTX2
ILMN_1685616	EFNA5
ILMN_1685625	UCP2
ILMN_1685631	KIAA0892
ILMN_1685640	FLJ35776
ILMN_1685661	RRP15
ILMN_1685678	EEF1B2
ILMN_1685679	RNF146
ILMN_1685690	JARID1D
ILMN_1685699	PRSS3
ILMN_1685703	ACOX2
ILMN_1685709	TMEM125
ILMN_1685714	INHBB
ILMN_1685722	EIF4A2
ILMN_1685742	NIPA2
ILMN_1685763	WDR45L
ILMN_1685767	FAM3B
ILMN_1685781	C14orf142
ILMN_1685796	CSDE1
ILMN_1685810	NFATC3
ILMN_1685824	B4GALT5
ILMN_1685830	SLC7A2
ILMN_1685834	AMPH
ILMN_1685845	POLDIP3
ILMN_1685854	LOC492311
ILMN_1685858	MLN
ILMN_1685898	SRC
ILMN_1685916	KIF2C
ILMN_1685917	EMCN
ILMN_1685928	WDR34
ILMN_1685929	VANGL1
ILMN_1685934	UPK2
ILMN_1685952	ACSM3
ILMN_1685954	HMBS
ILMN_1685978	ATPIF1
ILMN_1685982	PDGFA
ILMN_1686043	FAM164C
ILMN_1686082	C14orf79
ILMN_1686095	GPR162
ILMN_1686097	TOP2A
ILMN_1686109	CCL23
ILMN_1686116	THBS1
ILMN_1686135	CCDC45
ILMN_1686136	NSD1
ILMN_1686152	GGA2
ILMN_1686194	SDCCAG10
ILMN_1686227	GNA14
ILMN_1686235	GNPNAT1
ILMN_1686237	CBX2
ILMN_1686254	FAM127B
ILMN_1686259	PRODH2
ILMN_1686261	TOM1L2
ILMN_1686283	CECR1
ILMN_1686313	PLXNB3
ILMN_1686319	USP37
ILMN_1686326	PGBD2
ILMN_1686362	CRYBA4
ILMN_1686367	HSPA8
ILMN_1686370	AGXT2L2
ILMN_1686387	PYCRL
ILMN_1686392	NAG
ILMN_1686405	KDR
ILMN_1686414	ZC3H14
ILMN_1686432	ACYP1
ILMN_1686442	TACC2
ILMN_1686454	TIFA
ILMN_1686464	SLCO4C1
ILMN_1686516	CUGBP1
ILMN_1686522	AK3L1
ILMN_1686535	SLC37A3
ILMN_1686553	INTS2
ILMN_1686555	FYN
ILMN_1686562	KIF13B
ILMN_1686573	DEFB1
ILMN_1686587	GTPBP3
ILMN_1686610	APBA3
ILMN_1686623	CSF1R
ILMN_1686626	BAT1
ILMN_1686645	UTP14C
ILMN_1686664	MT2A
ILMN_1686679	ZNF462
ILMN_1686697	FBXO38
ILMN_1686706	SIGLEC7
ILMN_1686725	DICER1
ILMN_1686748	TMEM9
ILMN_1686781	FLJ44653
ILMN_1686804	CCRK
ILMN_1686805	CRK
ILMN_1686832	NR6A1
ILMN_1686846	AKAP12
ILMN_1686871	PARP1
ILMN_1686889	LOC619208
ILMN_1686906	TP53INP2
ILMN_1686920	CCDC58
ILMN_1686929	GPATCH3
ILMN_1686948	CASC4
ILMN_1686951	TM6SF2
ILMN_1686952	FBLN1
ILMN_1686954	RPS10
ILMN_1686957	SS18
ILMN_1686961	FGFBP3
ILMN_1686968	ZNF362
ILMN_1686981	SULF2
ILMN_1686985	MTM1
ILMN_1686988	ST5
ILMN_1686989	INSIG1
ILMN_1687002	OSR2
ILMN_1687023	GJC1
ILMN_1687035	ADAMTSL4
ILMN_1687037	IFT140
ILMN_1687052	PAX5
ILMN_1687073	C20orf117
ILMN_1687074	CDC14B
ILMN_1687107	RFWD3
ILMN_1687140	STARD7
ILMN_1687149	BDP1
ILMN_1687201	APOL6
ILMN_1687213	C8orf13
ILMN_1687216	PCBP3
ILMN_1687247	SPATA20
ILMN_1687279	DHPS
ILMN_1687291	ARMETL1
ILMN_1687301	VCAN
ILMN_1687303	ACAD10
ILMN_1687306	LGALS2
ILMN_1687315	RXRA
ILMN_1687316	NCDN
ILMN_1687331	KCNMB2
ILMN_1687335	FLNA
ILMN_1687358	TMPRSS4
ILMN_1687359	MRPS23
ILMN_1687362	GRLF1
ILMN_1687375	ATP2A2
ILMN_1687384	IFI6
ILMN_1687391	C3orf35
ILMN_1687392	NRK
ILMN_1687403	MRPL40
ILMN_1687410	OSBPL11
ILMN_1687419	DHX8
ILMN_1687430	EIF2B4
ILMN_1687431	RNF6
ILMN_1687440	HIPK2
ILMN_1687442	TNIK
ILMN_1687481	HIF3A
ILMN_1687484	ZFX
ILMN_1687495	SLC37A1
ILMN_1687501	MOXD1
ILMN_1687508	ALDH7A1
ILMN_1687519	SNAP23
ILMN_1687524	KBTBD4
ILMN_1687533	SEMA4D
ILMN_1687546	HSP90AA1
ILMN_1687556	DAPL1
ILMN_1687589	CPT1A
ILMN_1687592	WWC3
ILMN_1687609	AATK
ILMN_1687625	DPCR1
ILMN_1687626	ZDHHC24
ILMN_1687636	ABCA2
ILMN_1687652	TGFB3
ILMN_1687655	ILKAP
ILMN_1687711	ZNF576
ILMN_1687721	PROC
ILMN_1687724	RAP1GDS1
ILMN_1687743	BTBD7
ILMN_1687751	BAALC
ILMN_1687768	NCOA7
ILMN_1687785	PPA2
ILMN_1687821	C16orf45
ILMN_1687824	SEPHS2
ILMN_1687825	CD226
ILMN_1687833	HM13
ILMN_1687835	C6orf224
ILMN_1687840	ABCB7
ILMN_1687848	C7
ILMN_1687857	ST6GALNAC4
ILMN_1687858	CALM2
ILMN_1687864	POP5
ILMN_1687865	TMOD3
ILMN_1687873	KLC4
ILMN_1687875	UNC5C
ILMN_1687884	ZNF2
ILMN_1687888	BTN3A1
ILMN_1687896	PIK3C3
ILMN_1687921	LOC339123
ILMN_1687922	RP9
ILMN_1687940	FOXO3
ILMN_1687947	HIST1H2BE
ILMN_1687958	SLC25A22
ILMN_1687960	LIMK2
ILMN_1687971	CAPN3
ILMN_1687978	PHLDA1
ILMN_1687986	SLC6A20
ILMN_1688000	POLDIP3
ILMN_1688011	UPF1
ILMN_1688031	FAM161B
ILMN_1688033	HPS5
ILMN_1688034	COIL
ILMN_1688041	TMEM53
ILMN_1688067	Septin 5
ILMN_1688071	NAT1
ILMN_1688089	PEBP1
ILMN_1688090	PTER
ILMN_1688094	ORC5L
ILMN_1688098	TBC1D4
ILMN_1688101	BTNL2
ILMN_1688103	CTNNBIP1
ILMN_1688104	TRDMT1
ILMN_1688152	IL27RA
ILMN_1688154	MST1R
ILMN_1688158	CYB5R4
ILMN_1688160	WDR27
ILMN_1688178	RRP7A
ILMN_1688184	CSPG5
ILMN_1688205	KLK10
ILMN_1688220	SYNPO2
ILMN_1688227	KIAA1409
ILMN_1688230	LOC144983
ILMN_1688231	TREM1
ILMN_1688242	C6
ILMN_1688256	RTKN
ILMN_1688258	C20orf144
ILMN_1688279	PVRIG
ILMN_1688295	ZNF219
ILMN_1688299	RCAN3
ILMN_1688317	ZNF160
ILMN_1688372	C3orf17
ILMN_1688373	LST1
ILMN_1688381	BPTF
ILMN_1688404	ZMYM4
ILMN_1688413	SNW1
ILMN_1688422	C17orf57
ILMN_1688452	LCMT1
ILMN_1688455	KIAA0564
ILMN_1688464	MAP6D1
ILMN_1688479	LRRC42
ILMN_1688480	CCND1
ILMN_1688515	ZNF195
ILMN_1688526	ARL5A
ILMN_1688534	EIF2B5
ILMN_1688565	ZNF580
ILMN_1688580	CAMP
ILMN_1688606	RNFT1
ILMN_1688622	UBQLN1
ILMN_1688625	AIM1
ILMN_1688629	ZNF274
ILMN_1688631	APOL1
ILMN_1688633	CLCN2
ILMN_1688637	TMEM198
ILMN_1688639	FBXL2
ILMN_1688642	LAMC3
ILMN_1688666	HIST1H2BH
ILMN_1688672	SIGLECP3
ILMN_1688698	ZEB2
ILMN_1688702	PJA2
ILMN_1688721	FLJ44048
ILMN_1688727	C17orf95
ILMN_1688728	HTF9C
ILMN_1688730	DNAJC18
ILMN_1688753	PTDSS1
ILMN_1688755	AAK1
ILMN_1688780	S100A4
ILMN_1688801	JPH3
ILMN_1688811	SPRY4
ILMN_1688814	SERPINB6
ILMN_1688848	TMEM44
ILMN_1688853	ZBTB9
ILMN_1688864	CABP4
ILMN_1688865	PPP1R9B
ILMN_1688892	LAMA3
ILMN_1688932	NR5A2
ILMN_1688953	ARHGAP19
ILMN_1688959	CD27
ILMN_1688971	NOL11
ILMN_1688997	C17orf58
ILMN_1689001	CDK4
ILMN_1689002	DTX1
ILMN_1689004	TNFRSF12A
ILMN_1689007	SFRS14
ILMN_1689046	FLJ20273
ILMN_1689057	PIK3R1
ILMN_1689059	ZNF329
ILMN_1689070	COQ7
ILMN_1689086	CTSC
ILMN_1689097	NAT5
ILMN_1689102	C1QTNF6
ILMN_1689110	NOB1
ILMN_1689111	CXCL12
ILMN_1689123	CCNK
ILMN_1689142	UBE1C
ILMN_1689156	MMAB
ILMN_1689160	DPEP2
ILMN_1689162	ACTR8
ILMN_1689176	C4orf31
ILMN_1689189	ZBTB3
ILMN_1689200	DHDH
ILMN_1689211	AAK1
ILMN_1689220	IQCE
ILMN_1689237	BVES
ILMN_1689257	MAEA
ILMN_1689274	NIPA1
ILMN_1689306	TMC7
ILMN_1689329	SCD
ILMN_1689336	HOXA10
ILMN_1689342	NUBP1
ILMN_1689378	CCRN4L
ILMN_1689389	SF3B5
ILMN_1689426	HOXA3
ILMN_1689431	APCDD1L
ILMN_1689438	BTRC
ILMN_1689445	POLR2H
ILMN_1689446	EIF3G
ILMN_1689456	ZBTB20
ILMN_1689473	ATP6V1H
ILMN_1689515	CPLX3
ILMN_1689518	PECAM1
ILMN_1689528	ZNF136
ILMN_1689552	FAM63A
ILMN_1689560	C14orf181
ILMN_1689607	C3orf17
ILMN_1689624	MINA
ILMN_1689651	KIAA1755
ILMN_1689652	RNMTL1
ILMN_1689665	NAE1
ILMN_1689700	ARID5A
ILMN_1689704	TMEM5
ILMN_1689711	CHKB
ILMN_1689718	IL17RE
ILMN_1689720	PPP2R3B
ILMN_1689734	IL1RN
ILMN_1689774	MRFAP1L1
ILMN_1689800	MRTO4
ILMN_1689828	DMPK
ILMN_1689836	C5AR1
ILMN_1689842	SC4MOL
ILMN_1689868	TMEM80
ILMN_1689874	HOXB3
ILMN_1689908	ANKRD13A
ILMN_1689932	WDR85
ILMN_1689953	CD81
ILMN_1689965	KIAA1432
ILMN_1689968	PLEKHO2
ILMN_1689972	RRP9
ILMN_1689976	EDIL3
ILMN_1689989	CDC42BPB
ILMN_1690017	SPINK5
ILMN_1690034	SOD3
ILMN_1690035	FLYWCH1
ILMN_1690040	TM7SF2
ILMN_1690049	NGDN
ILMN_1690066	TIGD2
ILMN_1690077	PPM1A
ILMN_1690085	STK11IP
ILMN_1690096	PPP1R1B
ILMN_1690099	ITGB1BP1
ILMN_1690101	FAIM
ILMN_1690105	STAT1
ILMN_1690114	PTPLAD2
ILMN_1690122	CRKL
ILMN_1690125	PDLIM7
ILMN_1690136	NIPBL
ILMN_1690138	PHF10
ILMN_1690154	ANO5
ILMN_1690170	CRABP2
ILMN_1690174	DLL4
ILMN_1690179	CRYM
ILMN_1690202	PTGER3
ILMN_1690209	C1orf186
ILMN_1690223	CNTNAP2
ILMN_1690241	BATF2
ILMN_1690252	ALKBH2
ILMN_1690259	RAE1
ILMN_1690262	SNAI3
ILMN_1690268	HNRPUL1
ILMN_1690282	CRADD
ILMN_1690289	DUOX1
ILMN_1690304	MGC26718
ILMN_1690320	TTC23
ILMN_1690325	NFYA
ILMN_1690327	CLCN5
ILMN_1690329	FAM118B
ILMN_1690342	LTA4H
ILMN_1690352	ADO
ILMN_1690371	MRPL11
ILMN_1690386	CSRP2BP
ILMN_1690392	COMMD3
ILMN_1690397	DYNC1I1
ILMN_1690420	GFI1
ILMN_1690442	C18orf45
ILMN_1690454	C3orf54
ILMN_1690473	NFKBIB
ILMN_1690476	QKI
ILMN_1690490	ZFP41
ILMN_1690523	LRRC20
ILMN_1690524	VAMP7
ILMN_1690545	TAF11
ILMN_1690546	PPP3CC
ILMN_1690561	GZMM
ILMN_1690566	RASSF4
ILMN_1690576	BAT1
ILMN_1690610	RALY
ILMN_1690625	SLC9A8
ILMN_1690636	ALS2CL
ILMN_1690646	SATB1
ILMN_1690653	CDK2AP2
ILMN_1690682	B3GALT4
ILMN_1690690	SEC23IP
ILMN_1690693	CTPS2
ILMN_1690695	PEX11A
ILMN_1690703	C21orf34
ILMN_1690706	SNRPB2
ILMN_1690708	SPTBN1
ILMN_1690754	SVIL
ILMN_1690761	SURF4
ILMN_1690783	TREML1
ILMN_1690802	HSPC152
ILMN_1690807	MKL2
ILMN_1690822	VAPA
ILMN_1690826	TNKS1BP1
ILMN_1690839	PPAPDC3
ILMN_1690863	ZNF470
ILMN_1690880	CTAGE5
ILMN_1690884	APOA1
ILMN_1690888	CMIP
ILMN_1690891	TRERF1
ILMN_1690920	SP100
ILMN_1690921	STAT2
ILMN_1690922	MAST2
ILMN_1690923	CAPN9
ILMN_1690945	CPZ
ILMN_1690951	HIPK1
ILMN_1690982	DDT
ILMN_1690999	MED23
ILMN_1691001	RTN3
ILMN_1691048	SLC22A18AS
ILMN_1691071	FCRLA
ILMN_1691080	OR6B1
ILMN_1691090	MPV17
ILMN_1691111	SPATA2L
ILMN_1691112	PIGN
ILMN_1691117	DNTTIP1
ILMN_1691119	RNF122
ILMN_1691131	LSMD1
ILMN_1691143	RAB18
ILMN_1691151	CHKA
ILMN_1691165	CLSPN
ILMN_1691171	SP3
ILMN_1691175	ADH6
ILMN_1691181	TXNDC1
ILMN_1691188	UIMC1
ILMN_1691237	CAP2
ILMN_1691264	NAT8B
ILMN_1691276	CXXC1
ILMN_1691290	CELSR3
ILMN_1691291	PIGS
ILMN_1691293	RNF185
ILMN_1691294	CTBP2
ILMN_1691333	ZNF57
ILMN_1691340	CACYBP
ILMN_1691355	HHATL
ILMN_1691364	STAT1
ILMN_1691376	JAG1
ILMN_1691393	DNPEP
ILMN_1691395	ZBTB11
ILMN_1691409	SEC31A
ILMN_1691410	BAMBI
ILMN_1691413	NNAT
ILMN_1691418	CDRT4
ILMN_1691425	LDOC1L
ILMN_1691430	GSTCD
ILMN_1691432	PRDM4
ILMN_1691436	BLVRA
ILMN_1691444	UHRF2
ILMN_1691458	SYPL1
ILMN_1691466	YES1
ILMN_1691476	MYLK
ILMN_1691485	GTF2H2
ILMN_1691487	TRAF2
ILMN_1691499	TJP1
ILMN_1691501	C15orf5
ILMN_1691506	NGRN
ILMN_1691508	PLAUR
ILMN_1691535	CUL4B
ILMN_1691539	LAT
ILMN_1691557	C3orf60
ILMN_1691559	ELF2
ILMN_1691570	METTL5
ILMN_1691572	TST
ILMN_1691575	SNX2
ILMN_1691584	F8
ILMN_1691641	CITED1
ILMN_1691668	C6orf154
ILMN_1691702	ZNF775
ILMN_1691717	RHBDF2
ILMN_1691731	PARP14
ILMN_1691736	ST6GALNAC6
ILMN_1691743	GJD3
ILMN_1691757	C2CD3
ILMN_1691760	FAM45A
ILMN_1691772	ZSCAN29
ILMN_1691787	RAPH1
ILMN_1691789	SMNDC1
ILMN_1691790	DACT2
ILMN_1691798	ZNF26
ILMN_1691803	KIR2DS5
ILMN_1691809	PSMA1
ILMN_1691843	RNPS1
ILMN_1691846	G0S2
ILMN_1691855	CACNA1B
ILMN_1691861	FASTK
ILMN_1691881	IL4R
ILMN_1691884	STC2
ILMN_1691899	C6orf1
ILMN_1691916	KIAA1919
ILMN_1691926	HADH2
ILMN_1691927	BTBD1
ILMN_1691930	CBX6
ILMN_1691942	CCNI
ILMN_1692020	PRSS16
ILMN_1692026	SUV420H1
ILMN_1692041	POT1
ILMN_1692049	SLC7A6OS
ILMN_1692056	HS3ST3A1
ILMN_1692058	NDN
ILMN_1692060	KIF21B
ILMN_1692077	MXRA7
ILMN_1692080	ANKH
ILMN_1692100	ZNF35
ILMN_1692107	SUV420H1
ILMN_1692121	USO1
ILMN_1692133	ZNF226
ILMN_1692160	C6orf114
ILMN_1692163	NSDHL
ILMN_1692168	UBE2Z
ILMN_1692169	NAT5
ILMN_1692177	TSC22D1
ILMN_1692191	GNA12
ILMN_1692219	RAB11FIP1
ILMN_1692223	LCN2
ILMN_1692225	DOK3
ILMN_1692261	EPHB1
ILMN_1692267	B4GALT3
ILMN_1692271	CCM2
ILMN_1692272	TEX261
ILMN_1692276	GGPS1
ILMN_1692280	NKX2-2
ILMN_1692295	MYO1G
ILMN_1692332	ALOX12B
ILMN_1692335	ELK3
ILMN_1692340	ZNF662
ILMN_1692342	CDC42BPG
ILMN_1692352	IRAK4
ILMN_1692390	CCNT1
ILMN_1692398	CNTNAP1
ILMN_1692433	RECQL5
ILMN_1692473	PRMT1
ILMN_1692477	MGAT5B
ILMN_1692486	ZNRD1
ILMN_1692511	TMEM106C
ILMN_1692535	DPP4
ILMN_1692539	SH3BP1
ILMN_1692546	VNN2
ILMN_1692568	C10orf92
ILMN_1692575	SFRS8
ILMN_1692620	ZNF263
ILMN_1692623	LPHN3
ILMN_1692651	PHB
ILMN_1692664	PRR5
ILMN_1692674	NKD1
ILMN_1692678	FMNL3
ILMN_1692684	SMARCD2
ILMN_1692698	VASH2
ILMN_1692706	DCUN1D2
ILMN_1692707	C2orf79
ILMN_1692731	TTYH3
ILMN_1692739	ISLR2
ILMN_1692742	DENND3
ILMN_1692754	TMEM49
ILMN_1692760	DPAGT1
ILMN_1692779	PRPF39
ILMN_1692785	KLHL21
ILMN_1692790	ITGB3BP
ILMN_1692824	ASPA
ILMN_1692826	UNKL
ILMN_1692831	HIST1H1A
ILMN_1692834	C1orf26
ILMN_1692844	TBC1D19
ILMN_1692864	PDLIM5
ILMN_1692865	VPS37D
ILMN_1692896	JMJD4
ILMN_1692927	NTN1
ILMN_1692936	OVOL1
ILMN_1692938	PSAT1
ILMN_1692962	CTDSP2
ILMN_1692967	AXIN1
ILMN_1692973	BICD1
ILMN_1693004	C20orf117
ILMN_1693009	FGL2
ILMN_1693014	CEBPB
ILMN_1693039	ZFPL1
ILMN_1693042	WDR90
ILMN_1693045	TMED1
ILMN_1693060	VEGFA
ILMN_1693072	ELAC1
ILMN_1693090	CROT
ILMN_1693107	MLH3
ILMN_1693119	LOC130576
ILMN_1693124	LOC644096
ILMN_1693136	VTI1B
ILMN_1693145	BUB3
ILMN_1693148	ACAN
ILMN_1693183	SORBS2
ILMN_1693192	PI3
ILMN_1693210	NSMCE2
ILMN_1693226	C1orf212
ILMN_1693230	HYAL1
ILMN_1693233	KIAA0513
ILMN_1693242	ZNF296
ILMN_1693244	SMARCD3
ILMN_1693250	ACBD5
ILMN_1693270	SUSD2
ILMN_1693290	METT10D
ILMN_1693311	TMBIM6
ILMN_1693317	TTC15
ILMN_1693333	TMEM19
ILMN_1693334	P4HA1
ILMN_1693338	CYP1B1
ILMN_1693344	C15orf21
ILMN_1693392	RGAG4
ILMN_1693394	BCKDK
ILMN_1693401	KLHL28
ILMN_1693421	RPN2
ILMN_1693428	TNNC2
ILMN_1693431	C13orf31
ILMN_1693438	FBXL12
ILMN_1693452	GAL3ST4
ILMN_1693466	RABEP2
ILMN_1693471	KLHL35
ILMN_1693483	FGF18
ILMN_1693490	SEC11A
ILMN_1693494	CMTM1
ILMN_1693538	STK36
ILMN_1693552	CD300A
ILMN_1693559	DOT1L
ILMN_1693560	HMGA1
ILMN_1693597	ZNF287
ILMN_1693598	RTN4
ILMN_1693604	GRM2
ILMN_1693630	C16orf7
ILMN_1693650	FES
ILMN_1693664	POMGNT1
ILMN_1693668	KIAA0261
ILMN_1693669	WDR79
ILMN_1693679	STK16
ILMN_1693685	LOC205251
ILMN_1693702	MRFAP1L1
ILMN_1693726	TBC1D10A
ILMN_1693738	CTSE
ILMN_1693749	BMP4
ILMN_1693758	LIG4
ILMN_1693762	LRRC48
ILMN_1693766	CEP135
ILMN_1693771	ASPH
ILMN_1693788	ZNF432
ILMN_1693789	ALPP
ILMN_1693826	HAVCR2
ILMN_1693830	LACTB
ILMN_1693853	HHAT
ILMN_1693862	MGC70857
ILMN_1693878	GMPPA
ILMN_1693882	TAPT1
ILMN_1693896	ATP8A2
ILMN_1693928	CDH24
ILMN_1693941	IGSF9
ILMN_1693961	CATSPER3
ILMN_1693985	JPH1
ILMN_1693987	MLXIP
ILMN_1694012	NME2
ILMN_1694027	SESN3
ILMN_1694034	LGALS4
ILMN_1694041	PDCL
ILMN_1694057	EIF3K
ILMN_1694058	IFITM4P
ILMN_1694068	EFCAB2
ILMN_1694070	FAM114A1
ILMN_1694080	ZNF804B
ILMN_1694084	PSCD1
ILMN_1694100	PRIM2
ILMN_1694106	GPD1L
ILMN_1694111	PNKP
ILMN_1694140	AFAP1L1
ILMN_1694177	PCNA
ILMN_1694194	SCAF1
ILMN_1694208	TRIM10
ILMN_1694213	PLEKHO1
ILMN_1694219	ARIH1
ILMN_1694223	DGCR8
ILMN_1694233	ACYP1
ILMN_1694240	MAP2K1
ILMN_1694268	HES6
ILMN_1694269	FLJ10996
ILMN_1694274	NDUFC2
ILMN_1694323	GLE1
ILMN_1694325	NFIX
ILMN_1694339	TMEM89
ILMN_1694344	NDOR1
ILMN_1694385	YWHAB
ILMN_1694398	EIF3F
ILMN_1694400	MSR1
ILMN_1694404	RASA4
ILMN_1694426	ROR2
ILMN_1694432	CRIP2
ILMN_1694466	ZBED1
ILMN_1694472	GCK
ILMN_1694475	GTPBP2
ILMN_1694479	WDR18
ILMN_1694482	CELSR1
ILMN_1694485	TAS2R48
ILMN_1694486	TCIRG1
ILMN_1694491	CCNG1
ILMN_1694504	RNF220
ILMN_1694514	ZDHHC11
ILMN_1694530	DDA1
ILMN_1694533	RMND1
ILMN_1694539	MAP3K6
ILMN_1694547	IFFO1
ILMN_1694548	ANXA3
ILMN_1694582	LIG3
ILMN_1694587	EEF1B2
ILMN_1694588	C4BPB
ILMN_1694589	PAQR8
ILMN_1694603	SMARCC1
ILMN_1694608	C1QTNF1
ILMN_1694634	MOGAT3
ILMN_1694666	BCL2L15
ILMN_1694671	ZFAND2A
ILMN_1694699	HIST1H2AK
ILMN_1694730	RNPEPL1
ILMN_1694731	CLCN7
ILMN_1694742	RPS29
ILMN_1694757	CTSL1
ILMN_1694759	C19orf42
ILMN_1694776	SCP2
ILMN_1694780	GCHFR
ILMN_1694799	PIAS2
ILMN_1694801	SLC39A4
ILMN_1694810	PANX2
ILMN_1694840	MATN2
ILMN_1694847	TERF1
ILMN_1694877	CASP6
ILMN_1694888	TAF2
ILMN_1694890	UCHL5IP
ILMN_1694923	PTPN9
ILMN_1694943	CAST
ILMN_1694950	MRPL28
ILMN_1694966	ASGR2
ILMN_1694980	NAGLU
ILMN_1694983	DDX20
ILMN_1694985	AKR1CL2
ILMN_1695000	TFIP11
ILMN_1695016	QRICH2
ILMN_1695020	NEK3
ILMN_1695025	CD2
ILMN_1695036	TPPP3
ILMN_1695041	GATA6
ILMN_1695058	SLC38A5
ILMN_1695079	ZNF101
ILMN_1695093	SLC7A8
ILMN_1695107	IL20RA
ILMN_1695110	BCAT2
ILMN_1695119	TAF1C
ILMN_1695157	CA4
ILMN_1695226	DIAPH3
ILMN_1695246	KLHDC8B
ILMN_1695271	RPP25
ILMN_1695276	MAPRE2
ILMN_1695280	SMG6
ILMN_1695282	RAPGEF1
ILMN_1695290	FERMT2
ILMN_1695311	HLA-DMA
ILMN_1695317	RCBTB1
ILMN_1695334	PYGO2
ILMN_1695354	BMF
ILMN_1695355	FOXP2
ILMN_1695357	CCDC99
ILMN_1695362	ZNF32
ILMN_1695382	TSC22D3
ILMN_1695386	RAD51C
ILMN_1695404	LY6E
ILMN_1695414	ASF1B
ILMN_1695418	IQGAP3
ILMN_1695420	CLTA
ILMN_1695423	CD9
ILMN_1695468	SRPK2
ILMN_1695472	MRPL10
ILMN_1695490	PLD4
ILMN_1695491	C8orf32
ILMN_1695549	PVRL1
ILMN_1695576	MRPL24
ILMN_1695579	CIT
ILMN_1695588	HNRPC
ILMN_1695590	ADRB2
ILMN_1695604	DCBLD1
ILMN_1695606	EFNB3
ILMN_1695621	KRT3
ILMN_1695631	CHP2
ILMN_1695633	MAX
ILMN_1695645	CETN2
ILMN_1695658	KIF20A
ILMN_1695687	SALL4
ILMN_1695706	H3F3B
ILMN_1695711	FAM105A
ILMN_1695719	EIF2C2
ILMN_1695731	TUBG1
ILMN_1695745	DISP1
ILMN_1695759	AMDHD2
ILMN_1695763	PDIA5
ILMN_1695773	STK24
ILMN_1695790	UBE2MP1
ILMN_1695797	NCOA6
ILMN_1695821	ACTR1B
ILMN_1695829	TTYH2
ILMN_1695847	ZKSCAN5
ILMN_1695851	PARVG
ILMN_1695856	FAM44A
ILMN_1695868	PRICKLE4
ILMN_1695871	DISC1
ILMN_1695880	LOX
ILMN_1695900	TNFSF11
ILMN_1695917	C5orf15
ILMN_1695924	KLK11
ILMN_1695945	MEIS2
ILMN_1695946	C1orf225
ILMN_1695959	C21orf63
ILMN_1695961	CLK3
ILMN_1695962	SLC12A9
ILMN_1695983	DDX42
ILMN_1695991	COLQ
ILMN_1696003	GNAI3
ILMN_1696004	LRRK1
ILMN_1696021	KPNA6
ILMN_1696028	ETNK1
ILMN_1696029	FLJ36031
ILMN_1696046	SIVA
ILMN_1696048	C13orf33
ILMN_1696051	SNX11
ILMN_1696054	SMYD1
ILMN_1696065	SDF4
ILMN_1696066	CARS
ILMN_1696087	PHB2
ILMN_1696110	TUBGCP3
ILMN_1696127	KIAA0240
ILMN_1696131	ANKS1B
ILMN_1696133	SELI
ILMN_1696151	MON1A
ILMN_1696187	PYGL
ILMN_1696190	STRN4
ILMN_1696214	NHEJ1
ILMN_1696223	ATP7B
ILMN_1696230	RAB43
ILMN_1696254	CYB5D2
ILMN_1696266	XRCC3
ILMN_1696276	ZNF653
ILMN_1696284	CLDN18
ILMN_1696294	SNX6
ILMN_1696311	IMPAD1
ILMN_1696316	CPT1A
ILMN_1696330	GUF1
ILMN_1696339	ZIC2
ILMN_1696375	TTC31
ILMN_1696380	GHRL
ILMN_1696383	POP4
ILMN_1696394	IL6R
ILMN_1696407	SFRS2
ILMN_1696419	STOM
ILMN_1696450	KLK1
ILMN_1696463	SPI1
ILMN_1696485	HNRNPAB
ILMN_1696503	JRKL
ILMN_1696512	ERAF
ILMN_1696521	EGFR
ILMN_1696528	TAS2R13
ILMN_1696546	FZD1
ILMN_1696556	KIAA0133
ILMN_1696568	ATP2C1
ILMN_1696582	BTBD11
ILMN_1696583	ZNF169
ILMN_1696584	ORM1
ILMN_1696585	FERMT1
ILMN_1696591	RB1
ILMN_1696597	C3orf37
ILMN_1696601	VARS
ILMN_1696615	CA8
ILMN_1696622	SLC38A6
ILMN_1696643	TLN1
ILMN_1696657	LRRN2
ILMN_1696659	THSD1
ILMN_1696666	DBF4B
ILMN_1696675	CES2
ILMN_1696682	ABLIM1
ILMN_1696684	FAM90A1
ILMN_1696702	NEO1
ILMN_1696708	C14orf166
ILMN_1696709	TADA2L
ILMN_1696713	POLA2
ILMN_1696749	LMNA
ILMN_1696757	TTC14
ILMN_1696767	SERP2
ILMN_1696806	CTNND1
ILMN_1696814	SEPSECS
ILMN_1696827	PARS2
ILMN_1696828	RGS14
ILMN_1696839	RPS27
ILMN_1696845	GRLF1
ILMN_1696870	TGFBRAP1
ILMN_1696883	THOC2
ILMN_1696935	RBM39
ILMN_1696962	PDZD8
ILMN_1696975	USP1
ILMN_1696991	DYRK1B
ILMN_1697054	LRRN4CL
ILMN_1697069	CSF3
ILMN_1697088	ARMC5
ILMN_1697096	SPG7
ILMN_1697117	TBP
ILMN_1697118	ARMC6
ILMN_1697153	ZDHHC17
ILMN_1697160	TTC7A
ILMN_1697166	C9orf78
ILMN_1697189	PNCK
ILMN_1697200	MON2
ILMN_1697211	UBE1DC1
ILMN_1697218	MED22
ILMN_1697220	NT5E
ILMN_1697228	GPR56
ILMN_1697268	EMILIN2
ILMN_1697286	SF3A1
ILMN_1697289	ZNF713
ILMN_1697309	NCF1
ILMN_1697315	GNAT1
ILMN_1697317	DYNLRB2
ILMN_1697342	HOXC11
ILMN_1697348	WBSCR22
ILMN_1697363	C20orf27
ILMN_1697409	TNFRSF14
ILMN_1697418	RBM9
ILMN_1697433	CYP46A1
ILMN_1697440	PRPF4
ILMN_1697444	IL1RL1
ILMN_1697448	TXNIP
ILMN_1697460	REEP6
ILMN_1697469	SFRS6
ILMN_1697472	TM2D3
ILMN_1697491	FLJ14213
ILMN_1697493	WDFY3
ILMN_1697499	HLA-DRB5
ILMN_1697510	ACSS2
ILMN_1697529	RNF10
ILMN_1697544	SLC25A29
ILMN_1697546	BRCC3
ILMN_1697548	LPHN2
ILMN_1697554	SASH3
ILMN_1697559	G6PD
ILMN_1697567	TPM3
ILMN_1697585	ACTR6
ILMN_1697597	KIAA0494
ILMN_1697614	NHP2L1
ILMN_1697628	ADARB1
ILMN_1697629	PLA2G4B
ILMN_1697639	OGT
ILMN_1697642	BCAP29
ILMN_1697666	NRARP
ILMN_1697670	SRRM1
ILMN_1697682	RECQL5
ILMN_1697694	ATP6AP1
ILMN_1697703	HPDL
ILMN_1697735	EWSR1
ILMN_1697736	EXOSC2
ILMN_1697777	TSTA3
ILMN_1697790	AGPAT1
ILMN_1697793	SYNJ2BP
ILMN_1697800	C16orf86
ILMN_1697804	NEGR1
ILMN_1697810	TSPAN11
ILMN_1697812	HLXB9
ILMN_1697817	PANX1
ILMN_1697820	HINT2
ILMN_1697827	ATP2A3
ILMN_1697864	CXorf38
ILMN_1697880	PLD2
ILMN_1697919	WHSC1L1
ILMN_1697925	APOB48R
ILMN_1697952	OSBPL1A
ILMN_1697957	C22orf9
ILMN_1697959	SLC35B4
ILMN_1697962	NSMCE1
ILMN_1697971	TRIM38
ILMN_1697975	PHF14
ILMN_1698001	NCK1
ILMN_1698019	LGMN
ILMN_1698020	DLC1
ILMN_1698038	FLJ22374
ILMN_1698048	ZNF619
ILMN_1698072	PITRM1
ILMN_1698085	C14orf21
ILMN_1698117	DSCR8
ILMN_1698137	DNMT3A
ILMN_1698139	TCEA1
ILMN_1698140	LRRC29
ILMN_1698148	CHD5
ILMN_1698179	TAGLN3
ILMN_1698185	WDR90
ILMN_1698209	AGPS
ILMN_1698225	MYO5A
ILMN_1698233	RWDD2B
ILMN_1698243	C1orf85
ILMN_1698252	FANCB
ILMN_1698258	DNAJC8
ILMN_1698259	TMEM100
ILMN_1698307	DBNL
ILMN_1698323	PLEKHB2
ILMN_1698365	NHLRC3
ILMN_1698386	NEK9
ILMN_1698402	NFX1
ILMN_1698404	ERN1
ILMN_1698419	NCOR2
ILMN_1698427	TMUB2
ILMN_1698441	MYST4
ILMN_1698445	PALM2
ILMN_1698463	ILF3
ILMN_1698478	SNAPC2
ILMN_1698487	SDHD
ILMN_1698491	MBD3
ILMN_1698533	IDH3A
ILMN_1698546	HNF4A
ILMN_1698554	AACS
ILMN_1698585	SLC6A20
ILMN_1698605	TMEM43
ILMN_1698621	COG5
ILMN_1698646	TUBG1
ILMN_1698649	LIMK1
ILMN_1698653	ODF2
ILMN_1698668	NR1D2
ILMN_1698677	C4orf27
ILMN_1698685	MATN2
ILMN_1698706	NID2
ILMN_1698715	NHLRC2
ILMN_1698726	SLC25A27
ILMN_1698728	FGD4
ILMN_1698731	SEC31B
ILMN_1698732	PALLD
ILMN_1698752	NLRX1
ILMN_1698770	C5orf33
ILMN_1698803	ZAK
ILMN_1698846	SLC8A2
ILMN_1698885	PTPRT
ILMN_1698934	CMTM7
ILMN_1698952	TNFRSF11A
ILMN_1698968	ASXL2
ILMN_1698985	IQWD1
ILMN_1698995	DES
ILMN_1698996	SLC19A1
ILMN_1699071	C21orf7
ILMN_1699091	C14orf118
ILMN_1699112	COPB1
ILMN_1699121	TMEM16B
ILMN_1699139	CYP19A1
ILMN_1699160	ITK
ILMN_1699172	AFG3L1
ILMN_1699179	BPTF
ILMN_1699190	SORCS1
ILMN_1699206	FHDC1
ILMN_1699217	C1orf96
ILMN_1699226	UBR4
ILMN_1699243	MSMB
ILMN_1699249	ZNF649
ILMN_1699251	TMTC1
ILMN_1699254	PLEKHH1
ILMN_1699265	TNFRSF10B
ILMN_1699321	ZGPAT
ILMN_1699354	EPHA2
ILMN_1699357	SLC22A5
ILMN_1699362	IK
ILMN_1699384	PPP2R5D
ILMN_1699421	ANXA10
ILMN_1699440	ZBTB47
ILMN_1699447	TRAF5
ILMN_1699449	MGC35361
ILMN_1699472	ST3GAL3
ILMN_1699473	KIAA1967
ILMN_1699476	RPE
ILMN_1699489	TUBB6
ILMN_1699496	PHF21A
ILMN_1699503	UBE2D2
ILMN_1699514	PHF7
ILMN_1699520	SLC8A1
ILMN_1699545	PCSK7
ILMN_1699570	TPD52L2
ILMN_1699574	NRP1
ILMN_1699585	BHLHB5
ILMN_1699598	AP2M1
ILMN_1699599	FCRL3
ILMN_1699603	MRPL12
ILMN_1699606	ASB3
ILMN_1699610	CCT6B
ILMN_1699623	FAM81A
ILMN_1699631	GATS
ILMN_1699636	ACIN1
ILMN_1699646	APBB1
ILMN_1699651	IL6
ILMN_1699665	CLIC6
ILMN_1699666	STRADA
ILMN_1699669	BLR1
ILMN_1699676	C14orf147
ILMN_1699684	PBLD
ILMN_1699695	TNFRSF21
ILMN_1699703	ARCN1
ILMN_1699709	RFC5
ILMN_1699711	DEDD
ILMN_1699723	RARB
ILMN_1699727	BAIAP2
ILMN_1699728	BTD
ILMN_1699737	TRAP1
ILMN_1699750	ABHD9
ILMN_1699767	PDE8A
ILMN_1699772	RRAGD
ILMN_1699778	NKIRAS2
ILMN_1699797	HDLBP
ILMN_1699820	TNPO1
ILMN_1699843	CRTC1
ILMN_1699852	FLJ37464
ILMN_1699856	RALGDS
ILMN_1699859	GNPAT
ILMN_1699878	RAB27A
ILMN_1699887	ST14
ILMN_1699908	IL12RB1
ILMN_1699931	HCST
ILMN_1699980	TSPAN18
ILMN_1699989	BNIPL
ILMN_1700001	TCTA
ILMN_1700024	UST
ILMN_1700028	C9orf156
ILMN_1700042	TLN2
ILMN_1700044	SAP130
ILMN_1700081	FST
ILMN_1700109	PTOV1
ILMN_1700144	ITGA10
ILMN_1700147	VPREB3
ILMN_1700168	LARS2
ILMN_1700183	APLNR
ILMN_1700202	TMEM135
ILMN_1700203	KIAA1984
ILMN_1700204	ZMYND8
ILMN_1700231	IHPK1
ILMN_1700238	ZNF500
ILMN_1700248	WDR86
ILMN_1700268	QPRT
ILMN_1700306	OCIAD2
ILMN_1700310	SDCBP2
ILMN_1700328	SCN3B
ILMN_1700337	TROAP
ILMN_1700345	RNF41
ILMN_1700349	ADCK4
ILMN_1700353	TRAF6
ILMN_1700378	ZWILCH
ILMN_1700380	ATP6V0A2
ILMN_1700384	KIAA1522
ILMN_1700408	TRIM50
ILMN_1700413	MAFF
ILMN_1700417	SLC22A14
ILMN_1700419	HSPC171
ILMN_1700428	HLA-DOB
ILMN_1700432	ITPKB
ILMN_1700448	SIM2
ILMN_1700461	AARSD1
ILMN_1700477	MRPL43
ILMN_1700488	PPARA
ILMN_1700507	CLASP1
ILMN_1700515	C17orf58
ILMN_1700518	HMGN4
ILMN_1700541	FBLN1
ILMN_1700549	ERLIN2
ILMN_1700584	IER2
ILMN_1700596	ALS2CL
ILMN_1700597	FAM18B2
ILMN_1700604	RBM14
ILMN_1700606	RNF43
ILMN_1700611	CDK10
ILMN_1700625	ATP5S
ILMN_1700628	DDX24
ILMN_1700633	ABHD4
ILMN_1700652	CHAD
ILMN_1700660	RNF135
ILMN_1700681	CD99L2
ILMN_1700690	VAT1
ILMN_1700695	SLC44A1
ILMN_1700728	KRTCAP3
ILMN_1700759	RIMS1
ILMN_1700762	PBX4
ILMN_1700766	ZNF324B
ILMN_1700770	PSKH1
ILMN_1700791	EHMT2
ILMN_1700811	UBFD1
ILMN_1700822	DPP3
ILMN_1700847	PMS1
ILMN_1700896	SAP30
ILMN_1700915	BMI1
ILMN_1700955	TCTEX1D2
ILMN_1700967	C3orf59
ILMN_1700975	ENSA
ILMN_1700994	KREMEN1
ILMN_1701006	HEXIM2
ILMN_1701007	PON3
ILMN_1701009	EFNA2
ILMN_1701025	EPHX1
ILMN_1701052	TUBG2
ILMN_1701094	CLN8
ILMN_1701111	RP5-1022P6.2
ILMN_1701112	LOC440944
ILMN_1701120	BCL2
ILMN_1701127	CC2D1A
ILMN_1701131	C2orf49
ILMN_1701134	PTEN
ILMN_1701169	HP1BP3
ILMN_1701170	BARX2
ILMN_1701195	PLA2G7
ILMN_1701204	VEGFC
ILMN_1701213	PIP4K2B
ILMN_1701243	C10orf2
ILMN_1701244	ITFG2
ILMN_1701248	TREM2
ILMN_1701269	ATP5C1
ILMN_1701293	COX7A2
ILMN_1701308	COL1A1
ILMN_1701314	LOC399900
ILMN_1701315	KIAA0467
ILMN_1701331	UBE2M
ILMN_1701374	NUP35
ILMN_1701375	FBXW5
ILMN_1701386	STRADB
ILMN_1701393	TBX3
ILMN_1701402	IKIP
ILMN_1701403	HIP1
ILMN_1701413	PIGQ
ILMN_1701424	LAMC2
ILMN_1701434	RAP1B
ILMN_1701441	LPAR1
ILMN_1701455	FBXO6
ILMN_1701457	FAHD1
ILMN_1701461	TIMP3
ILMN_1701464	ZNF776
ILMN_1701466	PEX16
ILMN_1701477	CCDC101
ILMN_1701482	POFUT2
ILMN_1701483	SYP
ILMN_1701487	TAOK2
ILMN_1701507	EHHADH
ILMN_1701512	KIAA0391
ILMN_1701514	TRAF3IP2
ILMN_1701551	ABCA6
ILMN_1701558	MAP1A
ILMN_1701581	LAD1
ILMN_1701589	AMPD2
ILMN_1701596	RPS20
ILMN_1701603	ALPL
ILMN_1701613	RARRES3
ILMN_1701621	SCO2
ILMN_1701643	GDPD5
ILMN_1701648	KLHL15
ILMN_1701655	SLC24A6
ILMN_1701661	CYP7B1
ILMN_1701681	SEC11C
ILMN_1701724	C7orf20
ILMN_1701731	AKR1B1
ILMN_1701749	UQCRFS1
ILMN_1701774	AP3M1
ILMN_1701783	DCT
ILMN_1701789	IFIT3
ILMN_1701832	RPL19
ILMN_1701852	ZNF44
ILMN_1701854	GNG5
ILMN_1701855	PPP1CC
ILMN_1701869	FBXO22
ILMN_1701873	C9orf50
ILMN_1701875	ZYX
ILMN_1701877	AXL
ILMN_1701906	CD300C
ILMN_1701911	C5orf20
ILMN_1701918	KLHDC9
ILMN_1701930	EEF1B2
ILMN_1701937	COL18A1
ILMN_1701940	FAM73B
ILMN_1701947	GPR34
ILMN_1701958	DLG1
ILMN_1701967	SHC1
ILMN_1701991	SYNJ1
ILMN_1701998	AFAP1
ILMN_1702009	SV2A
ILMN_1702044	CNTROB
ILMN_1702056	C1orf2
ILMN_1702065	MFSD5
ILMN_1702105	EFS
ILMN_1702124	LNX2
ILMN_1702125	HOXB7
ILMN_1702171	LPCAT1
ILMN_1702175	ST7
ILMN_1702177	GLO1
ILMN_1702197	C9orf140
ILMN_1702205	PCDHA5
ILMN_1702211	TGIF1
ILMN_1702218	POLI
ILMN_1702226	C21orf34
ILMN_1702229	CECR6
ILMN_1702231	C1orf54
ILMN_1702237	FKBP1A
ILMN_1702241	FLJ45445
ILMN_1702244	TMEM68
ILMN_1702247	CCNDBP1
ILMN_1702255	KCNT1
ILMN_1702265	HDHD2
ILMN_1702296	CARTPT
ILMN_1702301	DOCK10
ILMN_1702305	NCAM1
ILMN_1702310	LGR5
ILMN_1702322	ALS2CL
ILMN_1702329	DRP2
ILMN_1702363	SULF1
ILMN_1702383	CNGB1
ILMN_1702384	ZNF706
ILMN_1702389	ZC3H3
ILMN_1702396	PACSIN2
ILMN_1702407	SPIN1
ILMN_1702419	SLC35D3
ILMN_1702443	DNMBP
ILMN_1702447	IGF2BP2
ILMN_1702487	SGK
ILMN_1702501	RPS6KA2
ILMN_1702503	ALDH3A1
ILMN_1702517	CDON
ILMN_1702526	C17orf48
ILMN_1702534	CD244
ILMN_1702568	FAM125B
ILMN_1702592	WDR73
ILMN_1702604	KCNA3
ILMN_1702609	B3GNT5
ILMN_1702633	RETSAT
ILMN_1702636	TUBB6
ILMN_1702657	ETV3L
ILMN_1702676	C17orf68
ILMN_1702683	SLC33A1
ILMN_1702684	MTRR
ILMN_1702691	TNFAIP3
ILMN_1702696	AFAR3
ILMN_1702698	LSM11
ILMN_1702708	PPP2R3A
ILMN_1702723	STK24
ILMN_1702740	IGFN1
ILMN_1702760	PGM5P2
ILMN_1702763	ZMYM1
ILMN_1702787	SEMA4A
ILMN_1702789	KNDC1
ILMN_1702806	PDCL3
ILMN_1702821	TTLL7
ILMN_1702822	NTRK2
ILMN_1702830	TAS2R45
ILMN_1702837	PSMD1
ILMN_1702858	ADHFE1
ILMN_1702861	SGCD
ILMN_1702866	FLJ22639
ILMN_1702899	PLEKHA7
ILMN_1702911	PKIG
ILMN_1702928	FBXO9
ILMN_1702933	ADM2
ILMN_1702970	NLRP6
ILMN_1702972	GJA5
ILMN_1703006	MTCH1
ILMN_1703009	FAM20C
ILMN_1703013	NOC4L
ILMN_1703015	ZRANB2
ILMN_1703036	WRNIP1
ILMN_1703041	IDUA
ILMN_1703049	AKAP7
ILMN_1703053	ZFP91
ILMN_1703072	CREB3
ILMN_1703074	CPD
ILMN_1703075	PYY
ILMN_1703079	NFS1
ILMN_1703092	RECQL4
ILMN_1703108	UBE2L6
ILMN_1703110	KCNE4
ILMN_1703123	AXUD1
ILMN_1703132	LYRM2
ILMN_1703140	NEDD4
ILMN_1703142	March 2
ILMN_1703153	N-PAC
ILMN_1703158	SFI1
ILMN_1703178	SCG2
ILMN_1703180	ETV3
ILMN_1703196	PRKD3
ILMN_1703222	FRS2
ILMN_1703226	KTI12
ILMN_1703228	AGFG2
ILMN_1703244	MAP1LC3B
ILMN_1703246	SBF1
ILMN_1703263	SP140
ILMN_1703273	UACA
ILMN_1703284	SPIRE2
ILMN_1703305	TWF2
ILMN_1703314	KLHL36
ILMN_1703330	FEM1C
ILMN_1703335	LACTB
ILMN_1703370	ZDHHC12
ILMN_1703374	NAV1
ILMN_1703379	VPS41
ILMN_1703408	FZD3
ILMN_1703411	PARP3
ILMN_1703412	LATS2
ILMN_1703427	SON
ILMN_1703430	FLJ10374
ILMN_1703433	PLSCR3
ILMN_1703435	ZNF658
ILMN_1703441	ZNF593
ILMN_1703459	WNT9B
ILMN_1703471	ATF6
ILMN_1703474	POLK
ILMN_1703477	ARHGEF2
ILMN_1703507	HISPPD2A
ILMN_1703524	SRP68
ILMN_1703531	S1PR3
ILMN_1703538	AIF1
ILMN_1703558	FHL3
ILMN_1703564	DYNLRB1
ILMN_1703565	GLTSCR2
ILMN_1703573	DNAJC17
ILMN_1703593	BAIAP2L1
ILMN_1703617	AHSA1
ILMN_1703622	PPIB
ILMN_1703635	EEF1D
ILMN_1703650	TNIP1
ILMN_1703683	COG4
ILMN_1703686	BRF1
ILMN_1703688	RASA2
ILMN_1703695	C19orf12
ILMN_1703708	KRTAP5-10
ILMN_1703718	CCT7
ILMN_1703743	AATF
ILMN_1703754	CEP192
ILMN_1703787	ATP4B
ILMN_1703791	ANXA7
ILMN_1703839	C20orf186
ILMN_1703843	RAPH1
ILMN_1703852	EFNB2
ILMN_1703864	SFTA2
ILMN_1703866	SUPT5H
ILMN_1703886	SLC16A2
ILMN_1703891	TBC1D9
ILMN_1703906	HJURP
ILMN_1703916	MKKS
ILMN_1703926	PTGER2
ILMN_1703949	KPNB1
ILMN_1703955	FBXO32
ILMN_1703969	KIAA0251
ILMN_1703989	ARFRP1
ILMN_1704015	SYNGAP1
ILMN_1704019	OGFOD2
ILMN_1704024	TMEM160
ILMN_1704045	DEAF1
ILMN_1704055	HSPC111
ILMN_1704063	KCNH3
ILMN_1704079	RBM38
ILMN_1704091	DGAT1
ILMN_1704101	HSF4
ILMN_1704139	DHRSX
ILMN_1704154	TNFRSF19
ILMN_1704163	SULT1E1
ILMN_1704164	ATP13A2
ILMN_1704195	FUK
ILMN_1704196	DSG2
ILMN_1704206	NPSR1
ILMN_1704236	MAX
ILMN_1704238	C14orf126
ILMN_1704247	LAMA3
ILMN_1704253	C6orf106
ILMN_1704261	RANGRF
ILMN_1704286	FXYD5
ILMN_1704290	SPTLC2
ILMN_1704294	CDH3
ILMN_1704305	NIP7
ILMN_1704313	GSTCD
ILMN_1704335	FXR1
ILMN_1704351	WDR25
ILMN_1704353	IGSF3
ILMN_1704354	NCDN
ILMN_1704362	ZNF174
ILMN_1704369	LIMA1
ILMN_1704376	GLDN
ILMN_1704383	TRIM37
ILMN_1704398	FZD9
ILMN_1704404	PSMD13
ILMN_1704418	FOXD1
ILMN_1704424	PLA2R1
ILMN_1704446	SLC6A10P
ILMN_1704452	BCL9
ILMN_1704464	GPR20
ILMN_1704472	EID2
ILMN_1704476	CCDC153
ILMN_1704477	COX5A
ILMN_1704500	STAP2
ILMN_1704529	PPIA
ILMN_1704537	PHGDH
ILMN_1704550	AZIN1
ILMN_1704557	RPS6KB1
ILMN_1704619	VPS29
ILMN_1704629	SLC1A7
ILMN_1704637	C4orf23
ILMN_1704656	PPP2R1B
ILMN_1704665	GPM6B
ILMN_1704672	OBFC2B
ILMN_1704702	MCM7
ILMN_1704704	LOC344405
ILMN_1704713	CSNK1G1
ILMN_1704730	CD93
ILMN_1704753	EPAS1
ILMN_1704793	LOC339344
ILMN_1704795	MARK3
ILMN_1704842	ARL4A
ILMN_1704861	MYO1A
ILMN_1704876	USP38
ILMN_1704941	PPCDC
ILMN_1704943	ATPBD1C
ILMN_1704972	TRIM5
ILMN_1704973	SARDH
ILMN_1704980	PRNPIP
ILMN_1704985	CYP27A1
ILMN_1705032	SEH1L
ILMN_1705047	TLR8
ILMN_1705064	NDEL1
ILMN_1705066	BTBD11
ILMN_1705093	ORC5L
ILMN_1705107	SDCBP2
ILMN_1705111	FNDC3A
ILMN_1705116	C6orf85
ILMN_1705141	CACYBP
ILMN_1705144	ULK1
ILMN_1705151	SF3A3
ILMN_1705153	NEFH
ILMN_1705201	FOXC2
ILMN_1705210	GRASP
ILMN_1705213	TMBIM1
ILMN_1705218	TRAPPC2
ILMN_1705224	TMEM110
ILMN_1705225	PRTG
ILMN_1705231	SLCO2A1
ILMN_1705241	TDRD7
ILMN_1705247	ACSL5
ILMN_1705250	ADAMTSL1
ILMN_1705253	PTPRD
ILMN_1705258	CPZ
ILMN_1705261	CAPN1
ILMN_1705266	RELA
ILMN_1705297	MYBPH
ILMN_1705301	TEAD4
ILMN_1705302	FCGRT
ILMN_1705310	VEZF1
ILMN_1705324	HRNBP3
ILMN_1705331	ZNHIT3
ILMN_1705364	BAT3
ILMN_1705384	PPFIBP1
ILMN_1705390	KLHL22
ILMN_1705392	SMAD1
ILMN_1705396	PIK3CA
ILMN_1705397	PDK2
ILMN_1705403	CYP2S1
ILMN_1705414	C17orf81
ILMN_1705442	CMTM3
ILMN_1705447	AFG3L1
ILMN_1705464	MRPL41
ILMN_1705468	PIK3CA
ILMN_1705477	CAMK1D
ILMN_1705515	UPF3A
ILMN_1705522	SPAG1
ILMN_1705546	POU5F1
ILMN_1705562	KIAA0802
ILMN_1705570	H2AFY2
ILMN_1705594	NAT10
ILMN_1705617	CFL1
ILMN_1705627	USP2
ILMN_1705637	ACR
ILMN_1705663	DMXL2
ILMN_1705674	SULT2B1
ILMN_1705682	LEPREL2
ILMN_1705686	NRGN
ILMN_1705711	COPS8
ILMN_1705733	KIAA0460
ILMN_1705737	IMPDH2
ILMN_1705743	FLJ10357
ILMN_1705746	LSG1
ILMN_1705750	TGM2
ILMN_1705774	TIGD5
ILMN_1705783	NXF1
ILMN_1705814	KRT80
ILMN_1705828	RICTOR
ILMN_1705834	TTBK2
ILMN_1705848	FAM104B
ILMN_1705849	SPR
ILMN_1705861	AP1M2
ILMN_1705892	SH2D1A
ILMN_1705907	NUP153
ILMN_1705922	BAIAP2
ILMN_1705928	ASCC3L1
ILMN_1705953	LONRF1
ILMN_1705985	PIGA
ILMN_1705986	MAFK
ILMN_1706005	GALT
ILMN_1706015	FAM43A
ILMN_1706021	TMPRSS4
ILMN_1706031	KANK1
ILMN_1706051	PLD5
ILMN_1706057	CS
ILMN_1706070	GLS2
ILMN_1706075	SF3B1
ILMN_1706077	DEFB125
ILMN_1706094	HECTD1
ILMN_1706100	DICER1
ILMN_1706118	HN1L
ILMN_1706149	PDCD2L
ILMN_1706154	ICK
ILMN_1706186	C12orf53
ILMN_1706200	MED15
ILMN_1706203	SOBP
ILMN_1706207	KCNJ14
ILMN_1706217	TLR4
ILMN_1706238	CSE1L
ILMN_1706246	CCT5
ILMN_1706266	RNF157
ILMN_1706273	HCCA2
ILMN_1706301	RET
ILMN_1706304	EIF2C4
ILMN_1706305	C14orf112
ILMN_1706326	MRPL33
ILMN_1706342	ZNF746
ILMN_1706344	ABHD6
ILMN_1706345	TCTN2
ILMN_1706357	RFX2
ILMN_1706376	OSBP
ILMN_1706390	UGT1A6
ILMN_1706397	CHMP6
ILMN_1706406	ATP9A
ILMN_1706410	HUS1B
ILMN_1706413	C1orf66
ILMN_1706426	DSTN
ILMN_1706440	MDK
ILMN_1706455	TTC5
ILMN_1706478	HOXA7
ILMN_1706497	P2RX2
ILMN_1706498	DSE
ILMN_1706502	EIF2AK2
ILMN_1706505	COL5A1
ILMN_1706511	TEF
ILMN_1706519	LAMC2
ILMN_1706521	CSNK1G2
ILMN_1706523	FCGR2A
ILMN_1706531	ABCC5
ILMN_1706539	JMJD1B
ILMN_1706546	MAX
ILMN_1706548	SPTBN4
ILMN_1706553	SMG7
ILMN_1706558	FLJ20628
ILMN_1706571	SLC35D2
ILMN_1706579	SHBG
ILMN_1706582	APOL2
ILMN_1706583	DLAT
ILMN_1706590	MLLT1
ILMN_1706593	PPHLN1
ILMN_1706610	PLEKHA9
ILMN_1706612	WFDC2
ILMN_1706635	ELA2
ILMN_1706643	COL6A3
ILMN_1706644	BDNF
ILMN_1706645	C6orf150
ILMN_1706652	OGG1
ILMN_1706660	HYI
ILMN_1706664	FAM80A
ILMN_1706677	MAPK1
ILMN_1706690	KHK
ILMN_1706691	CCDC87
ILMN_1706699	FLJ23584
ILMN_1706722	CD200
ILMN_1706734	ZNF451
ILMN_1706764	GOLPH3L
ILMN_1706779	LIG1
ILMN_1706783	TAGLN
ILMN_1706784	H2AFV
ILMN_1706805	TRPM5
ILMN_1706813	SLC6A14
ILMN_1706817	SERP1
ILMN_1706818	THADA
ILMN_1706825	PKN2
ILMN_1706839	TCERG1
ILMN_1706845	OPHN1
ILMN_1706859	C22orf32
ILMN_1706873	RPL34
ILMN_1706893	C4orf42
ILMN_1706935	CCDC136
ILMN_1706958	PCNA
ILMN_1706959	TIMM22
ILMN_1706960	KIAA1217
ILMN_1706963	ADAR
ILMN_1706969	C6orf65
ILMN_1706990	ZNF271
ILMN_1707002	TMLHE
ILMN_1707005	TCF7
ILMN_1707051	NFATC1
ILMN_1707062	REV1
ILMN_1707065	SALL3
ILMN_1707070	PCOLCE
ILMN_1707077	SORT1
ILMN_1707084	UBE2D4
ILMN_1707088	DENND2D
ILMN_1707124	TFPI
ILMN_1707137	C17orf97
ILMN_1707156	LRRFIP2
ILMN_1707169	AGMAT
ILMN_1707175	NSD1
ILMN_1707199	WDR20
ILMN_1707232	EBF3
ILMN_1707244	NBPF3
ILMN_1707257	HIST1H3J
ILMN_1707277	CCDC144A
ILMN_1707286	FLJ22662
ILMN_1707308	IKBKG
ILMN_1707310	MGLL
ILMN_1707312	NFIL3
ILMN_1707323	PDZRN4
ILMN_1707326	TASP1
ILMN_1707336	ARPC4
ILMN_1707350	TUSC1
ILMN_1707356	CFL2
ILMN_1707448	CRKRS
ILMN_1707467	CLCN3
ILMN_1707475	UBE2E2
ILMN_1707484	GEMIN6
ILMN_1707503	C1orf144
ILMN_1707506	YTHDC1
ILMN_1707513	PGPEP1
ILMN_1707534	NKRF
ILMN_1707585	SLC46A2
ILMN_1707591	TNIP3
ILMN_1707596	ZNF37A
ILMN_1707600	WDTC1
ILMN_1707631	MED10
ILMN_1707634	CMC1
ILMN_1707649	MPDZ
ILMN_1707695	IFIT1
ILMN_1707720	SLC1A5
ILMN_1707727	ANGPTL4
ILMN_1707748	PIM3
ILMN_1707763	ST7
ILMN_1707783	CCDC72
ILMN_1707791	TAZ
ILMN_1707807	RNF128
ILMN_1707810	RPS5
ILMN_1707858	H2AFZ
ILMN_1707872	RUFY2
ILMN_1707901	DHRS7B
ILMN_1707943	C19orf39
ILMN_1707945	HELB
ILMN_1707958	AES
ILMN_1707968	NBEAL1
ILMN_1707975	SERPIND1
ILMN_1708006	MICB
ILMN_1708009	LANCL2
ILMN_1708016	C20orf108
ILMN_1708025	RBPMS
ILMN_1708029	C9orf127
ILMN_1708041	PLEKHF1
ILMN_1708059	USP13
ILMN_1708064	MAP4
ILMN_1708077	DAXX
ILMN_1708081	LYCAT
ILMN_1708093	ARHGEF5
ILMN_1708095	PANK2
ILMN_1708098	LIX1L
ILMN_1708101	LMNB2
ILMN_1708103	GAN
ILMN_1708105	EZH2
ILMN_1708107	DPT
ILMN_1708110	TMEM144
ILMN_1708130	EHF
ILMN_1708131	BHLHB9
ILMN_1708132	NUP50
ILMN_1708143	FAM127A
ILMN_1708147	TBPL1
ILMN_1708151	LAGE3
ILMN_1708159	PRKCABP
ILMN_1708160	KPNA2
ILMN_1708164	EIF3A
ILMN_1708167	CDCP1
ILMN_1708203	OTUD4
ILMN_1708204	COPG
ILMN_1708223	PAK6
ILMN_1708248	LILRB1
ILMN_1708249	NR1D1
ILMN_1708267	CLDN15
ILMN_1708328	RAB11FIP3
ILMN_1708337	NOXO1
ILMN_1708340	DAPK1
ILMN_1708345	DNTTIP2
ILMN_1708348	ADAM8
ILMN_1708363	LOXL1
ILMN_1708369	EPS15L1
ILMN_1708375	IRF1
ILMN_1708382	TMEM103
ILMN_1708414	GNL3L
ILMN_1708432	PLCB1
ILMN_1708451	DSCR5
ILMN_1708482	TMEM80
ILMN_1708486	CNN2
ILMN_1708496	BRSK2
ILMN_1708502	AFF4
ILMN_1708513	BNIPL
ILMN_1708516	PRTFDC1
ILMN_1708534	PAX8
ILMN_1708537	RBPJ
ILMN_1708580	PDZK1IP1
ILMN_1708588	ADCY5
ILMN_1708615	TNXB
ILMN_1708619	SEH1L
ILMN_1708632	ZNF771
ILMN_1708714	C1orf215
ILMN_1708728	H2AFJ
ILMN_1708743	NT5DC2
ILMN_1708778	ASS1
ILMN_1708782	MFAP3
ILMN_1708798	EAF2
ILMN_1708805	NCOA3
ILMN_1708841	GOLPH3
ILMN_1708858	CSNK1E
ILMN_1708881	RAB20
ILMN_1708890	RASSF4
ILMN_1708891	SCFD2
ILMN_1708900	TMEM161A
ILMN_1708906	C2orf29
ILMN_1708907	MEIG1
ILMN_1708916	PDZD4
ILMN_1708922	ABL1
ILMN_1708934	ADM
ILMN_1708936	EXOSC3
ILMN_1708941	FLJ44112
ILMN_1708946	VPS4A
ILMN_1708950	ASPHD1
ILMN_1708954	NOLA1
ILMN_1708959	MFN1
ILMN_1708987	HSD11B1L
ILMN_1708991	CCNY
ILMN_1709024	C15orf51
ILMN_1709026	C6orf145
ILMN_1709039	RPL13
ILMN_1709042	RBM4
ILMN_1709043	C9orf46
ILMN_1709044	TGIF2
ILMN_1709050	C11orf63
ILMN_1709056	FBXW8
ILMN_1709085	GSG2
ILMN_1709094	LIFR
ILMN_1709112	CHM
ILMN_1709114	MAP3K7IP1
ILMN_1709124	ANO8
ILMN_1709132	ELP2
ILMN_1709153	PRR16
ILMN_1709167	ADRA1A
ILMN_1709194	GPR155
ILMN_1709227	CCDC84
ILMN_1709233	F5
ILMN_1709237	EPHX2
ILMN_1709247	PPP2R1B
ILMN_1709257	DSCR6
ILMN_1709265	RNF170
ILMN_1709294	CDCA8
ILMN_1709333	OAS2
ILMN_1709334	TM9SF1
ILMN_1709346	CLTB
ILMN_1709367	FAM186B
ILMN_1709396	PDCD10
ILMN_1709399	SLC25A34
ILMN_1709439	CHMP1A
ILMN_1709451	TFPT
ILMN_1709471	CNTN4
ILMN_1709474	ALMS1
ILMN_1709479	YAP1
ILMN_1709483	MRE11A
ILMN_1709484	BLM
ILMN_1709486	SRPX
ILMN_1709541	ATP2A1
ILMN_1709549	PLEKHM1
ILMN_1709584	PRDX2
ILMN_1709590	PGM5
ILMN_1709605	MANEAL
ILMN_1709611	PSMA1
ILMN_1709623	MAPK7
ILMN_1709630	CCDC107
ILMN_1709634	CMBL
ILMN_1709635	SLC38A11
ILMN_1709674	GFPT2
ILMN_1709681	GABRB3
ILMN_1709683	RASSF2
ILMN_1709717	LRRC15
ILMN_1709728	SLC30A5
ILMN_1709734	BMP4
ILMN_1709740	TXNDC16
ILMN_1709747	ENDOGL1
ILMN_1709750	SUSD1
ILMN_1709772	SNX5
ILMN_1709775	CS
ILMN_1709795	RAC2
ILMN_1709796	AGXT
ILMN_1709800	POMZP3
ILMN_1709809	NHP2L1
ILMN_1709814	NMRAL1
ILMN_1709817	SLC35A5
ILMN_1709820	AOAH
ILMN_1709825	WDR89
ILMN_1709847	KCNJ13
ILMN_1709851	TCEA1
ILMN_1709860	UNC45A
ILMN_1709894	CLPX
ILMN_1709937	KCNN4
ILMN_1709953	DONSON
ILMN_1709975	EDA
ILMN_1710000	PEX11G
ILMN_1710017	CD79B
ILMN_1710052	CPT1A
ILMN_1710064	RDHE2
ILMN_1710070	PCSK6
ILMN_1710092	ZBTB46
ILMN_1710124	CMTM8
ILMN_1710136	HDHD1A
ILMN_1710150	EED
ILMN_1710170	PPAP2C
ILMN_1710207	C10orf6
ILMN_1710209	FLJ20160
ILMN_1710216	AVEN
ILMN_1710221	GPR35
ILMN_1710268	ZNF385D
ILMN_1710284	HES1
ILMN_1710303	TTC25
ILMN_1710315	NOS1AP
ILMN_1710326	CLDND1
ILMN_1710406	PSMC1
ILMN_1710408	LGR4
ILMN_1710427	VPS37B
ILMN_1710428	CDC2
ILMN_1710434	TBC1D10C
ILMN_1710479	RGMB
ILMN_1710495	PAPLN
ILMN_1710514	BCL3
ILMN_1710522	RUNX1T1
ILMN_1710523	ATP8B1
ILMN_1710524	PARD3
ILMN_1710543	SLC39A3
ILMN_1710544	PCDH7
ILMN_1710553	TMEM151A
ILMN_1710571	PAPD5
ILMN_1710598	SKI
ILMN_1710600	L3MBTL2
ILMN_1710619	C17orf73
ILMN_1710622	DUOXA1
ILMN_1710644	MARVELD3
ILMN_1710668	LETM1
ILMN_1710682	SUOX
ILMN_1710697	BUD31
ILMN_1710710	DEDD
ILMN_1710723	ROBO1
ILMN_1710726	APOBEC3F
ILMN_1710734	GZMK
ILMN_1710735	ZNF451
ILMN_1710738	RC3H2
ILMN_1710740	C2
ILMN_1710752	NAPRT1
ILMN_1710756	ENO1
ILMN_1710758	RNF20
ILMN_1710815	FBLN1
ILMN_1710863	GATAD1
ILMN_1710899	TSPAN18
ILMN_1710903	MAPT
ILMN_1710937	IFI16
ILMN_1710962	TMEM97
ILMN_1710979	ANKRD39
ILMN_1710985	GLIS2
ILMN_1711005	CDC25A
ILMN_1711009	ISLR
ILMN_1711023	CDK5RAP1
ILMN_1711030	OPLAH
ILMN_1711048	ZBTB17
ILMN_1711049	CACNA2D2
ILMN_1711053	BBS5
ILMN_1711062	MMP19
ILMN_1711069	YPEL5
ILMN_1711091	TSC22D1
ILMN_1711092	KCNB1
ILMN_1711102	B3GNT2
ILMN_1711109	TOM1L2
ILMN_1711120	ARC
ILMN_1711124	MARVELD2
ILMN_1711157	NOTCH4
ILMN_1711166	WDR8
ILMN_1711171	CREB3L4
ILMN_1711174	SPRR1B
ILMN_1711189	EXOSC10
ILMN_1711199	ZNF331
ILMN_1711203	C6orf15
ILMN_1711208	CELSR2
ILMN_1711227	GMDS
ILMN_1711247	TRIM24
ILMN_1711254	WDR3
ILMN_1711270	SFRS14
ILMN_1711272	SERPING1
ILMN_1711275	SLC5A5
ILMN_1711283	PCDHGA9
ILMN_1711289	GYS1
ILMN_1711314	NUDT5
ILMN_1711327	TRIM37
ILMN_1711346	EGFLAM
ILMN_1711361	ZNF319
ILMN_1711368	TRAPPC9
ILMN_1711374	ADAM11
ILMN_1711381	RFC3
ILMN_1711383	STK4
ILMN_1711408	ANXA4
ILMN_1711422	PLEKHN1
ILMN_1711439	EMILIN1
ILMN_1711451	SLC7A2
ILMN_1711452	UEVLD
ILMN_1711459	CCNDBP1
ILMN_1711470	UBE2T
ILMN_1711473	CCDC78
ILMN_1711490	ARHGAP26
ILMN_1711491	SYNPO
ILMN_1711493	PRAM1
ILMN_1711516	ATP6V1A
ILMN_1711543	C14orf169
ILMN_1711566	TIMP1
ILMN_1711573	CD96
ILMN_1711585	KCMF1
ILMN_1711596	PQBP1
ILMN_1711606	PRDX5
ILMN_1711608	SSBP2
ILMN_1711617	GMFG
ILMN_1711642	GSTZ1
ILMN_1711702	CLEC2D
ILMN_1711703	C16orf70
ILMN_1711725	MGC50722
ILMN_1711748	PLTP
ILMN_1711765	PSMD4
ILMN_1711766	SKP1A
ILMN_1711786	NFE2
ILMN_1711787	KEAP1
ILMN_1711799	C9orf40
ILMN_1711810	PNKD
ILMN_1711818	PIWIL2
ILMN_1711823	C17orf70
ILMN_1711838	SLC25A24
ILMN_1711853	MED24
ILMN_1711878	ENOPH1
ILMN_1711886	ALG3
ILMN_1711888	COBL
ILMN_1711894	MYB
ILMN_1711899	ANXA2
ILMN_1711904	MXD3
ILMN_1711909	EDEM2
ILMN_1711919	SCYL2
ILMN_1711928	FLJ20920
ILMN_1711986	MAP1LC3A
ILMN_1711988	KCNK12
ILMN_1711994	TCIRG1
ILMN_1712019	ANKRD17
ILMN_1712023	SLC8A3
ILMN_1712026	NLRP3
ILMN_1712027	RSBN1L
ILMN_1712035	TMEM115
ILMN_1712040	FARP1
ILMN_1712046	CPXM1
ILMN_1712051	ZSCAN2
ILMN_1712065	FAM19A5
ILMN_1712066	EXPH5
ILMN_1712067	CCDC135
ILMN_1712075	SYNM
ILMN_1712082	GCNT3
ILMN_1712088	CLYBL
ILMN_1712095	FOXO4
ILMN_1712112	RCAN1
ILMN_1712122	FANCD2
ILMN_1712159	AVPR1A
ILMN_1712161	BCOR
ILMN_1712184	HIST1H3C
ILMN_1712197	KCNMB3
ILMN_1712231	SH3YL1
ILMN_1712257	PPP2R3B
ILMN_1712283	WNT10B
ILMN_1712291	MICALL2
ILMN_1712298	ANKRD46
ILMN_1712312	RAB11A
ILMN_1712320	DDX50
ILMN_1712352	DOCK3
ILMN_1712360	WISP3
ILMN_1712375	NCAPH2
ILMN_1712389	CKLF
ILMN_1712390	CUTA
ILMN_1712400	SERPINB6
ILMN_1712419	DCDC2
ILMN_1712430	ATP5G1
ILMN_1712431	FAM113B
ILMN_1712432	PSMD2
ILMN_1712452	KIF20B
ILMN_1712455	RBM4
ILMN_1712456	DKFZp434I1020
ILMN_1712469	GOLGA8A
ILMN_1712475	HS3ST2
ILMN_1712487	LGTN
ILMN_1712505	KDELC1
ILMN_1712506	DPP6
ILMN_1712513	DDX11
ILMN_1712517	ZNF696
ILMN_1712522	CEACAM6
ILMN_1712530	AKAP1
ILMN_1712532	CARD9
ILMN_1712537	NODAL
ILMN_1712545	S100A3
ILMN_1712556	ZW10
ILMN_1712560	SF1
ILMN_1712583	METRN
ILMN_1712605	ZNF829
ILMN_1712608	BFSP1
ILMN_1712616	C6orf81
ILMN_1712620	HYAL1
ILMN_1712628	GTF2IRD1
ILMN_1712632	XDH
ILMN_1712636	NVL
ILMN_1712657	FALZ
ILMN_1712660	PDZD7
ILMN_1712684	FAM20C
ILMN_1712687	PAK2
ILMN_1712705	RAB40C
ILMN_1712707	ABHD8
ILMN_1712708	TRIM47
ILMN_1712718	BPNT1
ILMN_1712721	GAST
ILMN_1712751	HADHA
ILMN_1712754	NFKBIB
ILMN_1712755	LRRC41
ILMN_1712766	ERGIC2
ILMN_1712786	AHCYL2
ILMN_1712798	ZNF608
ILMN_1712803	CCNB1
ILMN_1712806	AP1S1
ILMN_1712836	C6orf27
ILMN_1712887	SLC10A3
ILMN_1712888	HSPH1
ILMN_1712913	UNC5A
ILMN_1712914	SEMA6B
ILMN_1712918	NQO2
ILMN_1712929	DNAJB12
ILMN_1712936	C21orf66
ILMN_1712944	AES
ILMN_1712959	DUSP2
ILMN_1712975	YIF1A
ILMN_1713006	CDC34
ILMN_1713037	PFKL
ILMN_1713058	PSTPIP2
ILMN_1713086	RPL27A
ILMN_1713088	MSI2
ILMN_1713124	AKR1C3
ILMN_1713147	MCRS1
ILMN_1713156	MSL3L1
ILMN_1713178	FAM116A
ILMN_1713189	C12orf41
ILMN_1713235	MGC12965
ILMN_1713247	FSCN2
ILMN_1713249	PHF19
ILMN_1713266	FAM46C
ILMN_1713290	GLT8D1
ILMN_1713301	DGCR2
ILMN_1713321	CYP20A1
ILMN_1713369	RPL13A
ILMN_1713380	EIF2B2
ILMN_1713387	PHYHIP
ILMN_1713397	LOC342897
ILMN_1713402	FAM160A2
ILMN_1713449	TBX3
ILMN_1713450	MYL6B
ILMN_1713454	ZNF671
ILMN_1713458	HBZ
ILMN_1713462	AQP8
ILMN_1713482	CWC15
ILMN_1713486	RNF25
ILMN_1713491	VAMP2
ILMN_1713496	ST3GAL5
ILMN_1713499	WISP1
ILMN_1713505	NPC1
ILMN_1713521	ZNF205
ILMN_1713523	KLHDC6
ILMN_1713542	TRIM14
ILMN_1713550	LGR6
ILMN_1713561	C20orf103
ILMN_1713613	PIAS2
ILMN_1713630	ATM
ILMN_1713636	S100A6
ILMN_1713679	MREG
ILMN_1713686	IL34
ILMN_1713688	DHX32
ILMN_1713706	ZNF786
ILMN_1713732	ABL1
ILMN_1713749	CORO1A
ILMN_1713751	ADAM19
ILMN_1713752	SERINC3
ILMN_1713753	PGDS
ILMN_1713756	GLUD1
ILMN_1713759	UBE2J1
ILMN_1713803	C17orf97
ILMN_1713807	MAN1C1
ILMN_1713823	KGFLP1
ILMN_1713829	PTGES
ILMN_1713835	C9orf165
ILMN_1713840	HYAL2
ILMN_1713875	NME1
ILMN_1713884	C16orf42
ILMN_1713901	KDELR3
ILMN_1713927	AMTN
ILMN_1713934	LITAF
ILMN_1713935	C3orf33
ILMN_1713952	C1orf106
ILMN_1713966	MRPL52
ILMN_1713978	SDF2
ILMN_1713985	MAF1
ILMN_1713990	TRIP6
ILMN_1713993	UBAC2
ILMN_1713995	SCNN1A
ILMN_1714041	PLCB3
ILMN_1714067	NTRK2
ILMN_1714087	DGKH
ILMN_1714093	RMND5A
ILMN_1714118	CD164L2
ILMN_1714148	C9orf90
ILMN_1714159	LUZP1
ILMN_1714165	ST3GAL2
ILMN_1714167	CYB5A
ILMN_1714170	SPSB1
ILMN_1714181	MEGF8
ILMN_1714197	ACSS2
ILMN_1714216	TSC2
ILMN_1714228	SPTBN1
ILMN_1714252	SLC16A13
ILMN_1714274	ZNF274
ILMN_1714278	C9orf30
ILMN_1714296	DNAH2
ILMN_1714327	SETD1A
ILMN_1714335	RDH10
ILMN_1714349	GLCE
ILMN_1714352	DMWD
ILMN_1714364	PTK2
ILMN_1714372	ITSN2
ILMN_1714383	TPD52L1
ILMN_1714384	PCCA
ILMN_1714386	CCNB1IP1
ILMN_1714393	RAB24
ILMN_1714397	CRYL1
ILMN_1714401	SNX27
ILMN_1714402	ZCCHC2
ILMN_1714417	PSEN2
ILMN_1714418	FAM101B
ILMN_1714424	PTCD3
ILMN_1714433	MARCKSL1
ILMN_1714438	MUTYH
ILMN_1714445	SLC6A9
ILMN_1714461	RNF14
ILMN_1714473	ZNF436
ILMN_1714478	GAL3ST2
ILMN_1714489	CIB2
ILMN_1714515	MRPS12
ILMN_1714522	CLMN
ILMN_1714523	HEPH
ILMN_1714527	VAMP3
ILMN_1714563	DNAJC21
ILMN_1714567	AHNAK
ILMN_1714569	PCTK1
ILMN_1714592	CDA
ILMN_1714602	CD86
ILMN_1714622	TNRC6A
ILMN_1714623	TOMM22
ILMN_1714650	RASGRP4
ILMN_1714700	TRIB2
ILMN_1714709	OLFM1
ILMN_1714710	CCDC120
ILMN_1714738	SCMH1
ILMN_1714756	YIPF5
ILMN_1714759	CNIH4
ILMN_1714805	ZC3H14
ILMN_1714809	RPIA
ILMN_1714820	ITGB1
ILMN_1714858	PCDHGC4
ILMN_1714859	TCIRG1
ILMN_1714880	LIMS3
ILMN_1714896	SART3
ILMN_1714936	CCDC142
ILMN_1714952	ZNF703
ILMN_1714956	PLA2G12A
ILMN_1714965	NFKB1
ILMN_1714990	DBT
ILMN_1715013	ERMAP
ILMN_1715024	LSS
ILMN_1715065	ZNF580
ILMN_1715068	AQP9
ILMN_1715096	C6orf168
ILMN_1715113	HARS2
ILMN_1715125	HAAO
ILMN_1715131	CCR7
ILMN_1715133	IVNS1ABP
ILMN_1715169	HLA-DRB1
ILMN_1715173	RPS6KA1
ILMN_1715175	MET
ILMN_1715179	SNRPA1
ILMN_1715181	ARRDC2
ILMN_1715189	LHX6
ILMN_1715214	PTPN7
ILMN_1715255	MAGI2
ILMN_1715273	PICALM
ILMN_1715324	HSD17B8
ILMN_1715332	TTC21A
ILMN_1715372	CAMKK1
ILMN_1715384	B3GNT6
ILMN_1715392	PRPF3
ILMN_1715401	MT1G
ILMN_1715416	NUP188
ILMN_1715417	SELP
ILMN_1715437	CASC5
ILMN_1715452	FREM1
ILMN_1715458	PCDH10
ILMN_1715463	SOSTDC1
ILMN_1715482	ULK2
ILMN_1715496	HTR2A
ILMN_1715500	SS18L1
ILMN_1715508	NNMT
ILMN_1715526	ZDHHC21
ILMN_1715532	AKAP12
ILMN_1715540	TRAIP
ILMN_1715543	ACOT1
ILMN_1715555	DBP
ILMN_1715569	CCDC53
ILMN_1715574	ZC3H11A
ILMN_1715583	BOP1
ILMN_1715584	SOCS5
ILMN_1715603	IL23A
ILMN_1715607	CHMP4A
ILMN_1715613	TAOK2
ILMN_1715616	PPIL5
ILMN_1715625	C20orf94
ILMN_1715636	EIF3B
ILMN_1715647	VANGL2
ILMN_1715661	TFAM
ILMN_1715662	CCDC80
ILMN_1715668	SLC39A4
ILMN_1715669	TP53I11
ILMN_1715672	HPCAL1
ILMN_1715674	ITPK1
ILMN_1715680	NEIL2
ILMN_1715684	LAMB3
ILMN_1715698	MGC71993
ILMN_1715703	DALRD3
ILMN_1715705	SSNA1
ILMN_1715715	CEBPA
ILMN_1715718	ZNF784
ILMN_1715748	FLNC
ILMN_1715760	LGALS9
ILMN_1715788	MMRN2
ILMN_1715789	DOCK1
ILMN_1715804	PITPNA
ILMN_1715814	LMAN1
ILMN_1715815	CYFIP1
ILMN_1715823	FBXO16
ILMN_1715832	PIK3R4
ILMN_1715879	CRYBB1
ILMN_1715885	PTPN22
ILMN_1715886	CNOT7
ILMN_1715896	PMVK
ILMN_1715905	DSN1
ILMN_1715908	NCAPH2
ILMN_1715927	VSTM2L
ILMN_1715928	BCAP29
ILMN_1715968	MLL4
ILMN_1715969	SLC25A37
ILMN_1715984	GREB1
ILMN_1715991	SDPR
ILMN_1715994	HGS
ILMN_1716004	NSUN4
ILMN_1716026	ARMCX6
ILMN_1716041	GTF2A1L
ILMN_1716053	AK2
ILMN_1716056	LMF2
ILMN_1716057	CAPN2
ILMN_1716071	PAQR3
ILMN_1716089	KANK2
ILMN_1716093	KRT10
ILMN_1716154	C5orf4
ILMN_1716157	UBAP2
ILMN_1716195	HIST1H2BG
ILMN_1716218	RPS6KA2
ILMN_1716224	STARD4
ILMN_1716246	FRZB
ILMN_1716264	ANKRD1
ILMN_1716272	KBTBD8
ILMN_1716278	LYNX1
ILMN_1716336	CKAP5
ILMN_1716342	CCDC132
ILMN_1716359	SLC19A3
ILMN_1716367	SULT1A1
ILMN_1716370	TNS4
ILMN_1716377	HMGCLL1
ILMN_1716384	ATL2
ILMN_1716397	LAYN
ILMN_1716400	FOXM1
ILMN_1716421	ADRA1D
ILMN_1716435	ATF7IP
ILMN_1716446	BCL10
ILMN_1716461	LGI4
ILMN_1716465	RBP7
ILMN_1716468	LOC152195
ILMN_1716480	ACD
ILMN_1716488	PACS1
ILMN_1716507	EPB41L1
ILMN_1716517	C1orf84
ILMN_1716524	RAB7A
ILMN_1716547	NAGK
ILMN_1716552	ENAH
ILMN_1716553	KIF23
ILMN_1716563	PRKCB1
ILMN_1716583	NME7
ILMN_1716591	SPRR1A
ILMN_1716596	NSMAF
ILMN_1716616	MARVELD3
ILMN_1716651	RUNX2
ILMN_1716658	ZNF543
ILMN_1716678	NPC2
ILMN_1716687	TPM1
ILMN_1716704	NLRC5
ILMN_1716728	C6orf64
ILMN_1716730	FAM44B
ILMN_1716733	MYOM2
ILMN_1716736	CD80
ILMN_1716758	PCDH1
ILMN_1716766	CEBPG
ILMN_1716790	APBB2
ILMN_1716815	CEACAM1
ILMN_1716816	TMEM87A
ILMN_1716821	GORASP1
ILMN_1716832	ACSF3
ILMN_1716838	C21orf56
ILMN_1716862	PPM1B
ILMN_1716895	RPA3
ILMN_1716907	FLJ20254
ILMN_1716913	TRAPPC1
ILMN_1716922	DHX16
ILMN_1716957	C1QL1
ILMN_1716973	POLM
ILMN_1716979	GSTM4
ILMN_1716983	LILRA2
ILMN_1716988	OPN3
ILMN_1717010	LOC51057
ILMN_1717029	FLJ33590
ILMN_1717046	MOBKL2B
ILMN_1717049	ZNF561
ILMN_1717052	STARD10
ILMN_1717056	TXNRD1
ILMN_1717063	FBXO9
ILMN_1717078	DNAJC16
ILMN_1717099	DSCR3
ILMN_1717101	MINK1
ILMN_1717163	F13A1
ILMN_1717165	IGBP1
ILMN_1717180	MTMR6
ILMN_1717195	MBD2
ILMN_1717197	CD3G
ILMN_1717207	MMP25
ILMN_1717219	MGC12966
ILMN_1717229	C9orf21
ILMN_1717234	CAST
ILMN_1717261	HLA-DRB3
ILMN_1717262	PROCR
ILMN_1717265	FLJ37078
ILMN_1717294	PTPN3
ILMN_1717313	NFKBIE
ILMN_1717327	KCNJ14
ILMN_1717334	VAV1
ILMN_1717337	March 7
ILMN_1717357	AIFM1
ILMN_1717371	C22orf34
ILMN_1717393	PTCHD1
ILMN_1717403	C9orf100
ILMN_1717434	DFNB31
ILMN_1717461	PH-4
ILMN_1717477	PSD3
ILMN_1717490	RPL6
ILMN_1717519	JPH2
ILMN_1717565	LOC497190
ILMN_1717572	PGA5
ILMN_1717594	DKFZp761E198
ILMN_1717636	RGMA
ILMN_1717639	SNF1LK
ILMN_1717674	PEPD
ILMN_1717702	KCNK17
ILMN_1717707	PSTK
ILMN_1717710	SLC26A5
ILMN_1717714	CDKN2A
ILMN_1717722	PDZK3
ILMN_1717737	FKBP7
ILMN_1717745	TIAL1
ILMN_1717757	CALML4
ILMN_1717780	PLEC1
ILMN_1717781	VPS11
ILMN_1717793	C19orf33
ILMN_1717809	RNF24
ILMN_1717834	EIF1AD
ILMN_1717854	TRMT11
ILMN_1717855	PFDN1
ILMN_1717868	CCT8
ILMN_1717877	IVNS1ABP
ILMN_1717887	C10orf132
ILMN_1717888	KHK
ILMN_1717904	SORBS3
ILMN_1717925	OPRS1
ILMN_1717934	SYT11
ILMN_1717935	SPTA1
ILMN_1717946	DGKE
ILMN_1717973	TMEM1
ILMN_1717975	CYHR1
ILMN_1717976	BCL2L14
ILMN_1717982	BZW1
ILMN_1717990	CALD1
ILMN_1718013	CPSF3L
ILMN_1718023	APEH
ILMN_1718044	ELAC2
ILMN_1718046	ARNT2
ILMN_1718063	LIPA
ILMN_1718070	CASP9
ILMN_1718079	HOXB1
ILMN_1718093	ALG1
ILMN_1718129	MAP2K5
ILMN_1718132	ECHS1
ILMN_1718152	DEPDC7
ILMN_1718171	MED26
ILMN_1718173	PCDH24
ILMN_1718182	THRA
ILMN_1718206	KIAA0100
ILMN_1718207	SETDB1
ILMN_1718253	TAS2R3
ILMN_1718265	ATG5
ILMN_1718271	MTIF3
ILMN_1718285	HOXC8
ILMN_1718297	EML4
ILMN_1718299	PDE6G
ILMN_1718303	PVRL2
ILMN_1718309	COX15
ILMN_1718331	MMP16
ILMN_1718334	ITPA
ILMN_1718336	C7orf50
ILMN_1718354	INTS7
ILMN_1718365	C19orf12
ILMN_1718387	LOR
ILMN_1718401	DOC2B
ILMN_1718424	MRPS28
ILMN_1718449	NSUN5C
ILMN_1718520	C10orf59
ILMN_1718525	ITIH4
ILMN_1718537	HPS6
ILMN_1718552	CXCL13
ILMN_1718558	PARP12
ILMN_1718565	CDKN1C
ILMN_1718603	CYP4F8
ILMN_1718607	TSPAN4
ILMN_1718610	ARHGAP17
ILMN_1718619	TRIM11
ILMN_1718621	TSPAN32
ILMN_1718629	NRIP1
ILMN_1718633	LRP5L
ILMN_1718646	MMP15
ILMN_1718668	ZBTB26
ILMN_1718672	NOLA2
ILMN_1718687	TPPP
ILMN_1718706	ERAL1
ILMN_1718718	MKKS
ILMN_1718734	MLLT6
ILMN_1718754	CD207
ILMN_1718766	MT1F
ILMN_1718769	ITSN1
ILMN_1718770	FLJ36070
ILMN_1718771	CCDC24
ILMN_1718783	EXTL1
ILMN_1718805	PPP2R3A
ILMN_1718808	AKAP10
ILMN_1718813	CNKSR1
ILMN_1718815	SLTM
ILMN_1718830	NARG2
ILMN_1718831	TMEM57
ILMN_1718832	SPHAR
ILMN_1718853	UQCRC2
ILMN_1718884	MACF1
ILMN_1718898	HOXC9
ILMN_1718907	TSHZ1
ILMN_1718912	SOX5
ILMN_1718924	ETFA
ILMN_1718925	C14orf49
ILMN_1718929	CRYBB3
ILMN_1718932	MTRR
ILMN_1718936	LST1
ILMN_1718950	ZNF433
ILMN_1718960	SERPINB8
ILMN_1718972	MFSD3
ILMN_1718977	GADD45B
ILMN_1718984	FCGBP
ILMN_1718988	DAZAP2
ILMN_1718990	NFRKB
ILMN_1719010	ARL4D
ILMN_1719039	UBE2G1
ILMN_1719064	KCTD10
ILMN_1719089	EXO1
ILMN_1719097	C18orf8
ILMN_1719158	CTBP1
ILMN_1719163	ZNF557
ILMN_1719165	BRMS1
ILMN_1719170	WBSCR27
ILMN_1719178	ACOT7
ILMN_1719190	CCDC9
ILMN_1719199	TULP3
ILMN_1719202	ZNF174
ILMN_1719203	DISC1
ILMN_1719204	PRPF31
ILMN_1719205	FBL
ILMN_1719219	ZNF616
ILMN_1719224	C17orf45
ILMN_1719232	DGCR14
ILMN_1719236	CDH5
ILMN_1719250	SLC44A4
ILMN_1719254	TRIM9
ILMN_1719280	C9orf163
ILMN_1719286	CTSA
ILMN_1719316	TMED3
ILMN_1719343	WDR26
ILMN_1719351	TCF21
ILMN_1719392	FH
ILMN_1719403	MTX1
ILMN_1719433	CD1D
ILMN_1719449	DCLK2
ILMN_1719455	CRIP3
ILMN_1719468	EPM2A
ILMN_1719517	CTTNBP2NL
ILMN_1719518	ARF4
ILMN_1719533	PCDHGB4
ILMN_1719543	MAF
ILMN_1719547	INHBA
ILMN_1719570	BICC1
ILMN_1719581	MYOM3
ILMN_1719599	SYTL4
ILMN_1719611	CCT6A
ILMN_1719616	DNASE1
ILMN_1719622	RABEP1
ILMN_1719627	SLC27A3
ILMN_1719641	SMOC2
ILMN_1719646	ZIK1
ILMN_1719649	TMEM63A
ILMN_1719656	MRPL38
ILMN_1719660	SMPDL3B
ILMN_1719661	SEPX1
ILMN_1719664	PTPN21
ILMN_1719677	MOBKL2C
ILMN_1719695	NFKBIZ
ILMN_1719696	PLD1
ILMN_1719749	PTGES3
ILMN_1719755	FBN3
ILMN_1719756	ZAP70
ILMN_1719763	MORG1
ILMN_1719785	UCK1
ILMN_1719797	MESDC2
ILMN_1719811	REM1
ILMN_1719857	GRIPAP1
ILMN_1719864	PACS2
ILMN_1719867	RNF13
ILMN_1719870	GCUD2
ILMN_1719883	CYP4F11
ILMN_1719906	HADH
ILMN_1719915	DHRS12
ILMN_1719938	FGF11
ILMN_1719972	PLXNA3
ILMN_1719975	HOXC4
ILMN_1719985	FEM1A
ILMN_1719986	PIK3IP1
ILMN_1719993	LOC440295
ILMN_1719998	C9orf45
ILMN_1720024	IL11RA
ILMN_1720034	PKHD1
ILMN_1720048	CCL2
ILMN_1720053	ZFAND3
ILMN_1720059	HMBOX1
ILMN_1720076	PVRL1
ILMN_1720083	EHD4
ILMN_1720088	SFRS12
ILMN_1720113	PTPRO
ILMN_1720114	GMNN
ILMN_1720124	RCC2
ILMN_1720158	ETS2
ILMN_1720181	CLSTN1
ILMN_1720207	GMPPB
ILMN_1720231	TNNT3
ILMN_1720233	CCDC49
ILMN_1720235	ADSSL1
ILMN_1720241	TRIP12
ILMN_1720266	LOC91431
ILMN_1720270	CDR2
ILMN_1720282	NQO1
ILMN_1720287	E4F1
ILMN_1720300	PRR5
ILMN_1720303	OSTM1
ILMN_1720311	SLC25A46
ILMN_1720344	NIPA2
ILMN_1720360	BAD
ILMN_1720373	SLC7A5
ILMN_1720390	LOC653602
ILMN_1720406	HOXB9
ILMN_1720430	C20orf149
ILMN_1720431	ZNF420
ILMN_1720433	FAM3D
ILMN_1720440	HEL308
ILMN_1720442	NCBP2
ILMN_1720452	LONRF3
ILMN_1720461	SLC17A4
ILMN_1720468	NPSR1
ILMN_1720476	PHF2
ILMN_1720484	CRTAP
ILMN_1720496	GUCY1A2
ILMN_1720498	TMEM120B
ILMN_1720501	ABCA9
ILMN_1720511	LRRN1
ILMN_1720513	SETBP1
ILMN_1720526	CENPN
ILMN_1720531	JMJD2B
ILMN_1720542	POLR2I
ILMN_1720578	PRAF2
ILMN_1720595	MDGA1
ILMN_1720604	ARSG
ILMN_1720606	LRCH2
ILMN_1720623	SYTL3
ILMN_1720703	SLC25A3
ILMN_1720708	CSNK1D
ILMN_1720710	HSPB3
ILMN_1720724	IFT122
ILMN_1720764	UBE1
ILMN_1720771	STX11
ILMN_1720799	GPSN2
ILMN_1720829	ZFP36
ILMN_1720833	C2orf48
ILMN_1720838	DECR1
ILMN_1720849	PYGM
ILMN_1720850	BAZ2B
ILMN_1720865	OSBPL7
ILMN_1720889	SC4MOL
ILMN_1720908	TSPAN4
ILMN_1720916	SETD7
ILMN_1720926	PSMD5
ILMN_1720930	CMTM4
ILMN_1720965	TULP4
ILMN_1720988	ABI2
ILMN_1720998	CA12
ILMN_1721008	DUT
ILMN_1721022	SHC1
ILMN_1721024	SRFBP1
ILMN_1721026	SAMHD1
ILMN_1721027	KCNK4
ILMN_1721034	ZNF227
ILMN_1721035	MS4A6A
ILMN_1721046	PTMS
ILMN_1721067	WISP1
ILMN_1721093	TAF10
ILMN_1721106	C14orf159
ILMN_1721116	USP10
ILMN_1721127	HIST1H3D
ILMN_1721128	TOMM34
ILMN_1721129	NEK4
ILMN_1721134	TGM1
ILMN_1721138	GRPEL2
ILMN_1721170	GREB1
ILMN_1721218	KRT13
ILMN_1721225	C20orf4
ILMN_1721241	PSCD2
ILMN_1721283	HSPB6
ILMN_1721325	CERK
ILMN_1721333	AURKC
ILMN_1721338	C22orf23
ILMN_1721339	ZNF276
ILMN_1721344	MOBKL2A
ILMN_1721349	MAGT1
ILMN_1721354	KRT6B
ILMN_1721391	ATP6V0B
ILMN_1721411	PARP10
ILMN_1721429	HS6ST3
ILMN_1721495	ADAMTSL2
ILMN_1721523	B3GNT7
ILMN_1721559	FABP6
ILMN_1721563	TMEM127
ILMN_1721575	VPS18
ILMN_1721583	C19orf63
ILMN_1721601	CACNB2
ILMN_1721605	SMYD2
ILMN_1721621	NKTR
ILMN_1721623	APOO
ILMN_1721626	ARID5B
ILMN_1721628	FLJ10490
ILMN_1721629	ZNF654
ILMN_1721636	TSC22D4
ILMN_1721657	RSU1
ILMN_1721669	IDH3B
ILMN_1721703	PNN
ILMN_1721704	FNTA
ILMN_1721712	SYNGR1
ILMN_1721729	PPARBP
ILMN_1721758	ID4
ILMN_1721762	IL18RAP
ILMN_1721769	FBLN2
ILMN_1721770	PAPPA
ILMN_1721774	MPP7
ILMN_1721801	GDAP1
ILMN_1721813	BTN2A3
ILMN_1721833	IER5
ILMN_1721842	RYBP
ILMN_1721849	ZNF660
ILMN_1721868	KPNA2
ILMN_1721876	TIMP2
ILMN_1721921	BLMH
ILMN_1721963	MEN1
ILMN_1721968	NOVA1
ILMN_1721977	ARD1A
ILMN_1721978	CARD11
ILMN_1721989	ATP5F1
ILMN_1721994	HPS4
ILMN_1722016	LY6G5C
ILMN_1722025	CPEB4
ILMN_1722045	ARSB
ILMN_1722056	ATP7B
ILMN_1722059	SAFB
ILMN_1722066	ARMC1
ILMN_1722070	APOC3
ILMN_1722073	MLXIPL
ILMN_1722089	RNF217
ILMN_1722102	ANAPC11
ILMN_1722151	EIF6
ILMN_1722156	RWDD2A
ILMN_1722158	CASP5
ILMN_1722209	IL21R
ILMN_1722218	MBOAT7
ILMN_1722239	TIMM8A
ILMN_1722276	PAFAH1B1
ILMN_1722282	IL17REL
ILMN_1722286	ABCA5
ILMN_1722292	KIAA0241
ILMN_1722309	ENDOG
ILMN_1722329	CASQ2
ILMN_1722330	GK2
ILMN_1722364	C6orf108
ILMN_1722387	C9orf126
ILMN_1722390	CHRAC1
ILMN_1722411	HRH2
ILMN_1722423	SHPRH
ILMN_1722438	MGAT4B
ILMN_1722450	NSUN5B
ILMN_1722489	TFF1
ILMN_1722491	APRT
ILMN_1722492	DUSP19
ILMN_1722502	CCT6A
ILMN_1722522	CCNT2
ILMN_1722524	GALNT14
ILMN_1722532	JMJD1A
ILMN_1722533	KATNAL1
ILMN_1722583	COX4NB
ILMN_1722621	ADAMTSL1
ILMN_1722632	FLJ41170
ILMN_1722634	NUCB1
ILMN_1722642	REEP3
ILMN_1722648	SF3B4
ILMN_1722662	RAD23B
ILMN_1722670	LYNX1
ILMN_1722673	PCDHB4
ILMN_1722674	MGC3196
ILMN_1722698	RCHY1
ILMN_1722713	FBLN1
ILMN_1722718	BMP2
ILMN_1722726	RICS
ILMN_1722732	TENC1
ILMN_1722738	ROGDI
ILMN_1722742	SCLY
ILMN_1722753	GJA5
ILMN_1722769	UNG
ILMN_1722774	VPS72
ILMN_1722781	EGR3
ILMN_1722798	PLCD3
ILMN_1722820	KDELR3
ILMN_1722829	HLF
ILMN_1722831	KCNH2
ILMN_1722834	RGS12
ILMN_1722838	MRPL46
ILMN_1722849	UNC13A
ILMN_1722855	VEGFB
ILMN_1722869	PDZD3
ILMN_1722894	ZNRD1
ILMN_1722898	SFRP2
ILMN_1722900	EIF4A1
ILMN_1722905	MRPS11
ILMN_1722923	SRGAP3
ILMN_1722953	USP47
ILMN_1722981	TLR5
ILMN_1723004	CD72
ILMN_1723007	ZCCHC9
ILMN_1723018	ZNF117
ILMN_1723021	ICMT
ILMN_1723035	OLR1
ILMN_1723042	CLDN3
ILMN_1723048	GJC2
ILMN_1723058	CLIP1
ILMN_1723087	MDK
ILMN_1723092	CRB3
ILMN_1723111	HIST1H4A
ILMN_1723115	CLEC4F
ILMN_1723117	IPO9
ILMN_1723123	FGFR3
ILMN_1723124	GALK2
ILMN_1723134	LOC650695
ILMN_1723158	NOL1
ILMN_1723177	ANAPC5
ILMN_1723185	ELOF1
ILMN_1723230	PDE5A
ILMN_1723235	DUS3L
ILMN_1723253	ZNF222
ILMN_1723254	C3orf42
ILMN_1723260	ETV5
ILMN_1723268	FAIM
ILMN_1723274	GPR55
ILMN_1723287	SLC6A16
ILMN_1723358	SCARA3
ILMN_1723398	CSNK1G1
ILMN_1723412	ASCL2
ILMN_1723414	HACL1
ILMN_1723418	CEL
ILMN_1723436	PFKFB2
ILMN_1723467	ITGB1
ILMN_1723477	RUNX1T1
ILMN_1723480	BST2
ILMN_1723481	CHST3
ILMN_1723494	SIRT2
ILMN_1723520	CD1A
ILMN_1723522	APOLD1
ILMN_1723536	USP33
ILMN_1723542	ZNF137
ILMN_1723567	C1orf118
ILMN_1723594	CCDC153
ILMN_1723607	GPHN
ILMN_1723625	MAP4K2
ILMN_1723626	APBA2
ILMN_1723632	PIGC
ILMN_1723662	ABHD2
ILMN_1723678	PRPH
ILMN_1723684	DARC
ILMN_1723689	RANBP3
ILMN_1723706	GRAMD4
ILMN_1723709	C9orf116
ILMN_1723729	RSL1D1
ILMN_1723743	ROM1
ILMN_1723768	NLRX1
ILMN_1723793	PALB2
ILMN_1723834	FLJ32011
ILMN_1723843	CSNK2A2
ILMN_1723846	FAM119B
ILMN_1723871	OTUB1
ILMN_1723874	MRPS6
ILMN_1723884	ARF4
ILMN_1723886	ZFP2
ILMN_1723895	GTF3C5
ILMN_1723909	LOC402176
ILMN_1723912	IFI44L
ILMN_1723944	TARP
ILMN_1723962	LXN
ILMN_1723969	PLCB1
ILMN_1723971	SLC29A1
ILMN_1723978	LGALS1
ILMN_1723984	PILRB
ILMN_1724021	SLC6A19
ILMN_1724040	ANKRD57
ILMN_1724059	GAS2L1
ILMN_1724062	LIN54
ILMN_1724066	PLCB2
ILMN_1724070	MAP3K14
ILMN_1724096	TNK1
ILMN_1724138	HTATIP
ILMN_1724139	TMEM123
ILMN_1724145	CBX4
ILMN_1724148	ORAI1
ILMN_1724158	ZNF93
ILMN_1724162	ARX
ILMN_1724166	OR56B1
ILMN_1724181	IL15
ILMN_1724183	CDKL1
ILMN_1724191	LYCAT
ILMN_1724194	NPEPL1
ILMN_1724207	IVD
ILMN_1724250	GRN
ILMN_1724266	LYPD2
ILMN_1724280	EGR3
ILMN_1724293	KDELR2
ILMN_1724315	LMTK2
ILMN_1724324	PLD3
ILMN_1724333	TOR1B
ILMN_1724341	CXorf45
ILMN_1724350	TRIM36
ILMN_1724375	MUC17
ILMN_1724376	C2orf30
ILMN_1724406	INO80E
ILMN_1724407	TACC3
ILMN_1724422	SELL
ILMN_1724424	PRRT2
ILMN_1724437	GCAT
ILMN_1724479	NR2C2
ILMN_1724480	AXIN2
ILMN_1724489	RFC4
ILMN_1724490	PSPC1
ILMN_1724493	LYSMD2
ILMN_1724495	SESTD1
ILMN_1724497	ABI2
ILMN_1724504	SETD3
ILMN_1724532	C11orf49
ILMN_1724533	LY96
ILMN_1724544	PPP4R1
ILMN_1724581	EDC3
ILMN_1724609	SLC2A8
ILMN_1724612	SLC25A35
ILMN_1724658	BNIP3
ILMN_1724659	CIZ1
ILMN_1724668	REPS2
ILMN_1724671	MAP6
ILMN_1724686	CLDN1
ILMN_1724700	RIOK3
ILMN_1724708	RAB33A
ILMN_1724715	MAPK11
ILMN_1724734	UQCC
ILMN_1724738	TFR2
ILMN_1724753	NIN
ILMN_1724754	MPP3
ILMN_1724762	XKR6
ILMN_1724789	CD59
ILMN_1724799	PLA2G2F
ILMN_1724805	MUPCDH
ILMN_1724811	PARN
ILMN_1724822	LOC399744
ILMN_1724825	PCBP2
ILMN_1724826	DNM1L
ILMN_1724832	OVOL2
ILMN_1724837	ZC3HAV1
ILMN_1724863	TICAM1
ILMN_1724877	PARD6G
ILMN_1724897	C14orf93
ILMN_1724902	SLC22A18
ILMN_1724907	NUDT3
ILMN_1724941	CDCP1
ILMN_1724946	SPINT1
ILMN_1724986	WDR53
ILMN_1724990	TMEM103
ILMN_1724994	COL4A2
ILMN_1725071	CCDC12
ILMN_1725072	DPY19L3
ILMN_1725079	TSPAN31
ILMN_1725098	RTN4RL2
ILMN_1725121	XPO1
ILMN_1725130	FAM50A
ILMN_1725139	CA9
ILMN_1725166	POLN
ILMN_1725169	INTS12
ILMN_1725175	FOSL2
ILMN_1725183	TBCE
ILMN_1725187	PITPNM2
ILMN_1725188	PRKCI
ILMN_1725193	IGFBP2
ILMN_1725235	CDK5RAP2
ILMN_1725241	GSTK1
ILMN_1725244	HAT1
ILMN_1725246	COG8
ILMN_1725247	GTF2A1
ILMN_1725250	CCDC50
ILMN_1725260	CDC25C
ILMN_1725271	GPR3
ILMN_1725276	C4orf7
ILMN_1725300	MLL3
ILMN_1725306	RNF6
ILMN_1725311	GCGR
ILMN_1725312	RASA1
ILMN_1725314	GBP3
ILMN_1725320	SIGLEC1
ILMN_1725338	CLDN23
ILMN_1725366	SLC27A5
ILMN_1725387	TMEM200A
ILMN_1725414	ABCC6
ILMN_1725485	RGS17
ILMN_1725496	KCNAB2
ILMN_1725510	DHCR24
ILMN_1725519	CCL11
ILMN_1725528	LOC400657
ILMN_1725529	UBE2I
ILMN_1725534	ACTN4
ILMN_1725554	DNAJC5G
ILMN_1725594	C10orf97
ILMN_1725612	NUP50
ILMN_1725620	GGNBP2
ILMN_1725640	DEFB119
ILMN_1725642	SUMO3
ILMN_1725644	UBE2D2
ILMN_1725678	GFRA1
ILMN_1725680	LRRC1
ILMN_1725692	SLC25A30
ILMN_1725696	ATXN3
ILMN_1725700	MOV10
ILMN_1725705	CLPP
ILMN_1725707	ATG16L1
ILMN_1725718	ZSCAN4
ILMN_1725726	DHRS2
ILMN_1725738	MKNK1
ILMN_1725739	TNRC6B
ILMN_1725760	YTHDC2
ILMN_1725773	DNAJC12
ILMN_1725787	RFX1
ILMN_1725791	PTPLA
ILMN_1725831	PLAC2
ILMN_1725852	S100A2
ILMN_1725862	USP3
ILMN_1725899	HOXC10
ILMN_1725910	CNTFR
ILMN_1725912	KLK12
ILMN_1725992	RAPGEF6
ILMN_1726025	ASXL1
ILMN_1726030	GPX7
ILMN_1726048	FLJ27465
ILMN_1726081	SLC26A9
ILMN_1726104	C11orf51
ILMN_1726107	UBE2V1
ILMN_1726108	LASS2
ILMN_1726114	SLC45A3
ILMN_1726138	EI24
ILMN_1726164	NEDD9
ILMN_1726169	EDF1
ILMN_1726181	C19orf52
ILMN_1726204	SCRG1
ILMN_1726222	FLOT2
ILMN_1726239	TBCA
ILMN_1726266	ADAM12
ILMN_1726281	ANAPC11
ILMN_1726306	HMBS
ILMN_1726328	CSTL1
ILMN_1726333	C20orf74
ILMN_1726342	BIN2
ILMN_1726352	THSD4
ILMN_1726359	NECAP1
ILMN_1726366	SNX9
ILMN_1726368	ZNF135
ILMN_1726387	NF1
ILMN_1726388	ACBD7
ILMN_1726391	MRPL39
ILMN_1726392	NIN
ILMN_1726410	APRT
ILMN_1726417	MRPL33
ILMN_1726421	METTL9
ILMN_1726426	PHF2
ILMN_1726434	UNC45A
ILMN_1726437	EFCAB3
ILMN_1726448	MMP1
ILMN_1726456	SLC3A2
ILMN_1726459	NPAS4
ILMN_1726460	RPL14
ILMN_1726466	HDHD3
ILMN_1726496	SEL1L
ILMN_1726505	GOLGA2L1
ILMN_1726512	ZSCAN2
ILMN_1726516	SCRIB
ILMN_1726520	TDP1
ILMN_1726554	IREB2
ILMN_1726565	PIK3R2
ILMN_1726574	CACYBP
ILMN_1726575	CHODL
ILMN_1726578	ZNF93
ILMN_1726589	CD248
ILMN_1726597	FAM65B
ILMN_1726603	ATP5I
ILMN_1726617	ZNF182
ILMN_1726624	YPEL4
ILMN_1726636	HECTD2
ILMN_1726659	THOP1
ILMN_1726666	GPX3
ILMN_1726704	RSC1A1
ILMN_1726711	PENK
ILMN_1726720	NUSAP1
ILMN_1726729	C2orf76
ILMN_1726743	MRPS30
ILMN_1726755	COPS4
ILMN_1726769	CNDP2
ILMN_1726783	RNASEH1
ILMN_1726786	TNRC6B
ILMN_1726805	STX2
ILMN_1726809	BHLHB3
ILMN_1726815	HIST1H3G
ILMN_1726840	B3GALNT1
ILMN_1726842	TYW3
ILMN_1726873	TPCN2
ILMN_1726893	EPN3
ILMN_1726901	KLC1
ILMN_1726906	AKT1S1
ILMN_1726913	RBPJ
ILMN_1726924	SYNGR4
ILMN_1726928	TCEA3
ILMN_1726952	FLJ12331
ILMN_1726981	VEGFB
ILMN_1726990	DOM3Z
ILMN_1727023	AMMECR1L
ILMN_1727041	EWSR1
ILMN_1727043	GLT25D1
ILMN_1727045	RASGRP3
ILMN_1727050	PPFIA1
ILMN_1727055	C12orf48
ILMN_1727073	MEA1
ILMN_1727078	C17orf37
ILMN_1727080	MYO6
ILMN_1727087	GJA1
ILMN_1727091	ACMSD
ILMN_1727098	PPP1R16B
ILMN_1727101	LUZP2
ILMN_1727107	REST
ILMN_1727127	PPM1A
ILMN_1727134	KLHDC5
ILMN_1727135	FIBCD1
ILMN_1727138	PPM1B
ILMN_1727156	ARSI
ILMN_1727173	SMARCD1
ILMN_1727178	FLJ45803
ILMN_1727183	ZNF763
ILMN_1727184	WDR36
ILMN_1727194	CALU
ILMN_1727200	SLCO4A1
ILMN_1727248	INF2
ILMN_1727271	WARS
ILMN_1727281	TAF6L
ILMN_1727284	CD4
ILMN_1727287	PHF20L1
ILMN_1727288	EVPL
ILMN_1727300	ZNF444
ILMN_1727309	FAM82A2
ILMN_1727315	DENND1A
ILMN_1727332	ATPIF1
ILMN_1727360	MAOB
ILMN_1727364	TRIM7
ILMN_1727389	CDC16
ILMN_1727390	ATPAF2
ILMN_1727393	FBXW10
ILMN_1727402	HCLS1
ILMN_1727426	ERG
ILMN_1727458	HDAC1
ILMN_1727459	ORC1L
ILMN_1727462	ARSE
ILMN_1727466	KCNMB4
ILMN_1727479	TPRG1L
ILMN_1727495	L3MBTL3
ILMN_1727524	ADAM9
ILMN_1727532	OLFML3
ILMN_1727540	C1orf112
ILMN_1727553	LOC63920
ILMN_1727558	MRPL27
ILMN_1727574	ZNF827
ILMN_1727577	GLI2
ILMN_1727605	FRK
ILMN_1727606	C12orf59
ILMN_1727618	C8orf38
ILMN_1727642	GCS1
ILMN_1727646	CCDC144A
ILMN_1727663	ZNF155
ILMN_1727671	SSH1
ILMN_1727689	TNFAIP2
ILMN_1727692	TRIT1
ILMN_1727704	LRRC29
ILMN_1727709	GPBAR1
ILMN_1727738	RAB33B
ILMN_1727740	SYNCRIP
ILMN_1727761	GMEB1
ILMN_1727789	RNF12
ILMN_1727790	KHDRBS3
ILMN_1727805	SYNGR1
ILMN_1727809	STK35
ILMN_1727813	BRP44
ILMN_1727815	CFI
ILMN_1727840	SLC35B1
ILMN_1727850	KCNC4
ILMN_1727855	PEMT
ILMN_1727862	HPS4
ILMN_1727878	FPGT
ILMN_1727923	ZNF140
ILMN_1727938	ZNF764
ILMN_1727965	ALDH3B1
ILMN_1727992	FEZ1
ILMN_1728001	SFRS12IP1
ILMN_1728009	TMEM171
ILMN_1728047	AKR1A1
ILMN_1728048	LOC158160
ILMN_1728049	S100A16
ILMN_1728057	C6orf57
ILMN_1728071	KRAS
ILMN_1728073	DENND1A
ILMN_1728083	EIF4EBP2
ILMN_1728085	CCDC75
ILMN_1728107	GNG7
ILMN_1728132	LDHB
ILMN_1728163	CTDSP1
ILMN_1728168	C20orf45
ILMN_1728197	CLDN5
ILMN_1728199	POLE
ILMN_1728202	TMEM22
ILMN_1728224	OGFR
ILMN_1728228	ZNF548
ILMN_1728230	ZNF30
ILMN_1728236	SLFN12
ILMN_1728256	SPAG9
ILMN_1728262	SAA2
ILMN_1728298	SBK1
ILMN_1728305	PUM2
ILMN_1728331	ACPT
ILMN_1728334	LOC340527
ILMN_1728349	TMEM63B
ILMN_1728353	EYA3
ILMN_1728355	PSMD4
ILMN_1728360	MED29
ILMN_1728369	CLCN4
ILMN_1728403	C21orf119
ILMN_1728426	INPPL1
ILMN_1728435	C12orf45
ILMN_1728467	GHITM
ILMN_1728478	CXCL16
ILMN_1728498	PCBP4
ILMN_1728512	YWHAH
ILMN_1728514	BAG5
ILMN_1728517	FNTB
ILMN_1728521	HDAC7A
ILMN_1728528	ZNF655
ILMN_1728535	COPZ1
ILMN_1728540	FUNDC1
ILMN_1728570	TCF21
ILMN_1728581	C3orf18
ILMN_1728605	TTC3
ILMN_1728626	WDR5
ILMN_1728660	PMPCB
ILMN_1728662	ALDH3B1
ILMN_1728663	IL17RD
ILMN_1728676	KIAA0196
ILMN_1728677	CREB5
ILMN_1728684	PELP1
ILMN_1728698	GDE1
ILMN_1728699	SPTY2D1
ILMN_1728710	ZNF816A
ILMN_1728711	RGS3
ILMN_1728714	SSSCA1
ILMN_1728724	IL17RA
ILMN_1728742	C5orf4
ILMN_1728746	GAB2
ILMN_1728747	STXBP1
ILMN_1728761	ERBB2
ILMN_1728765	ZNF238
ILMN_1728779	NGLY1
ILMN_1728785	GPR116
ILMN_1728799	FBP1
ILMN_1728802	SDCCAG8
ILMN_1728810	NDUFS1
ILMN_1728844	PTPRN2
ILMN_1728845	SMARCD1
ILMN_1728870	DDX3X
ILMN_1728887	PAK4
ILMN_1728907	SCAMP1
ILMN_1728914	PRUNE
ILMN_1728934	PRC1
ILMN_1728957	ANKRD5
ILMN_1728965	C11orf57
ILMN_1728972	FAM64A
ILMN_1728975	SCO1
ILMN_1728983	NR2C1
ILMN_1728984	PA2G4
ILMN_1729019	Septin 7
ILMN_1729033	RPL9
ILMN_1729051	MSH6
ILMN_1729058	SCAMP1
ILMN_1729095	PDZD2
ILMN_1729117	COL5A2
ILMN_1729123	PPP2R4
ILMN_1729130	C7orf42
ILMN_1729142	PRR6
ILMN_1729144	EBAG9
ILMN_1729161	NOTCH1
ILMN_1729167	EFTUD1
ILMN_1729170	GPA33
ILMN_1729175	FBXO3
ILMN_1729179	SPATA5L1
ILMN_1729180	GATM
ILMN_1729188	HAMP
ILMN_1729191	CYP2C19
ILMN_1729203	PDILT
ILMN_1729208	NGFRAP1
ILMN_1729212	GRM8
ILMN_1729216	CRYAB
ILMN_1729217	FAM131A
ILMN_1729225	SORCS2
ILMN_1729234	TPP1
ILMN_1729237	CYB5R1
ILMN_1729272	DIP2A
ILMN_1729281	SPHK2
ILMN_1729287	NMUR1
ILMN_1729288	C1QTNF6
ILMN_1729294	RNF130
ILMN_1729319	USP7
ILMN_1729367	SLC7A5P1
ILMN_1729368	FZD8
ILMN_1729374	ETFB
ILMN_1729409	DLC1
ILMN_1729430	FBXO18
ILMN_1729433	LIPH
ILMN_1729450	C16orf62
ILMN_1729453	TSPAN9
ILMN_1729455	EML1
ILMN_1729487	GMPR
ILMN_1729495	TRIM41
ILMN_1729498	TMEFF1
ILMN_1729509	C1orf43
ILMN_1729514	CMTM4
ILMN_1729533	APOA1BP
ILMN_1729546	C19orf54
ILMN_1729563	UGDH
ILMN_1729580	NUDT9
ILMN_1729596	C14orf151
ILMN_1729611	REEP4
ILMN_1729640	RBM35B
ILMN_1729645	BBC3
ILMN_1729650	PEX7
ILMN_1729663	NFATC1
ILMN_1729690	PPIL2
ILMN_1729713	RAB23
ILMN_1729748	PEF1
ILMN_1729749	HERC5
ILMN_1729767	TARBP2
ILMN_1729775	OPA1
ILMN_1729777	AGER
ILMN_1729785	SGK3
ILMN_1729801	S100A8
ILMN_1729816	VDAC3
ILMN_1729827	KIAA1530
ILMN_1729851	ODAM
ILMN_1729868	SPRYD4
ILMN_1729894	ABCA7
ILMN_1729915	PILRA
ILMN_1729962	DCDC5
ILMN_1729973	ZC3HAV1
ILMN_1729976	ZNF828
ILMN_1729980	RNF216
ILMN_1729987	SRC
ILMN_1730002	ACSBG2
ILMN_1730019	BRD1
ILMN_1730028	MFSD9
ILMN_1730032	BOK
ILMN_1730039	IGSF21
ILMN_1730048	C7orf26
ILMN_1730054	GSTT1
ILMN_1730077	RPUSD2
ILMN_1730082	RPUSD4
ILMN_1730084	COMT
ILMN_1730101	GSPT2
ILMN_1730117	TMC5
ILMN_1730118	ZNF644
ILMN_1730176	ITGAX
ILMN_1730201	DTNA
ILMN_1730202	MAGEF1
ILMN_1730218	SYNPO2
ILMN_1730223	RNF39
ILMN_1730229	CGNL1
ILMN_1730260	N6AMT2
ILMN_1730291	ATP1B1
ILMN_1730294	INO80C
ILMN_1730295	SIGLEC8
ILMN_1730307	MED16
ILMN_1730325	FLAD1
ILMN_1730329	CRSP6
ILMN_1730332	CASP7
ILMN_1730347	CCDC115
ILMN_1730355	FGFR4
ILMN_1730363	STAU1
ILMN_1730391	MRPS18A
ILMN_1730416	CYCS
ILMN_1730432	IGSF8
ILMN_1730433	CD2AP
ILMN_1730454	FOLR3
ILMN_1730477	TAS2R43
ILMN_1730491	FMNL2
ILMN_1730497	TRIM39
ILMN_1730504	AGPAT4
ILMN_1730523	C16orf14
ILMN_1730529	CAB39L
ILMN_1730539	NPHP3
ILMN_1730546	GNAO1
ILMN_1730568	ZDHHC7
ILMN_1730572	HNRPDL
ILMN_1730611	RTN4
ILMN_1730620	ARRB1
ILMN_1730622	EVL
ILMN_1730630	CXorf56
ILMN_1730631	C2orf44
ILMN_1730639	SLC22A15
ILMN_1730658	YTHDF2
ILMN_1730660	GALIG
ILMN_1730670	FSTL3
ILMN_1730685	MRPL16
ILMN_1730698	ODF2
ILMN_1730709	BSG
ILMN_1730729	C1orf75
ILMN_1730731	ERLIN1
ILMN_1730734	TMEM205
ILMN_1730740	VSIG8
ILMN_1730777	KRT19
ILMN_1730794	SERTAD4
ILMN_1730797	RUNX1
ILMN_1730799	PHF12
ILMN_1730809	SLC29A2
ILMN_1730816	GPR162
ILMN_1730824	ZNF512
ILMN_1730848	KRT18
ILMN_1730879	CBY1
ILMN_1730888	ZNF680
ILMN_1730906	FILIP1L
ILMN_1730930	KIAA0652
ILMN_1730931	RUFY3
ILMN_1730940	KLHDC3
ILMN_1730945	C19orf4
ILMN_1730977	SLC44A4
ILMN_1730986	MALT1
ILMN_1730995	AFAP1L2
ILMN_1730999	TPR
ILMN_1731014	HEMK1
ILMN_1731023	REPIN1
ILMN_1731025	DYX1C1
ILMN_1731043	TRA2A
ILMN_1731044	KCTD14
ILMN_1731048	TLR1
ILMN_1731049	MGAT5
ILMN_1731062	NPY
ILMN_1731063	ST5
ILMN_1731064	CABC1
ILMN_1731073	CAPN9
ILMN_1731107	CCDC92
ILMN_1731111	DERL3
ILMN_1731113	ZBTB43
ILMN_1731135	RAB11B
ILMN_1731137	TXNDC9
ILMN_1731157	MYOZ1
ILMN_1731165	SLC16A8
ILMN_1731175	XKR6
ILMN_1731181	TEX2
ILMN_1731193	BCL2L12
ILMN_1731194	STRAP
ILMN_1731206	NKD2
ILMN_1731215	MYBPHL
ILMN_1731223	AMPD3
ILMN_1731231	ERN1
ILMN_1731233	GZMH
ILMN_1731237	CLSTN2
ILMN_1731275	DPEP3
ILMN_1731299	PML
ILMN_1731349	HOXA13
ILMN_1731353	CHPF
ILMN_1731354	PARL
ILMN_1731358	ZNF532
ILMN_1731374	CPE
ILMN_1731412	UBTD2
ILMN_1731418	SP110
ILMN_1731433	ABP1
ILMN_1731446	COL11A1
ILMN_1731476	ARNTL
ILMN_1731484	RHOT1
ILMN_1731503	MARCO
ILMN_1731518	LOC201164
ILMN_1731546	RPL26
ILMN_1731547	GIF
ILMN_1731561	ROBO3
ILMN_1731568	RAB3D
ILMN_1731596	AP3S2
ILMN_1731609	CHMP6
ILMN_1731610	ABLIM1
ILMN_1731612	UCHL5
ILMN_1731619	DAD1
ILMN_1731639	CASP3
ILMN_1731640	MGC39900
ILMN_1731644	SETDB2
ILMN_1731648	FOXJ2
ILMN_1731666	ZNF641
ILMN_1731699	RAB15
ILMN_1731714	CREB5
ILMN_1731718	POLR3H
ILMN_1731720	PDRG1
ILMN_1731729	OCLN
ILMN_1731736	RIN3
ILMN_1731741	DCHS2
ILMN_1731742	TNFRSF13C
ILMN_1731745	NINJ2
ILMN_1731777	NTRK1
ILMN_1731783	ATP1A1
ILMN_1731785	ORM2
ILMN_1731788	NRG1
ILMN_1731851	OXA1L
ILMN_1731862	ITIH5
ILMN_1731891	UBXD6
ILMN_1731928	LY9
ILMN_1731991	SCYL1
ILMN_1732023	PRDM7
ILMN_1732024	OR2A5
ILMN_1732040	GTF2A1
ILMN_1732049	DPM2
ILMN_1732053	SNRP70
ILMN_1732060	ARHGAP1
ILMN_1732066	CKMT1A
ILMN_1732071	HIST2H2BE
ILMN_1732079	SLC30A5
ILMN_1732089	MGC3207
ILMN_1732127	RBKS
ILMN_1732141	PPP1R8
ILMN_1732143	FLJ42957
ILMN_1732149	AQP2
ILMN_1732150	KIAA0101
ILMN_1732151	COL6A1
ILMN_1732158	FMO2
ILMN_1732166	SDHAP3
ILMN_1732176	AGPAT2
ILMN_1732182	FBXO44
ILMN_1732187	TMEM143
ILMN_1732216	NARS
ILMN_1732271	BTBD9
ILMN_1732296	ID3
ILMN_1732318	PTK2B
ILMN_1732328	LOC646200
ILMN_1732336	RFC2
ILMN_1732343	KIAA0999
ILMN_1732375	EEFSEC
ILMN_1732398	SCGB2A1
ILMN_1732410	SLC16A9
ILMN_1732426	CRHR1
ILMN_1732452	MAPKAPK3
ILMN_1732468	HSPA4L
ILMN_1732489	SLC10A7
ILMN_1732514	GALK2
ILMN_1732516	KNTC1
ILMN_1732550	KLHL23
ILMN_1732554	ZNF346
ILMN_1732577	TMEM216
ILMN_1732609	KIAA1539
ILMN_1732612	SHB
ILMN_1732630	CRISP1
ILMN_1732688	DUT
ILMN_1732705	HCFC1
ILMN_1732717	FAM71E1
ILMN_1732720	LENG9
ILMN_1732722	TRNAU1AP
ILMN_1732725	SAPS3
ILMN_1732750	CHCHD8
ILMN_1732772	PPME1
ILMN_1732776	NUP98
ILMN_1732782	SCN2A
ILMN_1732799	CD34
ILMN_1732809	ALG9
ILMN_1732810	SNX17
ILMN_1732831	CHST7
ILMN_1732860	FLJ26850
ILMN_1732885	BTBD12
ILMN_1732919	LILRB5
ILMN_1732921	ITGB8
ILMN_1732923	SIPA1L2
ILMN_1732948	ANO7
ILMN_1732981	ZBTB32
ILMN_1732985	PHF20L1
ILMN_1733042	BCAS1
ILMN_1733043	DLG2
ILMN_1733045	RAB36
ILMN_1733096	ANAPC2
ILMN_1733103	LOC285908
ILMN_1733107	NOC4L
ILMN_1733110	RASSF7
ILMN_1733115	KIAA1219
ILMN_1733155	GIT1
ILMN_1733157	THSD1
ILMN_1733164	FBXO11
ILMN_1733221	C9orf164
ILMN_1733248	NRBP2
ILMN_1733256	PSMD8
ILMN_1733270	CD163
ILMN_1733276	CYSLTR1
ILMN_1733287	HYDIN
ILMN_1733288	C1RL
ILMN_1733295	ARS2
ILMN_1733305	EIF2A
ILMN_1733311	PIGB
ILMN_1733324	ITGB3
ILMN_1733346	SH3BGR
ILMN_1733356	PREI3
ILMN_1733377	FASTKD5
ILMN_1733390	LARP2
ILMN_1733396	CDC25A
ILMN_1733402	CSF1
ILMN_1733415	MFAP5
ILMN_1733419	CCNE1
ILMN_1733421	PRKCQ
ILMN_1733511	GOLGA3
ILMN_1733515	LOXL3
ILMN_1733519	HMGB3
ILMN_1733523	NARG1L
ILMN_1733531	C20orf134
ILMN_1733535	ZNF366
ILMN_1733554	UCP3
ILMN_1733559	LOC100008589
ILMN_1733560	SPG21
ILMN_1733562	TFB1M
ILMN_1733603	NDUFC1
ILMN_1733615	MTF2
ILMN_1733627	NEDD4L
ILMN_1733648	SNAP91
ILMN_1733667	DHX35
ILMN_1733675	MPP1
ILMN_1733680	AZI2
ILMN_1733690	AKAP7
ILMN_1733696	IMP3
ILMN_1733703	TRMU
ILMN_1733746	REEP1
ILMN_1733756	COL12A1
ILMN_1733757	LOC374395
ILMN_1733781	FSD1
ILMN_1733799	LOC348262
ILMN_1733811	JUP
ILMN_1733831	PGBD5
ILMN_1733841	TCF7L1
ILMN_1733847	GALR2
ILMN_1733851	DACT3
ILMN_1733859	LOC90379
ILMN_1733861	ARHGEF11
ILMN_1733863	FAM100A
ILMN_1733869	OGDH
ILMN_1733874	SH2D2A
ILMN_1733875	RUNDC1
ILMN_1733904	C20orf114
ILMN_1733927	TCEB2
ILMN_1733929	DNMT3B
ILMN_1733930	PREB
ILMN_1733931	PDCD6
ILMN_1733932	SNUPN
ILMN_1733937	MMD
ILMN_1733947	FKBP8
ILMN_1733956	IARS
ILMN_1733963	ADRA2C
ILMN_1733964	GTF3C4
ILMN_1733970	BAG1
ILMN_1733991	UBL7
ILMN_1733997	SIRPB1
ILMN_1733998	DHRS9
ILMN_1734021	CLSTN3
ILMN_1734138	TATDN2
ILMN_1734153	GDI1
ILMN_1734184	P76
ILMN_1734190	TCEAL3
ILMN_1734194	EXOSC3
ILMN_1734198	RNGTT
ILMN_1734205	RASSF1
ILMN_1734229	SPPL2A
ILMN_1734231	DDOST
ILMN_1734254	ZNF770
ILMN_1734276	PMEPA1
ILMN_1734288	DUSP18
ILMN_1734290	MAPRE3
ILMN_1734312	GCN1L1
ILMN_1734317	DPF2
ILMN_1734353	GPX4
ILMN_1734366	RORC
ILMN_1734410	BNIP1
ILMN_1734440	C14orf133
ILMN_1734445	LOC91461
ILMN_1734472	PEBP4
ILMN_1734476	KIF2A
ILMN_1734479	ACCN3
ILMN_1734483	BSDC1
ILMN_1734486	C1orf19
ILMN_1734496	ARID1A
ILMN_1734542	OVGP1
ILMN_1734550	SLC9A3
ILMN_1734596	TC2N
ILMN_1734602	SRRM2
ILMN_1734608	ZNF77
ILMN_1734655	ATG9B
ILMN_1734694	MEP1B
ILMN_1734696	FRG1
ILMN_1734702	MANEA
ILMN_1734707	CHST13
ILMN_1734734	ZNF519
ILMN_1734736	VPS16
ILMN_1734742	ARHGDIA
ILMN_1734748	LILRA1
ILMN_1734766	C6orf182
ILMN_1734773	PRSS1
ILMN_1734783	ZMYND11
ILMN_1734810	PJA1
ILMN_1734814	HSPA4
ILMN_1734826	NUP88
ILMN_1734827	MKI67
ILMN_1734830	MTHFR
ILMN_1734855	SELPLG
ILMN_1734867	NR2C1
ILMN_1734878	CD79A
ILMN_1734893	NTRK3
ILMN_1734895	SFT2D1
ILMN_1734950	LOXL1
ILMN_1734991	PPM1B
ILMN_1735004	C4orf43
ILMN_1735006	ATG2B
ILMN_1735014	KLF6
ILMN_1735038	March 3
ILMN_1735045	A4GALT
ILMN_1735052	ULK1
ILMN_1735055	TEAD1
ILMN_1735058	CHST12
ILMN_1735093	TIMELESS
ILMN_1735108	ANKS6
ILMN_1735124	OXT
ILMN_1735148	SEC24B
ILMN_1735155	GLB1
ILMN_1735156	SLC4A11
ILMN_1735157	GALNT12
ILMN_1735172	LOC151121
ILMN_1735180	NCSTN
ILMN_1735192	COLEC11
ILMN_1735199	CIAPIN1
ILMN_1735220	CAV2
ILMN_1735301	DGKD
ILMN_1735333	NBR1
ILMN_1735347	MCEE
ILMN_1735353	IRX1
ILMN_1735360	SDAD1
ILMN_1735361	MAPK11
ILMN_1735364	ANKFY1
ILMN_1735386	SLC22A11
ILMN_1735402	WDR22
ILMN_1735415	NUDT16L1
ILMN_1735432	ISCU
ILMN_1735438	GPM6B
ILMN_1735445	SLC7A9
ILMN_1735453	FAM98A
ILMN_1735461	DDX21
ILMN_1735463	FLJ20433
ILMN_1735502	MGC33846
ILMN_1735548	HIVEP1
ILMN_1735552	KIF1B
ILMN_1735573	DPH1
ILMN_1735584	ST8SIA5
ILMN_1735591	AGAP2
ILMN_1735594	CDC42SE2
ILMN_1735608	C19orf47
ILMN_1735679	DHX38
ILMN_1735680	TMEM30A
ILMN_1735719	UNG
ILMN_1735735	KATNB1
ILMN_1735737	SLC11A1
ILMN_1735743	FBLN7
ILMN_1735762	NPNT
ILMN_1735764	HTR2B
ILMN_1735765	RAB14
ILMN_1735779	KCNJ8
ILMN_1735788	TRIOBP
ILMN_1735792	RHBDF2
ILMN_1735798	OSBPL3
ILMN_1735822	TTC30A
ILMN_1735827	NISCH
ILMN_1735877	EFEMP1
ILMN_1735908	UTP15
ILMN_1735910	VMO1
ILMN_1735930	KLF2
ILMN_1735958	METTL2B
ILMN_1735959	CNOT4
ILMN_1735979	BCKDHA
ILMN_1735996	NOX4
ILMN_1736002	COPS5
ILMN_1736005	NCAPH2
ILMN_1736015	PHF17
ILMN_1736021	PRPF4B
ILMN_1736042	ME1
ILMN_1736048	ELL
ILMN_1736054	SUB1
ILMN_1736077	LIAS
ILMN_1736078	THBS4
ILMN_1736093	SNX33
ILMN_1736096	DLL3
ILMN_1736101	GLIS1
ILMN_1736103	ITPR2
ILMN_1736112	ARHGAP10
ILMN_1736127	KIAA0773
ILMN_1736130	C18orf22
ILMN_1736135	TYW1
ILMN_1736154	ProSAPiP1
ILMN_1736162	GC
ILMN_1736165	MLL3
ILMN_1736176	PLK1
ILMN_1736178	AEBP1
ILMN_1736180	FRAT1
ILMN_1736184	GSTM3
ILMN_1736234	C1orf77
ILMN_1736242	PLEKHG4
ILMN_1736256	CALR
ILMN_1736267	ZNF555
ILMN_1736285	RFT1
ILMN_1736311	POU2F2
ILMN_1736327	CDC42EP3
ILMN_1736340	ANGEL2
ILMN_1736353	PSMC1
ILMN_1736412	AMHR2
ILMN_1736441	PDXP
ILMN_1736453	RCVRN
ILMN_1736460	MDM1
ILMN_1736481	SECISBP2
ILMN_1736500	GNB2L1
ILMN_1736510	FOXN2
ILMN_1736527	TFCP2L1
ILMN_1736533	RND2
ILMN_1736548	PHACTR4
ILMN_1736555	ZNF280D
ILMN_1736562	TRIM39
ILMN_1736567	CD74
ILMN_1736568	CASP2
ILMN_1736575	TRIM28
ILMN_1736577	ZNF688
ILMN_1736584	MCF2L
ILMN_1736585	TMED10
ILMN_1736597	TKT
ILMN_1736623	NCKIPSD
ILMN_1736628	ORAI3
ILMN_1736650	JMJD2A
ILMN_1736654	PIP5K1B
ILMN_1736670	PPP1R3C
ILMN_1736689	PC
ILMN_1736700	ALDOA
ILMN_1736704	DIXDC1
ILMN_1736729	OAS2
ILMN_1736730	LRRC16
ILMN_1736742	GLT25D2
ILMN_1736751	VPS26B
ILMN_1736752	COMTD1
ILMN_1736792	PLEC1
ILMN_1736796	RB1CC1
ILMN_1736814	CLNS1A
ILMN_1736816	C13orf3
ILMN_1736820	HIST1H2BM
ILMN_1736828	CHST10
ILMN_1736829	MDM2
ILMN_1736836	BRF1
ILMN_1736847	MED8
ILMN_1736856	PDPR
ILMN_1736863	TMEM140
ILMN_1736888	SAR1B
ILMN_1736901	ZDHHC23
ILMN_1736911	TMOD1
ILMN_1736929	PLB1
ILMN_1736939	UGCG
ILMN_1736954	ZBTB7B
ILMN_1736956	GREB1
ILMN_1736965	SIGIRR
ILMN_1736972	GKAP1
ILMN_1736976	HPCAL4
ILMN_1736981	BRD4
ILMN_1736982	PHACTR1
ILMN_1736995	C12orf66
ILMN_1737005	C19orf61
ILMN_1737011	GOLM1
ILMN_1737015	RPL39
ILMN_1737025	PLCL2
ILMN_1737036	GGT7
ILMN_1737041	HABP2
ILMN_1737084	TXLNA
ILMN_1737087	WDR5
ILMN_1737089	CAPN5
ILMN_1737107	LTBP3
ILMN_1737124	PRPF4B
ILMN_1737131	DKFZp564N2472
ILMN_1737146	TRAM1
ILMN_1737152	DAO
ILMN_1737157	GRAMD1A
ILMN_1737163	SH3BGRL3
ILMN_1737168	THTPA
ILMN_1737170	FLII
ILMN_1737184	CDCA7
ILMN_1737195	CENPK
ILMN_1737205	MCM4
ILMN_1737211	ZNF585A
ILMN_1737252	NRG1
ILMN_1737254	USP1
ILMN_1737255	C22orf36
ILMN_1737271	TTC16
ILMN_1737283	MGC39900
ILMN_1737298	MAT2A
ILMN_1737308	GLRX
ILMN_1737313	STK31
ILMN_1737314	BCL6
ILMN_1737343	FNIP1
ILMN_1737344	DDX41
ILMN_1737380	BCAP29
ILMN_1737394	LMNA
ILMN_1737396	PSMD14
ILMN_1737406	KLF6
ILMN_1737426	PCMTD1
ILMN_1737433	RARG
ILMN_1737435	FOXD3
ILMN_1737462	OXR1
ILMN_1737475	ABHD11
ILMN_1737498	MLKL
ILMN_1737514	KYNU
ILMN_1737535	TAF4
ILMN_1737576	RASA1
ILMN_1737580	FAM152B
ILMN_1737585	VARS2
ILMN_1737588	C21orf33
ILMN_1737604	FLJ10986
ILMN_1737611	VAMP1
ILMN_1737612	ANXA13
ILMN_1737627	MAPK14
ILMN_1737631	PAQR6
ILMN_1737640	CSAG1
ILMN_1737644	TMEM219
ILMN_1737650	DIO2
ILMN_1737651	CDC40
ILMN_1737653	KRT78
ILMN_1737685	CRLS1
ILMN_1737695	PDGFB
ILMN_1737698	RNF126P1
ILMN_1737709	RPL10L
ILMN_1737715	OSR2
ILMN_1737728	CDCA3
ILMN_1737738	NDUFA12
ILMN_1737754	AKAP2
ILMN_1737805	TPCN1
ILMN_1737817	CCL25
ILMN_1737833	ATN1
ILMN_1737847	RMND5B
ILMN_1737857	GTF2B
ILMN_1737860	ZNF70
ILMN_1737862	PSMB4
ILMN_1737918	C1QA
ILMN_1737935	MACF1
ILMN_1737940	PCDHGB7
ILMN_1737945	ALG2
ILMN_1737949	GALNS
ILMN_1737964	HIATL1
ILMN_1737965	ELOVL4
ILMN_1737981	FSTL5
ILMN_1737988	PRNP
ILMN_1737992	CRAT
ILMN_1737993	ERBB3
ILMN_1738010	CTNS
ILMN_1738027	BRCA1
ILMN_1738058	CPNE6
ILMN_1738075	CMIP
ILMN_1738093	TMEM118
ILMN_1738095	PER2
ILMN_1738099	C2orf34
ILMN_1738103	COPE
ILMN_1738116	TMEM119
ILMN_1738124	ZNF772
ILMN_1738132	HOXA11
ILMN_1738147	NES
ILMN_1738150	SUMO2
ILMN_1738179	FOXP1
ILMN_1738207	CISH
ILMN_1738229	NDRG3
ILMN_1738233	AMIGO3
ILMN_1738237	HS1BP3
ILMN_1738239	RBM6
ILMN_1738243	RPS29
ILMN_1738263	PIGU
ILMN_1738268	IHPK3
ILMN_1738300	SLC4A8
ILMN_1738322	SHROOM1
ILMN_1738326	EIF4E2
ILMN_1738342	METT5D1
ILMN_1738346	EFHA1
ILMN_1738347	RNPEP
ILMN_1738362	RNF19A
ILMN_1738368	RREB1
ILMN_1738369	TUFM
ILMN_1738383	EEF2
ILMN_1738401	FOXC1
ILMN_1738420	TMEM201
ILMN_1738424	CDC42
ILMN_1738449	STIM2
ILMN_1738468	KEL
ILMN_1738482	CEP27
ILMN_1738494	AQP7
ILMN_1738523	MYD88
ILMN_1738529	BCS1L
ILMN_1738530	ATAD3A
ILMN_1738536	ZMAT1
ILMN_1738539	OPLAH
ILMN_1738549	VPREB1
ILMN_1738552	SLC1A3
ILMN_1738578	FILIP1L
ILMN_1738579	VHL
ILMN_1738589	MGLL
ILMN_1738604	ADH5
ILMN_1738622	NDNL2
ILMN_1738652	BAD
ILMN_1738656	GLOD4
ILMN_1738657	SATB2
ILMN_1738671	LOC731085
ILMN_1738675	PTPN6
ILMN_1738677	PRPF8
ILMN_1738680	PLEKHG5
ILMN_1738681	NUP62
ILMN_1738684	NRXN2
ILMN_1738691	POU4F1
ILMN_1738699	FXR2
ILMN_1738704	TRIM26
ILMN_1738707	S100A13
ILMN_1738712	GPR180
ILMN_1738718	CYB561D2
ILMN_1738725	LIF
ILMN_1738742	PLAT
ILMN_1738750	TFCP2
ILMN_1738759	PIGT
ILMN_1738767	PLP2
ILMN_1738784	PPP2R5A
ILMN_1738793	ZNF71
ILMN_1738796	PITPNC1
ILMN_1738816	FOXO1
ILMN_1738819	EFTUD2
ILMN_1738821	GOLGA2
ILMN_1738825	HIC1
ILMN_1738849	SLC9A2
ILMN_1738854	CACHD1
ILMN_1738866	DEXI
ILMN_1738883	RNF135
ILMN_1738909	TROVE2
ILMN_1738921	ACAA1
ILMN_1738938	TIMM8B
ILMN_1738955	C10orf104
ILMN_1738971	USP54
ILMN_1738987	HS2ST1
ILMN_1738989	GOLSYN
ILMN_1738992	MNDA
ILMN_1738993	PIK3C2G
ILMN_1739001	TACSTD2
ILMN_1739008	ATG9A
ILMN_1739032	TMEM70
ILMN_1739050	PIPOX
ILMN_1739076	HIST1H2BO
ILMN_1739081	ABI1
ILMN_1739083	SIRT1
ILMN_1739103	MPZL1
ILMN_1739151	MGAT2
ILMN_1739154	LSAMP
ILMN_1739156	DOPEY1
ILMN_1739161	PPAP2A
ILMN_1739162	CALML6
ILMN_1739178	TBXA2R
ILMN_1739199	FAM39DP
ILMN_1739210	NSL1
ILMN_1739214	TMPRSS5
ILMN_1739222	ETV5
ILMN_1739236	ZNF668
ILMN_1739238	L1CAM
ILMN_1739241	CHAC1
ILMN_1739253	STAMBP
ILMN_1739257	EIF3E
ILMN_1739259	UBE4A
ILMN_1739274	PDHB
ILMN_1739283	UPF2
ILMN_1739284	SLC6A5
ILMN_1739297	GALNT4
ILMN_1739345	C11orf48
ILMN_1739397	GLMN
ILMN_1739428	IFIT2
ILMN_1739440	VPS16
ILMN_1739450	NFE2L1
ILMN_1739454	USP34
ILMN_1739496	PRRX1
ILMN_1739497	GTF2H5
ILMN_1739521	NLGN1
ILMN_1739541	NMI
ILMN_1739558	CRELD1
ILMN_1739573	TNRC6A
ILMN_1739576	CYB5R2
ILMN_1739586	FEZ2
ILMN_1739587	UTY
ILMN_1739594	ACOT11
ILMN_1739601	MSI1
ILMN_1739618	ZNF408
ILMN_1739631	FRMPD2L2
ILMN_1739640	DCHS1
ILMN_1739641	MTMR3
ILMN_1739645	ANLN
ILMN_1739667	JAK3
ILMN_1739714	SCUBE1
ILMN_1739719	ASPH
ILMN_1739726	JSRP1
ILMN_1739749	B3GALT6
ILMN_1739751	SLC26A11
ILMN_1739792	RHOG
ILMN_1739794	CD3E
ILMN_1739798	C7orf30
ILMN_1739805	NDE1
ILMN_1739812	PRKCG
ILMN_1739813	HYAL1
ILMN_1739815	NLRP12
ILMN_1739821	EIF2S1
ILMN_1739840	LRRC8A
ILMN_1739847	EIF3D
ILMN_1739854	C15orf29
ILMN_1739876	RAB3GAP1
ILMN_1739885	SLC41A3
ILMN_1739914	ZNF618
ILMN_1739942	ALS2CR13
ILMN_1739943	SBNO1
ILMN_1739946	VKORC1
ILMN_1739967	TBK1
ILMN_1739985	TAGAP
ILMN_1739987	KCNH2
ILMN_1740005	SERPINF2
ILMN_1740010	PCNX
ILMN_1740024	NAALAD2
ILMN_1740045	ESR2
ILMN_1740083	ORC4L
ILMN_1740155	COL9A3
ILMN_1740160	PLCG1
ILMN_1740161	ANKRD26
ILMN_1740165	C14orf102
ILMN_1740169	TYRO3
ILMN_1740170	CHCHD10
ILMN_1740180	SNX3
ILMN_1740185	TPMT
ILMN_1740213	ELOVL7
ILMN_1740216	ERCC3
ILMN_1740217	HACE1
ILMN_1740231	ELMO1
ILMN_1740233	UGT1A10
ILMN_1740234	GSTO2
ILMN_1740265	ACOT7
ILMN_1740269	WNT2B
ILMN_1740291	POLQ
ILMN_1740292	PANK1
ILMN_1740294	MAP1D
ILMN_1740298	SIGLEC5
ILMN_1740319	FAM14A
ILMN_1740331	LOC642782
ILMN_1740339	ZNF473
ILMN_1740345	THYN1
ILMN_1740351	KIAA0174
ILMN_1740385	CEP164
ILMN_1740395	RAVER1
ILMN_1740407	CHSY3
ILMN_1740413	USP51
ILMN_1740415	WFDC3
ILMN_1740418	CYP27B1
ILMN_1740426	RASD1
ILMN_1740429	FTL
ILMN_1740430	SLC2A4RG
ILMN_1740441	CYB5R3
ILMN_1740466	FAM46A
ILMN_1740479	FABP2
ILMN_1740487	CMTM7
ILMN_1740490	ZFP82
ILMN_1740493	TRAF5
ILMN_1740500	TSPYL4
ILMN_1740508	KCNMA1
ILMN_1740523	KTN1
ILMN_1740524	NEU3
ILMN_1740555	SNAP25
ILMN_1740559	F7
ILMN_1740572	TCN2
ILMN_1740576	NOD3
ILMN_1740586	PLA2G2A
ILMN_1740587	RPS11
ILMN_1740604	RAB11FIP5
ILMN_1740627	TIAM2
ILMN_1740633	PRF1
ILMN_1740655	GRIN2D
ILMN_1740671	ATOH1
ILMN_1740716	RBM26
ILMN_1740717	ADH1C
ILMN_1740737	DCPS
ILMN_1740742	UROD
ILMN_1740752	AGPAT6
ILMN_1740759	MAMDC4
ILMN_1740762	GRB7
ILMN_1740770	GON4L
ILMN_1740772	APBB3
ILMN_1740776	OR5B12
ILMN_1740819	STARD7
ILMN_1740842	SALL2
ILMN_1740871	FGF5
ILMN_1740900	BMP4
ILMN_1740903	C7orf49
ILMN_1740917	SCNN1B
ILMN_1740920	ACADSB
ILMN_1740923	C20orf54
ILMN_1740927	LYRM4
ILMN_1740938	APOE
ILMN_1740949	LRRC19
ILMN_1740957	NVL
ILMN_1740960	MACROD1
ILMN_1741003	ANXA5
ILMN_1741005	RG9MTD2
ILMN_1741007	SGCA
ILMN_1741014	SLC28A3
ILMN_1741017	PIP4K2B
ILMN_1741021	CH25H
ILMN_1741027	GEFT
ILMN_1741032	HERC3
ILMN_1741054	SLC5A6
ILMN_1741056	CXXC6
ILMN_1741131	CHRNB1
ILMN_1741133	NME1
ILMN_1741148	ALDOA
ILMN_1741155	ZNF41
ILMN_1741156	ARMCX5
ILMN_1741159	MAP3K8
ILMN_1741165	SLC11A1
ILMN_1741171	TM2D2
ILMN_1741176	CHMP2B
ILMN_1741180	HEXDC
ILMN_1741200	RFX5
ILMN_1741204	KLHDC2
ILMN_1741219	RRAGB
ILMN_1741244	PRR8
ILMN_1741260	MDN1
ILMN_1741264	MRPS33
ILMN_1741265	CRYBA2
ILMN_1741288	ZNF136
ILMN_1741313	ZNF782
ILMN_1741334	IKZF4
ILMN_1741346	EPHB3
ILMN_1741350	CEP70
ILMN_1741356	PRICKLE1
ILMN_1741371	TMEM8
ILMN_1741389	B3GNT8
ILMN_1741398	KIAA0406
ILMN_1741404	MSC
ILMN_1741406	HOOK1
ILMN_1741422	FUT8
ILMN_1741430	MAGEA10
ILMN_1741431	AOC2
ILMN_1741440	SLC35A1
ILMN_1741455	USP30
ILMN_1741459	CDK10
ILMN_1741465	PTPRH
ILMN_1741475	C7orf47
ILMN_1741477	SMAD4
ILMN_1741483	HPS1
ILMN_1741491	ZNHIT1
ILMN_1741564	DCTN4
ILMN_1741566	BMP7
ILMN_1741572	AKAP8
ILMN_1741585	SFMBT1
ILMN_1741594	CLCN6
ILMN_1741599	MEMO1
ILMN_1741600	PFKFB1
ILMN_1741603	DBC1
ILMN_1741613	SERINC1
ILMN_1741628	ABL2
ILMN_1741632	RAB3IL1
ILMN_1741640	ZNF675
ILMN_1741648	HLA-DQB2
ILMN_1741674	PPP1R9A
ILMN_1741684	SMPD1
ILMN_1741688	CPXM2
ILMN_1741695	COL12A1
ILMN_1741736	DDX28
ILMN_1741755	TRIM29
ILMN_1741768	TMPRSS3
ILMN_1741780	DUSP28
ILMN_1741841	KIAA1429
ILMN_1741847	MMP10
ILMN_1741917	OSCAR
ILMN_1741942	STX16
ILMN_1741954	SMYD3
ILMN_1741957	RABEPK
ILMN_1741960	DGKG
ILMN_1741970	JUP
ILMN_1741971	KIAA1161
ILMN_1741976	SMARCAD1
ILMN_1741985	BBS10
ILMN_1741994	L3MBTL3
ILMN_1742003	RHPN1
ILMN_1742025	OLFM1
ILMN_1742026	PYHIN1
ILMN_1742031	IFRD2
ILMN_1742068	PRAMEF10
ILMN_1742074	C8orf76
ILMN_1742089	NLN
ILMN_1742109	DNAJC19
ILMN_1742135	SPAG16
ILMN_1742143	HIST1H2AD
ILMN_1742145	ESPL1
ILMN_1742147	UBL4A
ILMN_1742166	GRWD1
ILMN_1742167	TUBA1C
ILMN_1742187	MAN1A1
ILMN_1742197	PIP5K3
ILMN_1742224	SLTM
ILMN_1742230	BAZ1A
ILMN_1742238	SET
ILMN_1742260	SSFA2
ILMN_1742262	AZI1
ILMN_1742276	DKFZP564O0523
ILMN_1742307	MEST
ILMN_1742318	RNF121
ILMN_1742324	C1orf9
ILMN_1742330	PLXNB1
ILMN_1742379	IFT122
ILMN_1742382	RIMS3
ILMN_1742410	BCL2L1
ILMN_1742427	POLR1D
ILMN_1742432	COBRA1
ILMN_1742450	TAPBP
ILMN_1742456	OSTF1
ILMN_1742461	UAP1
ILMN_1742467	C6orf138
ILMN_1742473	C10orf72
ILMN_1742534	COL4A5
ILMN_1742541	ZNF518A
ILMN_1742544	MEF2C
ILMN_1742547	NRP1
ILMN_1742564	MLNR
ILMN_1742569	PAPD1
ILMN_1742577	GTPBP4
ILMN_1742578	MKLN1
ILMN_1742601	CR1
ILMN_1742604	C10orf4
ILMN_1742611	C1orf52
ILMN_1742618	XAF1
ILMN_1742677	HOXB13
ILMN_1742704	GNAO1
ILMN_1742705	SLC39A11
ILMN_1742738	C1orf190
ILMN_1742781	KIRREL
ILMN_1742782	BAT4
ILMN_1742788	PKD1L2
ILMN_1742789	LPXN
ILMN_1742798	SFRS10
ILMN_1742808	SF1
ILMN_1742813	TMEM167A
ILMN_1742824	SPATA13
ILMN_1742827	EXOC4
ILMN_1742872	UBA2
ILMN_1742881	SYT1
ILMN_1742889	WDR77
ILMN_1742917	NXNL1
ILMN_1742923	ZNF584
ILMN_1742935	ZNF33B
ILMN_1742949	PDZRN3
ILMN_1742968	NMNAT2
ILMN_1742976	ZFP30
ILMN_1742993	IPF1
ILMN_1743032	CTSS
ILMN_1743034	KIF1B
ILMN_1743049	PWP1
ILMN_1743055	NAT1
ILMN_1743065	PTPLAD1
ILMN_1743067	ZNF701
ILMN_1743086	UBE2Z
ILMN_1743103	SH3PXD2A
ILMN_1743104	RBM4B
ILMN_1743137	BAT2D1
ILMN_1743194	EEA1
ILMN_1743204	DUSP8
ILMN_1743205	ABCA7
ILMN_1743219	CA11
ILMN_1743232	MICALCL
ILMN_1743241	ARL4A
ILMN_1743290	GP9
ILMN_1743299	PXMP3
ILMN_1743301	MSR1
ILMN_1743303	TTC1
ILMN_1743316	FAM109A
ILMN_1743319	PAFAH1B2
ILMN_1743340	CHST14
ILMN_1743347	AKT2
ILMN_1743357	XPNPEP2
ILMN_1743361	PTGER3
ILMN_1743367	FZD4
ILMN_1743373	DLL1
ILMN_1743394	HNF4G
ILMN_1743402	SIX4
ILMN_1743412	SIAE
ILMN_1743421	RCOR1
ILMN_1743427	SCYL3
ILMN_1743432	DGUOK
ILMN_1743445	FAM107A
ILMN_1743456	ZCCHC14
ILMN_1743499	POLDIP2
ILMN_1743505	VPS24
ILMN_1743535	PIP5K3
ILMN_1743570	CEACAM3
ILMN_1743579	WDR4
ILMN_1743582	NUDT22
ILMN_1743583	MADD
ILMN_1743619	NEDD9
ILMN_1743620	RARRES1
ILMN_1743621	C17orf69
ILMN_1743638	ABCG1
ILMN_1743643	ZXDC
ILMN_1743655	TMED9
ILMN_1743662	KBTBD3
ILMN_1743677	HNRNPU
ILMN_1743714	CARD10
ILMN_1743747	RUSC1
ILMN_1743753	IFT81
ILMN_1743755	LOC441150
ILMN_1743763	TJAP1
ILMN_1743767	ZNF446
ILMN_1743770	SLC25A14
ILMN_1743784	SHMT1
ILMN_1743806	MIF4GD
ILMN_1743829	ATXN2
ILMN_1743836	MXRA7
ILMN_1743847	ACAP3
ILMN_1743910	PANK4
ILMN_1743911	SLC25A39
ILMN_1743933	TSHZ3
ILMN_1743939	C5orf24
ILMN_1743950	IGFL1
ILMN_1743966	BCL9L
ILMN_1743992	DCP1B
ILMN_1744006	GFOD2
ILMN_1744034	GPR27
ILMN_1744046	DIAPH2
ILMN_1744050	ASB7
ILMN_1744068	ELP3
ILMN_1744113	TNFAIP8L2
ILMN_1744118	ASTN2
ILMN_1744138	CHCHD7
ILMN_1744146	PTTG2
ILMN_1744147	CEBPZ
ILMN_1744200	SRMS
ILMN_1744211	PLA2G4F
ILMN_1744212	INPP5D
ILMN_1744239	FEM1B
ILMN_1744240	WDR67
ILMN_1744244	DPAGT1
ILMN_1744251	TBXA2R
ILMN_1744252	LOC729264
ILMN_1744268	PLEC1
ILMN_1744293	MUPCDH
ILMN_1744295	CDKN2A
ILMN_1744308	DHX33
ILMN_1744316	TATDN3
ILMN_1744381	SERPINE1
ILMN_1744387	KCNIP1
ILMN_1744398	ZSCAN10
ILMN_1744403	KCNIP3
ILMN_1744442	TTPAL
ILMN_1744458	CYP2W1
ILMN_1744487	C1QTNF5
ILMN_1744508	FAM53C
ILMN_1744517	GNS
ILMN_1744534	LYRM5
ILMN_1744560	ULK1
ILMN_1744574	TRUB1
ILMN_1744604	CYBA
ILMN_1744614	PLEKHG6
ILMN_1744628	FDX1L
ILMN_1744635	PUNC
ILMN_1744647	CAND1
ILMN_1744649	PSMB5
ILMN_1744665	EP300
ILMN_1744676	RNF112
ILMN_1744713	PARK7
ILMN_1744725	BTBD6
ILMN_1744784	TECTA
ILMN_1744794	USP26
ILMN_1744795	TBL1X
ILMN_1744815	PVRL1
ILMN_1744817	UGT1A1
ILMN_1744822	BECN1
ILMN_1744830	ARHGAP11A
ILMN_1744835	MRPL21
ILMN_1744862	TGFBR2
ILMN_1744897	KCNN3
ILMN_1744912	CTTN
ILMN_1744929	PTGER1
ILMN_1744937	PTPRM
ILMN_1744941	TCOF1
ILMN_1744959	NFX1
ILMN_1744963	ERO1L
ILMN_1744968	KCNAB1
ILMN_1744980	ZCCHC7
ILMN_1745034	SLC11A2
ILMN_1745041	TCF15
ILMN_1745049	UQCR
ILMN_1745075	RPLP0
ILMN_1745076	CLINT1
ILMN_1745077	MIA
ILMN_1745079	TRIM2
ILMN_1745108	ADAD2
ILMN_1745110	LAPTM4A
ILMN_1745112	FAM102A
ILMN_1745116	ABHD12
ILMN_1745130	RBM9
ILMN_1745132	GDF11
ILMN_1745151	SHANK2
ILMN_1745152	UQCC
ILMN_1745154	PARD6B
ILMN_1745172	ILF2
ILMN_1745217	FLJ10081
ILMN_1745223	CDC42EP4
ILMN_1745242	PLSCR1
ILMN_1745256	CXXC5
ILMN_1745271	EXOSC4
ILMN_1745282	RAGE
ILMN_1745329	PRR14
ILMN_1745343	ZMAT2
ILMN_1745365	PKNOX1
ILMN_1745368	TMEM50A
ILMN_1745374	IFI35
ILMN_1745385	HNRPM
ILMN_1745389	KIAA1328
ILMN_1745415	BBX
ILMN_1745420	PHF19
ILMN_1745447	HIVEP2
ILMN_1745469	SEC24B
ILMN_1745471	IRF9
ILMN_1745499	UXT
ILMN_1745501	DNALI1
ILMN_1745513	MCAT
ILMN_1745533	FAM117A
ILMN_1745570	KLK7
ILMN_1745573	TTC13
ILMN_1745583	EXOC1
ILMN_1745607	A2M
ILMN_1745623	EFCAB4A
ILMN_1745655	PEX16
ILMN_1745668	SYNE2
ILMN_1745686	MFHAS1
ILMN_1745697	MGRN1
ILMN_1745703	CORO2A
ILMN_1745737	DIS3L2
ILMN_1745764	FAM62C
ILMN_1745779	TCTEX1D2
ILMN_1745784	ZNF324
ILMN_1745787	POLL
ILMN_1745798	GTF2F2
ILMN_1745806	PEMT
ILMN_1745807	TMEM62
ILMN_1745811	TDRD3
ILMN_1745817	NELL1
ILMN_1745826	KATNAL2
ILMN_1745849	ENTPD5
ILMN_1745852	WDR33
ILMN_1745860	FLJ40852
ILMN_1745880	DNAI1
ILMN_1745885	POLR2F
ILMN_1745887	FBXO21
ILMN_1745904	CCDC6
ILMN_1745927	TGFBR1
ILMN_1745946	CCDC5
ILMN_1745954	CORO1C
ILMN_1745962	FBXO7
ILMN_1745963	FOLR2
ILMN_1745964	IRAK2
ILMN_1745988	NUDT12
ILMN_1745991	GNRH1
ILMN_1745994	GAS7
ILMN_1746012	MBD6
ILMN_1746013	SPOCK1
ILMN_1746020	MDM4
ILMN_1746027	GNAL
ILMN_1746053	BCL6
ILMN_1746085	IGFBP3
ILMN_1746090	STT3A
ILMN_1746135	PHF23
ILMN_1746137	ST7
ILMN_1746138	RLTPR
ILMN_1746148	LRRC33
ILMN_1746164	SCD5
ILMN_1746206	AZI1
ILMN_1746213	SNX20
ILMN_1746232	KITLG
ILMN_1746243	TES
ILMN_1746257	DAZAP1
ILMN_1746265	SARM1
ILMN_1746276	EPC1
ILMN_1746317	NUPL1
ILMN_1746359	RERG
ILMN_1746376	SCARA3
ILMN_1746378	GHDC
ILMN_1746393	TSEN2
ILMN_1746408	MIDN
ILMN_1746426	TOMM70A
ILMN_1746435	HIST1H1E
ILMN_1746436	HCG27
ILMN_1746457	GTF3C2
ILMN_1746465	FJX1
ILMN_1746492	RABL4
ILMN_1746494	FNTA
ILMN_1746516	RPS25
ILMN_1746517	KYNU
ILMN_1746526	DAZAP1
ILMN_1746561	BCL2L2
ILMN_1746565	CD6
ILMN_1746578	SLC23A2
ILMN_1746579	UBE2O
ILMN_1746588	TALDO1
ILMN_1746598	SCNM1
ILMN_1746604	IL6ST
ILMN_1746618	PAQR7
ILMN_1746633	C9orf25
ILMN_1746652	UNC93A
ILMN_1746658	RORB
ILMN_1746661	ERCC8
ILMN_1746664	WSB2
ILMN_1746670	C18orf26
ILMN_1746673	Septin 3
ILMN_1746686	POLR1C
ILMN_1746696	PDS5B
ILMN_1746704	TRIM8
ILMN_1746708	PCDHGB3
ILMN_1746720	TTC39C
ILMN_1746784	SLAIN1
ILMN_1746801	CGN
ILMN_1746819	C5
ILMN_1746832	CEP290
ILMN_1746836	PTAFR
ILMN_1746846	TTLL4
ILMN_1746856	RAB21
ILMN_1746883	SAT2
ILMN_1746888	PCOLCE2
ILMN_1746941	HIPK3
ILMN_1746968	PHF1
ILMN_1747016	CEP55
ILMN_1747020	SGK3
ILMN_1747023	PTGIR
ILMN_1747058	TRAPPC2L
ILMN_1747067	NPAS1
ILMN_1747078	HYLS1
ILMN_1747084	FLJ42177
ILMN_1747105	CAPS2
ILMN_1747146	TSG101
ILMN_1747159	OGDH
ILMN_1747160	SYT15
ILMN_1747162	DDX47
ILMN_1747184	PUS7L
ILMN_1747192	RNF125
ILMN_1747195	PSMB8
ILMN_1747197	SLC41A2
ILMN_1747204	HTRA2
ILMN_1747217	C15orf41
ILMN_1747241	IWS1
ILMN_1747251	LTB4R
ILMN_1747271	ATP1B2
ILMN_1747281	EVI5L
ILMN_1747303	DDX39
ILMN_1747305	GIMAP8
ILMN_1747318	INADL
ILMN_1747344	IL3RA
ILMN_1747353	KIF27
ILMN_1747358	TNK2
ILMN_1747395	SLC24A1
ILMN_1747397	SLC7A8
ILMN_1747412	DPP3
ILMN_1747436	SCML4
ILMN_1747442	P4HA1
ILMN_1747451	PLCXD1
ILMN_1747460	TMEM184B
ILMN_1747499	EMID1
ILMN_1747504	AHCTF1
ILMN_1747506	DHX34
ILMN_1747546	TSPAN1
ILMN_1747556	CDK9
ILMN_1747577	ALAD
ILMN_1747580	NF2
ILMN_1747589	HIST2H2AB
ILMN_1747593	ISLR
ILMN_1747598	PPP1R11
ILMN_1747613	KCNC3
ILMN_1747622	CD33
ILMN_1747627	ABCA2
ILMN_1747629	KCNMB3
ILMN_1747630	DEK
ILMN_1747655	CCDC74B
ILMN_1747665	Septin 2
ILMN_1747673	RASL10A
ILMN_1747697	CHML
ILMN_1747716	ALDOB
ILMN_1747730	NOTCH2NL
ILMN_1747744	LHFPL2
ILMN_1747775	STX2
ILMN_1747783	CYS1
ILMN_1747800	FLJ45224
ILMN_1747824	ZNF85
ILMN_1747857	SMARCE1
ILMN_1747870	CD3EAP
ILMN_1747903	DNAJC11
ILMN_1747911	CDC2
ILMN_1747923	ZSWIM2
ILMN_1747934	ISYNA1
ILMN_1747935	GOLGB1
ILMN_1747943	ZNF695
ILMN_1747948	MEOX1
ILMN_1747968	RBM33
ILMN_1748004	PAEP
ILMN_1748018	GORASP2
ILMN_1748027	PGAM5
ILMN_1748034	KLHDC4
ILMN_1748077	DDX59
ILMN_1748090	SLC2A11
ILMN_1748092	F8A3
ILMN_1748093	PAFAH1B3
ILMN_1748109	PEX1
ILMN_1748116	GEMIN8
ILMN_1748124	TSC22D3
ILMN_1748147	MTO1
ILMN_1748157	EIF2B4
ILMN_1748178	KY
ILMN_1748189	RTBDN
ILMN_1748206	C20orf160
ILMN_1748241	CENPP
ILMN_1748271	ATF2
ILMN_1748272	MAP3K7IP3
ILMN_1748281	MAPK10
ILMN_1748283	PIM2
ILMN_1748290	FLJ13614
ILMN_1748291	C1orf55
ILMN_1748323	CXCL14
ILMN_1748352	CTSL2
ILMN_1748358	MBNL1
ILMN_1748366	SLC5A9
ILMN_1748393	March 9
ILMN_1748427	ZNF239
ILMN_1748438	POLR2G
ILMN_1748473	GIMAP4
ILMN_1748476	NOP5/NOP58
ILMN_1748481	TMEM199
ILMN_1748488	TXNL4B
ILMN_1748538	ALDH1A2
ILMN_1748546	Septin 2
ILMN_1748591	ODC1
ILMN_1748601	CD8B
ILMN_1748614	RELT
ILMN_1748616	GTF2F1
ILMN_1748625	TCEAL4
ILMN_1748650	MRPL45
ILMN_1748651	PSMB3
ILMN_1748661	AKT1
ILMN_1748685	TRIM31
ILMN_1748694	NHSL2
ILMN_1748707	CRELD2
ILMN_1748730	CTRC
ILMN_1748751	NLF2
ILMN_1748770	CKAP5
ILMN_1748797	GRB2
ILMN_1748803	ZDHHC9
ILMN_1748819	MRPL22
ILMN_1748823	LOC374920
ILMN_1748831	PPP1R13B
ILMN_1748836	FUZ
ILMN_1748840	CALB2
ILMN_1748881	MRAS
ILMN_1748883	CDKN2D
ILMN_1748884	TOB2
ILMN_1748889	PCDHGA7
ILMN_1748890	GPR176
ILMN_1748894	GTPBP3
ILMN_1748903	LIN28
ILMN_1748907	UBQLNL
ILMN_1748908	PROSC
ILMN_1748911	SNAP23
ILMN_1748926	TMEM209
ILMN_1748970	ATAD4
ILMN_1748983	RTN4
ILMN_1749001	ABCA5
ILMN_1749006	RCSD1
ILMN_1749009	REXO2
ILMN_1749011	NECAP2
ILMN_1749032	CREB3L1
ILMN_1749044	PVRL4
ILMN_1749070	HLA-DPB1
ILMN_1749078	TIMP2
ILMN_1749081	AUTS2
ILMN_1749109	PSAP
ILMN_1749114	OTC
ILMN_1749115	RTN2
ILMN_1749162	DIO2
ILMN_1749210	BUD13
ILMN_1749213	SDF2L1
ILMN_1749239	LRRFIP2
ILMN_1749244	LYRM1
ILMN_1749253	TUBD1
ILMN_1749287	TLR6
ILMN_1749297	ACTL6A
ILMN_1749327	MAPK13
ILMN_1749343	PLXNA4B
ILMN_1749345	STX5
ILMN_1749368	HIST1H3H
ILMN_1749372	GGT5
ILMN_1749376	TMEM201
ILMN_1749396	LSR
ILMN_1749403	TSPAN33
ILMN_1749405	KIAA1191
ILMN_1749410	PKP4
ILMN_1749432	MRPL32
ILMN_1749447	RPS9
ILMN_1749466	VAT1L
ILMN_1749478	TCEAL3
ILMN_1749502	ZNF215
ILMN_1749521	SLC35E3
ILMN_1749553	ENTPD2
ILMN_1749583	KIAA1285
ILMN_1749591	ITGAL
ILMN_1749629	CUL1
ILMN_1749634	PLRG1
ILMN_1749636	DNAJC22
ILMN_1749639	PDE4DIP
ILMN_1749662	GPX1
ILMN_1749667	OBSCN
ILMN_1749709	NDUFB11
ILMN_1749722	RNF213
ILMN_1749738	NECAB3
ILMN_1749751	KLHL17
ILMN_1749752	NOLA1
ILMN_1749789	HIST1H1D
ILMN_1749792	SORBS1
ILMN_1749809	ZNF813
ILMN_1749821	MED28
ILMN_1749829	DLG7
ILMN_1749838	MZF1
ILMN_1749846	OMD
ILMN_1749848	SLC35F1
ILMN_1749866	GATA4
ILMN_1749868	FAM171A1
ILMN_1749878	FAM124B
ILMN_1749892	EGLN1
ILMN_1749915	C1orf63
ILMN_1749930	TMEM48
ILMN_1749944	DLGAP4
ILMN_1749960	FAM78B
ILMN_1749962	NCAM2
ILMN_1749996	KCNN2
ILMN_1750008	SUPV3L1
ILMN_1750011	EXOC7
ILMN_1750044	ZNHIT3
ILMN_1750051	FLJ39827
ILMN_1750052	NOL14
ILMN_1750062	PPARGC1A
ILMN_1750079	PURB
ILMN_1750088	VRK2
ILMN_1750092	SEPSECS
ILMN_1750101	S100A11
ILMN_1750102	EME1
ILMN_1750130	GSPT1
ILMN_1750144	C3orf19
ILMN_1750167	PRR3
ILMN_1750180	HIST1H2BB
ILMN_1750181	TESC
ILMN_1750188	LAT
ILMN_1750203	THAP7
ILMN_1750234	PRSS2
ILMN_1750240	PTPN14
ILMN_1750246	ZBTB1
ILMN_1750256	ALS2
ILMN_1750312	OSTbeta
ILMN_1750330	OR51E1
ILMN_1750373	KAL1
ILMN_1750400	C19orf66
ILMN_1750401	C17orf62
ILMN_1750404	C17orf42
ILMN_1750409	RAB9A
ILMN_1750429	MKNK1
ILMN_1750469	UCN3
ILMN_1750496	ZBTB16
ILMN_1750497	GPR109A
ILMN_1750511	NT5C3L
ILMN_1750521	UCP3
ILMN_1750549	PI4K2A
ILMN_1750563	CERCAM
ILMN_1750599	ATP2B1
ILMN_1750624	RXRG
ILMN_1750636	RPS26L
ILMN_1750641	SRCAP
ILMN_1750658	HAX1
ILMN_1750661	FBXW9
ILMN_1750664	PPT2
ILMN_1750674	SDSL
ILMN_1750689	MPP5
ILMN_1750693	SSR1
ILMN_1750711	MYO19
ILMN_1750718	TNRC15
ILMN_1750761	NCR1
ILMN_1750785	SYTL1
ILMN_1750790	GSTM5
ILMN_1750792	VAC14
ILMN_1750800	ACO1
ILMN_1750805	ARHGAP30
ILMN_1750861	PML
ILMN_1750880	AMN1
ILMN_1750896	STX17
ILMN_1750941	DLX4
ILMN_1750967	ZKSCAN3
ILMN_1750969	C9orf10OS
ILMN_1750974	S100A9
ILMN_1750981	SLC25A26
ILMN_1751016	LONRF2
ILMN_1751020	PACSIN1
ILMN_1751028	SERPINH1
ILMN_1751040	RAB23
ILMN_1751051	C7orf25
ILMN_1751062	SCARA5
ILMN_1751072	SRPRB
ILMN_1751075	SETD4
ILMN_1751079	TAP1
ILMN_1751081	EHMT2
ILMN_1751086	ATL3
ILMN_1751097	CREB3L2
ILMN_1751099	CCDC48
ILMN_1751120	HIST1H4H
ILMN_1751141	RGS12
ILMN_1751149	BACH1
ILMN_1751161	COL7A1
ILMN_1751164	ARHGAP30
ILMN_1751171	IRF2BP1
ILMN_1751206	MLLT10
ILMN_1751228	C20orf46
ILMN_1751241	TCOF1
ILMN_1751243	OSBPL7
ILMN_1751258	NDUFA4
ILMN_1751264	CCDC126
ILMN_1751289	DERPC
ILMN_1751328	FAM83H
ILMN_1751330	RBCK1
ILMN_1751338	NUP133
ILMN_1751346	ERBB3
ILMN_1751362	FASTKD1
ILMN_1751378	RARS
ILMN_1751393	ZNF684
ILMN_1751395	KRI1
ILMN_1751396	BAG5
ILMN_1751400	SKAP1
ILMN_1751425	ERMP1
ILMN_1751431	WIBG
ILMN_1751444	NCAPG
ILMN_1751445	PPY
ILMN_1751452	NDFIP1
ILMN_1751453	ABCC9
ILMN_1751460	FEV
ILMN_1751464	TNFSF9
ILMN_1751474	ARHGAP29
ILMN_1751492	FAM18B
ILMN_1751500	ADAM15
ILMN_1751530	GADD45GIP1
ILMN_1751559	C16orf30
ILMN_1751571	RAD23A
ILMN_1751572	TLE1
ILMN_1751596	HIVEP3
ILMN_1751598	SESN2
ILMN_1751607	FOSB
ILMN_1751615	COQ10B
ILMN_1751627	TRAPPC3
ILMN_1751636	ANKS3
ILMN_1751656	KLF11
ILMN_1751666	GPSM1
ILMN_1751692	ZNF17
ILMN_1751743	XRCC1
ILMN_1751753	IDH2
ILMN_1751776	CKAP2L
ILMN_1751789	HNMT
ILMN_1751803	LSM10
ILMN_1751816	MCTS1
ILMN_1751839	RUNX3
ILMN_1751851	CECR1
ILMN_1751871	STK11
ILMN_1751886	REC8
ILMN_1751897	FLJ32569
ILMN_1751898	C12orf4
ILMN_1751901	TMEM163
ILMN_1751904	EDNRB
ILMN_1751956	MGST3
ILMN_1751958	NSUN5
ILMN_1751963	ZCWPW1
ILMN_1751984	PRKAG1
ILMN_1752006	COX18
ILMN_1752012	KCND3
ILMN_1752027	UBE3B
ILMN_1752032	PPP2R3B
ILMN_1752065	NLF2
ILMN_1752075	MYBPC1
ILMN_1752089	IL17RE
ILMN_1752111	SMARCAL1
ILMN_1752197	PDDC1
ILMN_1752199	LHPP
ILMN_1752213	TMEM60
ILMN_1752226	P2RY11
ILMN_1752229	TIMM50
ILMN_1752247	AKAP13
ILMN_1752249	FAM38A
ILMN_1752269	ACSS1
ILMN_1752281	DNAJC13
ILMN_1752283	ITCH
ILMN_1752285	RPL4
ILMN_1752294	PCDH9
ILMN_1752299	RAB6B
ILMN_1752303	YY1AP1
ILMN_1752307	FLT1
ILMN_1752321	SFMBT1
ILMN_1752340	ARF5
ILMN_1752343	FAM13C1
ILMN_1752394	CCNB1IP1
ILMN_1752404	CBFA2T2
ILMN_1752409	TNRC6A
ILMN_1752432	CYFIP1
ILMN_1752435	SEC22C
ILMN_1752451	CTSH
ILMN_1752455	DOCK5
ILMN_1752476	C6orf134
ILMN_1752478	DHRS3
ILMN_1752502	HKDC1
ILMN_1752526	RNF144B
ILMN_1752559	FBS1
ILMN_1752575	USP42
ILMN_1752579	ATP6V0A1
ILMN_1752582	RAB5B
ILMN_1752589	TMEM183A
ILMN_1752591	LEPROTL1
ILMN_1752622	PROX1
ILMN_1752631	CGGBP1
ILMN_1752639	SLC25A24
ILMN_1752665	ELMO3
ILMN_1752668	DAAM2
ILMN_1752728	FUCA1
ILMN_1752741	TRIM23
ILMN_1752755	VWF
ILMN_1752758	BTN2A2
ILMN_1752793	SAP18
ILMN_1752802	CLPTM1L
ILMN_1752810	LARP6
ILMN_1752813	UGT1A6
ILMN_1752837	ARL8B
ILMN_1752867	TAS2R5
ILMN_1752877	PHF1
ILMN_1752895	STX8
ILMN_1752923	IFNAR1
ILMN_1752927	KIAA1600
ILMN_1752932	MPZL2
ILMN_1752935	TMEM30B
ILMN_1752947	C17orf79
ILMN_1752953	BCL2L12
ILMN_1752967	DHPS
ILMN_1752968	LAMB2
ILMN_1752988	C11orf17
ILMN_1753002	RAB2B
ILMN_1753006	TACR2
ILMN_1753008	REXO1
ILMN_1753010	PET112L
ILMN_1753016	MRPL35
ILMN_1753063	KIF15
ILMN_1753064	TTC13
ILMN_1753101	VTCN1
ILMN_1753111	NAMPT
ILMN_1753112	CD5
ILMN_1753122	MCPH1
ILMN_1753135	ALK
ILMN_1753139	LOC124220
ILMN_1753143	RHPN2
ILMN_1753164	IPO8
ILMN_1753165	WNK1
ILMN_1753182	COL20A1
ILMN_1753183	CDCA4
ILMN_1753190	C9orf102
ILMN_1753207	FZR1
ILMN_1753241	SNTA1
ILMN_1753243	DNAJB11
ILMN_1753249	DDX10
ILMN_1753251	SEMA6D
ILMN_1753271	B4GALNT3
ILMN_1753279	HNRNPA0
ILMN_1753312	PLXDC2
ILMN_1753329	PTCH2
ILMN_1753342	SAT1
ILMN_1753345	SCAMP5
ILMN_1753370	ABTB2
ILMN_1753377	RASGRF2
ILMN_1753393	OSGEP
ILMN_1753404	LRRC23
ILMN_1753413	TRIOBP
ILMN_1753426	KIAA0556
ILMN_1753440	C4orf30
ILMN_1753449	CST1
ILMN_1753457	PKP3
ILMN_1753467	SAMD4B
ILMN_1753468	CD63
ILMN_1753472	SUMF1
ILMN_1753482	FAM86C
ILMN_1753498	COASY
ILMN_1753515	SRR
ILMN_1753523	SDC3
ILMN_1753524	HIST1H2AB
ILMN_1753547	STAT5A
ILMN_1753582	RPA2
ILMN_1753584	KRT8
ILMN_1753597	FKRP
ILMN_1753607	PNO1
ILMN_1753613	HOXA5
ILMN_1753627	DOLK
ILMN_1753639	MTAP
ILMN_1753648	SPRYD5
ILMN_1753665	PRR4
ILMN_1753683	SOCS7
ILMN_1753712	STX10
ILMN_1753716	EIF2B1
ILMN_1753719	GTF2A2
ILMN_1753745	HDDC2
ILMN_1753782	ZNF266
ILMN_1753789	TNN
ILMN_1753790	ZNF259
ILMN_1753795	SOCS4
ILMN_1753805	PRKD2
ILMN_1753823	IL17D
ILMN_1753830	ETV4
ILMN_1753885	YTHDF1
ILMN_1753912	ABHD11
ILMN_1753950	ZNF326
ILMN_1753975	NPTN
ILMN_1753976	MRPL27
ILMN_1754076	CACNA2D3
ILMN_1754078	CABP7
ILMN_1754121	CSK
ILMN_1754130	TRIM52
ILMN_1754145	CAPRIN1
ILMN_1754149	LETMD1
ILMN_1754178	GDI2
ILMN_1754179	AP1G2
ILMN_1754195	RPL31
ILMN_1754199	BCL7B
ILMN_1754220	SF3A2
ILMN_1754235	SLC35C2
ILMN_1754247	SLC3A1
ILMN_1754272	GINS3
ILMN_1754279	FBXW7
ILMN_1754303	RPL30
ILMN_1754304	C6orf151
ILMN_1754315	MMAA
ILMN_1754370	SPAG8
ILMN_1754410	C12orf72
ILMN_1754423	C3orf23
ILMN_1754476	TRIM15
ILMN_1754489	FBXL20
ILMN_1754507	IRF4
ILMN_1754529	SPG7
ILMN_1754531	AP4E1
ILMN_1754553	MED19
ILMN_1754562	ARHGEF17
ILMN_1754576	KRT6C
ILMN_1754579	SYNE2
ILMN_1754580	FRMPD1
ILMN_1754600	FNBP1L
ILMN_1754655	TTLL5
ILMN_1754656	TCP10L
ILMN_1754660	ZCCHC24
ILMN_1754708	TNK2
ILMN_1754716	HAS1
ILMN_1754738	AP1M1
ILMN_1754753	IL6R
ILMN_1754757	SCNN1D
ILMN_1754788	GMPR2
ILMN_1754795	FAT
ILMN_1754798	KSR1
ILMN_1754827	LRRC45
ILMN_1754842	DLGAP4
ILMN_1754858	PASK
ILMN_1754880	HERC2P2
ILMN_1754894	C1orf162
ILMN_1754920	C6orf58
ILMN_1754921	FAM43B
ILMN_1754943	MYO1E
ILMN_1754956	CTAGE5
ILMN_1754969	LMCD1
ILMN_1755023	RAD50
ILMN_1755024	IKBKE
ILMN_1755041	PPA2
ILMN_1755047	LRRC2
ILMN_1755051	EFHC1
ILMN_1755075	IDI1
ILMN_1755077	HEBP2
ILMN_1755111	C6orf199
ILMN_1755114	EIF2AK4
ILMN_1755115	RPL23
ILMN_1755134	HSPA4
ILMN_1755138	NEK8
ILMN_1755173	PLEKHA4
ILMN_1755179	RNF180
ILMN_1755215	SAMD5
ILMN_1755221	LMAN2L
ILMN_1755222	C9orf82
ILMN_1755224	TMEM102
ILMN_1755234	SSH3
ILMN_1755235	XPO6
ILMN_1755303	ZNF217
ILMN_1755318	HIST1H2AJ
ILMN_1755321	AAAS
ILMN_1755335	C19orf45
ILMN_1755350	PIWIL2
ILMN_1755352	TUB
ILMN_1755354	YBX2
ILMN_1755364	RALA
ILMN_1755369	RAB3A
ILMN_1755383	LRRC1
ILMN_1755391	ARL2BP
ILMN_1755405	FRAG1
ILMN_1755411	RBMS2
ILMN_1755414	C12orf36
ILMN_1755415	SAMD3
ILMN_1755462	UGCGL1
ILMN_1755502	USP2
ILMN_1755504	CALCOCO2
ILMN_1755531	KCNAB3
ILMN_1755536	PFDN5
ILMN_1755582	PCSK1N
ILMN_1755588	ANKRD47
ILMN_1755620	IER5L
ILMN_1755643	MGAT4A
ILMN_1755649	SLC16A5
ILMN_1755657	RASIP1
ILMN_1755658	ABI3
ILMN_1755677	FAM158A
ILMN_1755711	C17orf68
ILMN_1755727	JARID1B
ILMN_1755732	ARMC9
ILMN_1755733	RPLP2
ILMN_1755737	TRABD
ILMN_1755741	DACH1
ILMN_1755792	STK38L
ILMN_1755818	BGLAP
ILMN_1755822	SYDE1
ILMN_1755850	ZNF350
ILMN_1755862	PFAS
ILMN_1755869	OR51T1
ILMN_1755897	UGT2B7
ILMN_1755909	C20orf11
ILMN_1755926	DBI
ILMN_1755937	ANXA2
ILMN_1755942	GPR120
ILMN_1755974	ALDOC
ILMN_1755983	NFATC3
ILMN_1755992	UCP3
ILMN_1756006	ATG2A
ILMN_1756022	HIST1H2AM
ILMN_1756049	NT5DC3
ILMN_1756071	MFGE8
ILMN_1756079	WASF1
ILMN_1756086	INTS3
ILMN_1756093	TCEAL4
ILMN_1756104	LARP7
ILMN_1756125	H1FNT
ILMN_1756146	WDR45
ILMN_1756152	MFSD11
ILMN_1756162	EXOSC8
ILMN_1756204	RPS6KA4
ILMN_1756220	DDX18
ILMN_1756308	NAE1
ILMN_1756311	UFSP2
ILMN_1756312	SEMA7A
ILMN_1756328	SETD3
ILMN_1756352	MAPBPIP
ILMN_1756355	NDUFS3
ILMN_1756358	FBXO36
ILMN_1756360	RPL35A
ILMN_1756402	TMEM177
ILMN_1756417	ANKRD37
ILMN_1756424	SNX21
ILMN_1756426	HDLBP
ILMN_1756439	SCRN1
ILMN_1756443	INHA
ILMN_1756469	GAMT
ILMN_1756501	ST6GAL1
ILMN_1756525	KLHL20
ILMN_1756541	MXD4
ILMN_1756542	TBC1D17
ILMN_1756550	NUP62CL
ILMN_1756573	NDUFA4L2
ILMN_1756590	SYS1
ILMN_1756595	SH3TC1
ILMN_1756631	ZNF526
ILMN_1756650	DGKH
ILMN_1756657	TRIM7
ILMN_1756669	POGK
ILMN_1756683	LRRC18
ILMN_1756693	ARHGAP17
ILMN_1756694	SYN3
ILMN_1756696	USF2
ILMN_1756701	MGC4172
ILMN_1756705	CHTF18
ILMN_1756715	RUNDC3A
ILMN_1756734	MYO15A
ILMN_1756755	LINGO1
ILMN_1756767	EIF5B
ILMN_1756779	CLTC
ILMN_1756784	FREQ
ILMN_1756793	POLS
ILMN_1756806	MCL1
ILMN_1756811	C1orf103
ILMN_1756814	PTPRE
ILMN_1756849	HIST1H2AE
ILMN_1756860	TXNL1
ILMN_1756862	APOL3
ILMN_1756867	ATE1
ILMN_1756874	FBXO42
ILMN_1756877	C14orf179
ILMN_1756878	SLC39A9
ILMN_1756880	RIBC1
ILMN_1756898	COQ9
ILMN_1756910	PLA2G15
ILMN_1756920	ADAM15
ILMN_1756921	DNAI2
ILMN_1756928	RTN1
ILMN_1756935	OSBPL6
ILMN_1756982	CLIC1
ILMN_1756992	MUC1
ILMN_1756999	RBL2
ILMN_1757011	LY75
ILMN_1757036	AQP12A
ILMN_1757052	SLC16A1
ILMN_1757060	CAMK2D
ILMN_1757074	GNG10
ILMN_1757081	SYN2
ILMN_1757099	C10orf81
ILMN_1757106	March 6
ILMN_1757129	TMEM88
ILMN_1757134	FKSG24
ILMN_1757137	C4orf38
ILMN_1757143	DGKZ
ILMN_1757184	HOXC4
ILMN_1757186	GIMAP1
ILMN_1757210	CALML4
ILMN_1757230	ZNF250
ILMN_1757237	DDEF2
ILMN_1757255	CDKN2A
ILMN_1757262	ZBTB5
ILMN_1757270	DBN1
ILMN_1757287	MAPK6
ILMN_1757298	BTBD7
ILMN_1757317	LARS
ILMN_1757336	LRCH3
ILMN_1757338	PLSCR4
ILMN_1757343	PABPC4
ILMN_1757347	C22orf9
ILMN_1757350	CTNNB1
ILMN_1757361	NCF4
ILMN_1757378	PLEC1
ILMN_1757384	RAN
ILMN_1757387	UCHL1
ILMN_1757388	OCEL1
ILMN_1757406	HIST1H1C
ILMN_1757408	ZNF256
ILMN_1757415	C1orf163
ILMN_1757437	UMPS
ILMN_1757439	RBM4
ILMN_1757440	FAM69B
ILMN_1757467	H1F0
ILMN_1757497	VGF
ILMN_1757506	ELN
ILMN_1757536	USP40
ILMN_1757537	RGAG4
ILMN_1757552	PTRF
ILMN_1757569	GSK3A
ILMN_1757604	TPM2
ILMN_1757627	ZMYND19
ILMN_1757631	DBNDD1
ILMN_1757636	C5orf35
ILMN_1757644	UBE2H
ILMN_1757660	CAPS
ILMN_1757723	C6orf106
ILMN_1757730	TTC27
ILMN_1757732	OSGIN2
ILMN_1757742	ZRANB1
ILMN_1757747	LOC554235
ILMN_1757754	SUDS3
ILMN_1757757	TM6SF2
ILMN_1757781	SAP30L
ILMN_1757785	GIMAP6
ILMN_1757794	BRWD3
ILMN_1757845	SPIRE1
ILMN_1757847	C11orf68
ILMN_1757877	HCFC1R1
ILMN_1757882	PPP1R16A
ILMN_1757910	HIP1R
ILMN_1757914	C19orf56
ILMN_1757956	PCGF1
ILMN_1757978	FLJ20309
ILMN_1757995	PARP2
ILMN_1758008	ODF3L1
ILMN_1758034	ETFDH
ILMN_1758038	ALKBH1
ILMN_1758049	NFIA
ILMN_1758055	YIF1B
ILMN_1758066	DSCR8
ILMN_1758067	RGS4
ILMN_1758087	TAOK1
ILMN_1758093	C14orf101
ILMN_1758102	LOC643853
ILMN_1758104	PRPS2
ILMN_1758105	ZNF791
ILMN_1758128	CYGB
ILMN_1758146	SIRPA
ILMN_1758164	STC1
ILMN_1758173	TMEM99
ILMN_1758209	UACA
ILMN_1758214	RARS2
ILMN_1758229	QSOX1
ILMN_1758232	GGCX
ILMN_1758250	TRAFD1
ILMN_1758281	CALCRL
ILMN_1758293	UBR7
ILMN_1758311	NET1
ILMN_1758315	SLC9A9
ILMN_1758337	ZNF213
ILMN_1758339	CSTF1
ILMN_1758378	TSC1
ILMN_1758392	ANKS1B
ILMN_1758398	GUK1
ILMN_1758412	COPS7A
ILMN_1758457	TBC1D16
ILMN_1758461	ST8SIA2
ILMN_1758497	TTYH1
ILMN_1758523	ABCA3
ILMN_1758529	P2RX1
ILMN_1758542	BMP1
ILMN_1758545	DNAJB12
ILMN_1758548	NEK7
ILMN_1758597	NAGS
ILMN_1758599	C1orf76
ILMN_1758613	RAPGEFL1
ILMN_1758623	HIST1H2BD
ILMN_1758626	IDS
ILMN_1758629	DONSON
ILMN_1758633	CCDC130
ILMN_1758642	FLJ90757
ILMN_1758658	FADD
ILMN_1758672	FAM107B
ILMN_1758673	SLC44A1
ILMN_1758674	TMEM93
ILMN_1758679	TMEM168
ILMN_1758705	IRX6
ILMN_1758717	SUPT6H
ILMN_1758728	FANCG
ILMN_1758731	CYP2J2
ILMN_1758750	EARS2
ILMN_1758778	CEP110
ILMN_1758784	ATP2C1
ILMN_1758806	C21orf2
ILMN_1758811	IMPA1
ILMN_1758823	SMARCB1
ILMN_1758825	ABLIM2
ILMN_1758827	RTN4IP1
ILMN_1758831	RNF31
ILMN_1758846	ANKRD40
ILMN_1758852	ENTPD7
ILMN_1758895	CTSK
ILMN_1758907	UGT1A6
ILMN_1758915	PDCD2
ILMN_1758918	BRD2
ILMN_1758924	LRFN2
ILMN_1758938	SLC31A2
ILMN_1758939	RIPK2
ILMN_1758941	REEP5
ILMN_1759003	SNX12
ILMN_1759008	ZNF689
ILMN_1759012	PPP1R1B
ILMN_1759023	WFS1
ILMN_1759030	MAP4K5
ILMN_1759075	TNFRSF13B
ILMN_1759084	INTS8
ILMN_1759097	MLLT11
ILMN_1759117	XK
ILMN_1759154	PABPN1
ILMN_1759173	WWP2
ILMN_1759175	DUSP10
ILMN_1759184	C19orf48
ILMN_1759195	C22orf9
ILMN_1759219	ZMAT5
ILMN_1759232	IRS1
ILMN_1759250	TAP2
ILMN_1759252	ADD1
ILMN_1759261	C16orf55
ILMN_1759297	PATZ1
ILMN_1759312	AMPD1
ILMN_1759325	LOC283951
ILMN_1759326	P2RX7
ILMN_1759330	KIF1A
ILMN_1759341	MAN2B1
ILMN_1759411	C16orf79
ILMN_1759419	ILVBL
ILMN_1759436	NOSIP
ILMN_1759460	TAF7
ILMN_1759488	DUSP10
ILMN_1759495	XPO5
ILMN_1759513	RND3
ILMN_1759542	PTGER3
ILMN_1759549	SRGAP2
ILMN_1759563	NRIP3
ILMN_1759585	CHEK2
ILMN_1759595	C22orf29
ILMN_1759598	DLX5
ILMN_1759613	PNMA6A
ILMN_1759622	G3BP2
ILMN_1759628	ATP1B3
ILMN_1759631	SERPINA4
ILMN_1759633	REPS2
ILMN_1759652	C1orf61
ILMN_1759670	AMACR
ILMN_1759700	NLGN3
ILMN_1759729	NDUFA8
ILMN_1759743	SLC38A10
ILMN_1759766	CTXN1
ILMN_1759772	LRRC56
ILMN_1759787	THBD
ILMN_1759792	CLIP4
ILMN_1759801	DPP8
ILMN_1759910	SERPINA5
ILMN_1759915	ARPC1A
ILMN_1759948	RNF5P1
ILMN_1759952	PSMA5
ILMN_1759954	PTMA
ILMN_1759958	IL15RA
ILMN_1759973	NDUFA5
ILMN_1759983	DR1
ILMN_1759984	KCTD1
ILMN_1759987	HS6ST1
ILMN_1760027	WAS
ILMN_1760037	C6orf134
ILMN_1760040	PPIL3
ILMN_1760047	VAX2
ILMN_1760049	SERGEF
ILMN_1760051	SOX5
ILMN_1760062	IFI44
ILMN_1760087	SLC26A3
ILMN_1760088	CCKBR
ILMN_1760103	GKN1
ILMN_1760121	RRAGC
ILMN_1760143	ADRM1
ILMN_1760153	GATA5
ILMN_1760160	STX1A
ILMN_1760174	MCCC1
ILMN_1760180	MID2
ILMN_1760189	NAIP
ILMN_1760201	DNMT1
ILMN_1760208	GDAP1L1
ILMN_1760209	RNF111
ILMN_1760245	TMEM42
ILMN_1760246	BSN
ILMN_1760247	CD70
ILMN_1760256	RBM22
ILMN_1760280	NXT1
ILMN_1760294	ZNF417
ILMN_1760303	PIK3R1
ILMN_1760314	CCDC8
ILMN_1760315	VWCE
ILMN_1760320	GNB1
ILMN_1760332	PIGL
ILMN_1760335	ADPRHL1
ILMN_1760339	ZNF774
ILMN_1760369	TSSK3
ILMN_1760374	CD8A
ILMN_1760400	C8orf41
ILMN_1760412	SHISA2
ILMN_1760441	MRPS5
ILMN_1760449	TSPAN32
ILMN_1760466	AP4S1
ILMN_1760490	ACVR1
ILMN_1760493	LIMS2
ILMN_1760503	ZBBX
ILMN_1760506	HSD17B7P2
ILMN_1760509	EOMES
ILMN_1760513	DYDC2
ILMN_1760530	BLOC1S2
ILMN_1760563	BAT2
ILMN_1760628	C9orf86
ILMN_1760647	HOXA3
ILMN_1760649	PCK2
ILMN_1760667	POLR3GL
ILMN_1760676	MORF4L1
ILMN_1760682	STAG3L1
ILMN_1760683	SFRS9
ILMN_1760688	SAMD14
ILMN_1760708	CRYBB2
ILMN_1760714	RPS3
ILMN_1760718	ZMIZ2
ILMN_1760727	ANG
ILMN_1760741	NDUFA9
ILMN_1760748	PBLD
ILMN_1760757	BRIP1
ILMN_1760778	ENG
ILMN_1760802	MRE11A
ILMN_1760830	FBXO32
ILMN_1760849	NETO2
ILMN_1760855	OCRL
ILMN_1760858	RAB8A
ILMN_1760866	C9orf4
ILMN_1760890	SEPN1
ILMN_1760922	GIT2
ILMN_1760982	ZNF187
ILMN_1761000	ASAH3L
ILMN_1761010	PCCB
ILMN_1761031	PTPDC1
ILMN_1761044	GNB1L
ILMN_1761049	EIF2C3
ILMN_1761058	ACAD11
ILMN_1761069	UVRAG
ILMN_1761083	HNRNPA3
ILMN_1761084	FNDC5
ILMN_1761086	VPS54
ILMN_1761093	B3GAT1
ILMN_1761101	CCDC112
ILMN_1761113	GNL2
ILMN_1761120	TM2D3
ILMN_1761122	CSAG3B
ILMN_1761131	PECI
ILMN_1761138	C9orf142
ILMN_1761147	GABPB2
ILMN_1761148	TRMT11
ILMN_1761159	FAM62A
ILMN_1761163	HS3ST3B1
ILMN_1761176	GRIPAP1
ILMN_1761181	NOL9
ILMN_1761242	COMMD1
ILMN_1761247	PIR
ILMN_1761259	EXT2
ILMN_1761260	COBLL1
ILMN_1761262	MPI
ILMN_1761275	FUT6
ILMN_1761309	ADCK5
ILMN_1761314	NFS1
ILMN_1761322	FHOD3
ILMN_1761324	MITF
ILMN_1761334	ARID4B
ILMN_1761363	VAMP4
ILMN_1761388	DAB2IP
ILMN_1761409	ZNF167
ILMN_1761411	C10orf119
ILMN_1761425	OLFML2A
ILMN_1761442	WDR24
ILMN_1761450	DHRS4L2
ILMN_1761463	EFHD2
ILMN_1761464	CD74
ILMN_1761476	TTC3
ILMN_1761479	ZC3HC1
ILMN_1761519	EIF4G2
ILMN_1761531	SGPL1
ILMN_1761540	SEMA3F
ILMN_1761551	FAT4
ILMN_1761560	PHF13
ILMN_1761566	C5orf32
ILMN_1761574	CHRM2
ILMN_1761577	STEAP3
ILMN_1761594	FAM35A
ILMN_1761684	WNK2
ILMN_1761721	VPS35
ILMN_1761722	ZNF579
ILMN_1761733	HLA-DMB
ILMN_1761764	ALKBH7
ILMN_1761772	NUP155
ILMN_1761778	TNFSF8
ILMN_1761793	APOL1
ILMN_1761797	CSTB
ILMN_1761804	ALDH9A1
ILMN_1761820	EDARADD
ILMN_1761828	E2F4
ILMN_1761829	HK1
ILMN_1761844	ZCCHC17
ILMN_1761851	CACNA1A
ILMN_1761858	MID1
ILMN_1761903	KCNS1
ILMN_1761912	MGAT1
ILMN_1761938	RAC1
ILMN_1761939	TIPIN
ILMN_1761941	C4orf18
ILMN_1761946	PROM2
ILMN_1761961	CCDC90A
ILMN_1761963	C4orf29
ILMN_1761968	PPP1R14A
ILMN_1761969	DERL2
ILMN_1761981	FAM96A
ILMN_1761994	SMAD5
ILMN_1761996	SFRS5
ILMN_1762002	CSTF3
ILMN_1762003	SEC62
ILMN_1762046	ZNF551
ILMN_1762071	C17orf80
ILMN_1762080	JMY
ILMN_1762091	CATSPERB
ILMN_1762095	TMTC4
ILMN_1762098	ZNF747
ILMN_1762103	WDR48
ILMN_1762106	MMP2
ILMN_1762115	CRYZL1
ILMN_1762142	CDCA7
ILMN_1762167	GTDC1
ILMN_1762170	LOC441956
ILMN_1762204	C1orf150
ILMN_1762224	HPS3
ILMN_1762225	DDX49
ILMN_1762231	ZEB1
ILMN_1762233	EFCAB5
ILMN_1762260	C3
ILMN_1762262	PKIA
ILMN_1762281	DCTN3
ILMN_1762284	ASPRV1
ILMN_1762294	ADAMTSL4
ILMN_1762303	SYNJ1
ILMN_1762312	FOXRED1
ILMN_1762316	CPSF3L
ILMN_1762327	DHRS12
ILMN_1762330	C1D
ILMN_1762337	7A5
ILMN_1762407	CABLES2
ILMN_1762439	C19orf6
ILMN_1762466	BBS4
ILMN_1762529	SLC12A8
ILMN_1762531	FGF9
ILMN_1762549	ORAOV1
ILMN_1762561	PLA2G10
ILMN_1762582	ARNT
ILMN_1762594	NOD2
ILMN_1762606	AQP11
ILMN_1762608	KIAA1632
ILMN_1762615	FAM175B
ILMN_1762622	FAM111B
ILMN_1762629	ANO9
ILMN_1762631	TSC2
ILMN_1762639	MED11
ILMN_1762674	NUP43
ILMN_1762678	NMT1
ILMN_1762712	HHEX
ILMN_1762725	EIF3EIP
ILMN_1762764	SH3BGRL2
ILMN_1762766	PTPRA
ILMN_1762787	RNF26
ILMN_1762792	MAGED1
ILMN_1762801	KLF12
ILMN_1762802	CNIH2
ILMN_1762803	RFXDC2
ILMN_1762810	IL1RL2
ILMN_1762835	HELZ
ILMN_1762883	ECE2
ILMN_1762899	EGR1
ILMN_1762932	CHMP2A
ILMN_1762952	ARTN
ILMN_1762972	CHD9
ILMN_1762990	KIAA0141
ILMN_1762993	PIGV
ILMN_1763000	ADAP2
ILMN_1763011	C7orf10
ILMN_1763036	CLCN6
ILMN_1763047	NRXN2
ILMN_1763080	QARS
ILMN_1763091	C14orf43
ILMN_1763104	TRAF4
ILMN_1763127	CCBP2
ILMN_1763129	XTP3TPA
ILMN_1763137	INVS
ILMN_1763144	NEU1
ILMN_1763162	DPH2
ILMN_1763196	WDR72
ILMN_1763198	STAT6
ILMN_1763207	BATF3
ILMN_1763208	ZNF10
ILMN_1763228	MEF2D
ILMN_1763260	HIF1A
ILMN_1763264	MRPL2
ILMN_1763265	CHMP1B
ILMN_1763267	ZFYVE28
ILMN_1763326	C5orf25
ILMN_1763328	GZF1
ILMN_1763333	TBX6
ILMN_1763344	ADCYAP1
ILMN_1763347	PIK3CB
ILMN_1763364	WHDC1
ILMN_1763371	RGS3
ILMN_1763386	BID
ILMN_1763401	C21orf58
ILMN_1763409	LRRC8D
ILMN_1763433	TRIM9
ILMN_1763436	SETX
ILMN_1763437	CHIC1
ILMN_1763457	SGCD
ILMN_1763460	NHP2L1
ILMN_1763467	LY6G5C
ILMN_1763487	CTLA4
ILMN_1763491	CKMT1B
ILMN_1763520	SULT2B1
ILMN_1763523	HARS
ILMN_1763524	LZTS2
ILMN_1763539	IER3IP1
ILMN_1763540	PSME4
ILMN_1763560	NFKBID
ILMN_1763568	ZDHHC16
ILMN_1763587	TNMD
ILMN_1763603	FAM177A1
ILMN_1763604	CACNB1
ILMN_1763605	DIDO1
ILMN_1763627	TNPO1
ILMN_1763634	PEX14
ILMN_1763638	BCAR3
ILMN_1763641	ZNF614
ILMN_1763654	DENND1B
ILMN_1763666	ALDH3B2
ILMN_1763688	C17orf49
ILMN_1763694	RSPRY1
ILMN_1763704	RGS11
ILMN_1763712	FOXA2
ILMN_1763723	PTDSS2
ILMN_1763730	APPL1
ILMN_1763739	SOLH
ILMN_1763749	GUCA2A
ILMN_1763750	NPTX1
ILMN_1763763	RIPK3
ILMN_1763765	RAD1
ILMN_1763793	PPM1L
ILMN_1763828	MTF1
ILMN_1763834	APLP1
ILMN_1763837	ANPEP
ILMN_1763842	PTRH1
ILMN_1763852	ACACB
ILMN_1763869	BAI1
ILMN_1763875	ABCF1
ILMN_1763878	CDADC1
ILMN_1763884	Magmas
ILMN_1763887	SFI1
ILMN_1763907	C6orf173
ILMN_1763916	ACVR1B
ILMN_1763941	LRRC49
ILMN_1763972	TJP2
ILMN_1764022	FXYD1
ILMN_1764029	FLJ40448
ILMN_1764034	XCR1
ILMN_1764043	TTL
ILMN_1764091	R3HDM2
ILMN_1764096	CCBL1
ILMN_1764098	TRNT1
ILMN_1764127	NPHP1
ILMN_1764158	NLGN2
ILMN_1764168	STXBP3
ILMN_1764175	GPD1
ILMN_1764177	JARID2
ILMN_1764185	CDC37L1
ILMN_1764188	C9orf93
ILMN_1764201	MAP2
ILMN_1764230	GNPTG
ILMN_1764231	LMO3
ILMN_1764239	PMPCA
ILMN_1764309	ADH1A
ILMN_1764314	FGD1
ILMN_1764320	C8orf58
ILMN_1764321	ACOT4
ILMN_1764361	DUSP16
ILMN_1764380	GLTP
ILMN_1764383	MCOLN1
ILMN_1764396	HDAC4
ILMN_1764410	C22orf13
ILMN_1764414	SOS2
ILMN_1764415	ZNF585A
ILMN_1764431	COPS6
ILMN_1764456	KIAA0329
ILMN_1764489	TBL2
ILMN_1764494	ATP5A1
ILMN_1764500	C3orf10
ILMN_1764522	LMBR1
ILMN_1764549	UBE3A
ILMN_1764557	FIT1
ILMN_1764577	MFNG
ILMN_1764596	MPST
ILMN_1764607	UGT1A7
ILMN_1764609	PWWP2B
ILMN_1764617	GPATCH8
ILMN_1764628	LYPLA2
ILMN_1764629	SLC39A14
ILMN_1764694	ZFP14
ILMN_1764709	MAFB
ILMN_1764714	LOC55908
ILMN_1764721	RPL8
ILMN_1764723	SH3PXD2B
ILMN_1764729	JAG2
ILMN_1764747	LIMD1
ILMN_1764754	RAMP1
ILMN_1764764	MUM1
ILMN_1764769	VWA5A
ILMN_1764770	MGC15763
ILMN_1764788	TNFRSF1B
ILMN_1764794	PSMB2
ILMN_1764803	SMU1
ILMN_1764813	B3GALTL
ILMN_1764826	TFE3
ILMN_1764827	MRFAP1L1
ILMN_1764829	EML1
ILMN_1764850	HPCAL1
ILMN_1764854	ZNF761
ILMN_1764861	ISOC1
ILMN_1764867	LOC649431
ILMN_1764871	PIGP
ILMN_1764873	ELAVL1
ILMN_1764927	CDC42EP1
ILMN_1764945	AP3D1
ILMN_1764964	IFNGR2
ILMN_1764970	JMJD1C
ILMN_1764980	SERPINA1
ILMN_1764986	HIST3H2BB
ILMN_1765001	NAT6
ILMN_1765017	COL6A2
ILMN_1765019	SACM1L
ILMN_1765021	TOP3B
ILMN_1765043	RPL38
ILMN_1765044	CUTC
ILMN_1765060	FBXO34
ILMN_1765061	OXER1
ILMN_1765076	APPL2
ILMN_1765082	RBM10
ILMN_1765109	TNFRSF25
ILMN_1765116	PAOX
ILMN_1765122	MAP3K2
ILMN_1765146	IFNAR2
ILMN_1765159	ELMOD2
ILMN_1765165	VPS13B
ILMN_1765184	MBNL3
ILMN_1765189	PTK2B
ILMN_1765204	ST13
ILMN_1765208	GLUL
ILMN_1765212	LARP2
ILMN_1765222	CARS2
ILMN_1765248	EFS
ILMN_1765254	ZNF655
ILMN_1765257	CINP
ILMN_1765258	HLA-E
ILMN_1765274	CAPN11
ILMN_1765287	MGC35440
ILMN_1765299	PRIMA1
ILMN_1765310	TCEAL2
ILMN_1765326	DGKD
ILMN_1765328	C21orf57
ILMN_1765332	TIMM10
ILMN_1765355	NOX1
ILMN_1765371	LUC7L
ILMN_1765400	C20orf77
ILMN_1765409	STAM
ILMN_1765417	RBBP9
ILMN_1765446	EMP3
ILMN_1765451	MAGI3
ILMN_1765459	S100A13
ILMN_1765460	AMIGO1
ILMN_1765480	C10orf4
ILMN_1765493	SHKBP1
ILMN_1765500	NDUFV3
ILMN_1765518	RNASEH2C
ILMN_1765520	MTIF2
ILMN_1765522	PPM1G
ILMN_1765523	TOLLIP
ILMN_1765525	WBSCR16
ILMN_1765532	RDBP
ILMN_1765557	OLFML2B
ILMN_1765558	NPAS2
ILMN_1765574	TFAP2A
ILMN_1765578	TIPARP
ILMN_1765584	TMEM38A
ILMN_1765606	YAF2
ILMN_1765607	SLC6A2
ILMN_1765614	LYNX1
ILMN_1765621	HDGF
ILMN_1765641	SEMA3A
ILMN_1765649	IRF3
ILMN_1765684	C19orf70
ILMN_1765711	FBXO11
ILMN_1765729	MAML2
ILMN_1765746	SFT2D3
ILMN_1765796	ENO2
ILMN_1765801	GAA
ILMN_1765833	SLC9A3R2
ILMN_1765851	TRADD
ILMN_1765858	CAB39
ILMN_1765860	DOCK11
ILMN_1765872	SIPA1L3
ILMN_1765876	ARHGAP24
ILMN_1765880	C16orf57
ILMN_1765923	FLJ22222
ILMN_1765954	HSD17B3
ILMN_1765971	MOGAT1
ILMN_1765994	ZBP1
ILMN_1766000	PM20D2
ILMN_1766010	YARS
ILMN_1766045	SH3GLB1
ILMN_1766054	ABCA1
ILMN_1766112	WHSC1
ILMN_1766123	FHIT
ILMN_1766125	LONP1
ILMN_1766157	MRVI1
ILMN_1766159	MIER2
ILMN_1766165	SNCA
ILMN_1766169	BCAT1
ILMN_1766171	SNF8
ILMN_1766176	RAP1A
ILMN_1766178	LOC51233
ILMN_1766185	AXIN1
ILMN_1766200	CALHM2
ILMN_1766221	B4GALT1
ILMN_1766222	LARP5
ILMN_1766245	SUPT4H1
ILMN_1766247	ZBTB2
ILMN_1766261	SLC2A12
ILMN_1766264	PI16
ILMN_1766275	PIK3CD
ILMN_1766309	ANKRD54
ILMN_1766346	ZNF512B
ILMN_1766359	GATAD2B
ILMN_1766363	FLT3
ILMN_1766405	GOLM1
ILMN_1766425	REPS2
ILMN_1766435	WBP11
ILMN_1766475	MGAT3
ILMN_1766528	SLC25A36
ILMN_1766541	BCL2L11
ILMN_1766551	CPA3
ILMN_1766560	ANKHD1-EIF4EBP3
ILMN_1766593	KIAA1542
ILMN_1766613	ZNF121
ILMN_1766637	GLA
ILMN_1766650	FOXA1
ILMN_1766652	MOCS3
ILMN_1766657	STOM
ILMN_1766668	PCDH7
ILMN_1766707	IL17B
ILMN_1766712	TCF21
ILMN_1766718	LYSMD3
ILMN_1766729	WNT9A
ILMN_1766762	DYNLRB1
ILMN_1766793	C9orf23
ILMN_1766797	CCS
ILMN_1766803	TUBGCP6
ILMN_1766814	TK2
ILMN_1766896	ZDHHC19
ILMN_1766904	MAPK10
ILMN_1766914	MFAP4
ILMN_1766918	KCNK5
ILMN_1766925	CDH13
ILMN_1766950	PCDHB13
ILMN_1766981	UNC50
ILMN_1766983	FBXW11
ILMN_1767006	PSMB8
ILMN_1767015	BCORL1
ILMN_1767020	DENND1C
ILMN_1767068	SMAD6
ILMN_1767090	MYH13
ILMN_1767111	ANO10
ILMN_1767129	ABCC8
ILMN_1767135	SOS1
ILMN_1767139	NDUFA13
ILMN_1767142	ZNF280D
ILMN_1767171	MOBKL2C
ILMN_1767182	CMIP
ILMN_1767219	POLR1C
ILMN_1767253	RRP12
ILMN_1767256	MBTPS1
ILMN_1767320	MAPK1
ILMN_1767322	EDAR
ILMN_1767324	EIF4EBP1
ILMN_1767337	SFXN5
ILMN_1767343	LOC126147
ILMN_1767362	ADAMTS6
ILMN_1767365	PAK1
ILMN_1767414	CDK3
ILMN_1767422	POLR1D
ILMN_1767433	TBC1D5
ILMN_1767446	RNF150
ILMN_1767448	LHFP
ILMN_1767459	POLR3B
ILMN_1767470	SCPEP1
ILMN_1767475	CERK
ILMN_1767503	GABRB3
ILMN_1767509	DEF8
ILMN_1767523	IL17RB
ILMN_1767541	CENTD1
ILMN_1767556	C10orf10
ILMN_1767579	KRR1
ILMN_1767643	CTRB2
ILMN_1767651	DKFZP434B0335
ILMN_1767658	RRS1
ILMN_1767662	LASS6
ILMN_1767665	LOC493869
ILMN_1767666	SCN1B
ILMN_1767717	SLC2A11
ILMN_1767722	AFTPH
ILMN_1767747	HDAC2
ILMN_1767801	SAMD10
ILMN_1767811	ZNF416
ILMN_1767813	MAML1
ILMN_1767816	APH1B
ILMN_1767839	ZFP41
ILMN_1767848	PCMTD2
ILMN_1767892	DUSP12
ILMN_1767894	POLB
ILMN_1767900	LGI2
ILMN_1767973	MADCAM1
ILMN_1767992	SLC12A6
ILMN_1768016	TNFRSF17
ILMN_1768020	NY-SAR-48
ILMN_1768031	DEDD2
ILMN_1768050	SCOC
ILMN_1768062	ADK
ILMN_1768071	C2orf50
ILMN_1768076	ZC3H14
ILMN_1768097	RPGR
ILMN_1768101	HOXB6
ILMN_1768110	ZAK
ILMN_1768117	RBM25
ILMN_1768127	EBNA1BP2
ILMN_1768176	CXorf26
ILMN_1768181	TOR3A
ILMN_1768227	DCN
ILMN_1768248	FOXP1
ILMN_1768251	SLC25A26
ILMN_1768260	GAS6
ILMN_1768271	SMAP1
ILMN_1768273	POP1
ILMN_1768282	SNX21
ILMN_1768284	P2RY8
ILMN_1768293	NUP155
ILMN_1768301	ERG
ILMN_1768357	RTN1
ILMN_1768363	BAP1
ILMN_1768393	SNRPD1
ILMN_1768394	ARPC5
ILMN_1768396	AURKAIP1
ILMN_1768399	ARFIP1
ILMN_1768425	TF
ILMN_1768433	CCDC71
ILMN_1768449	PRPSAP1
ILMN_1768469	TCN1
ILMN_1768470	EIF4G1
ILMN_1768480	VGLL4
ILMN_1768483	KCNK3
ILMN_1768488	TERF2
ILMN_1768491	TBC1D25
ILMN_1768505	IL13RA1
ILMN_1768506	MAPK15
ILMN_1768510	MAN2B2
ILMN_1768533	CACNA2D1
ILMN_1768534	BHLHB2
ILMN_1768575	SFTPD
ILMN_1768582	PPP2CB
ILMN_1768595	DLG4
ILMN_1768598	LAIR1
ILMN_1768637	TNNI3
ILMN_1768640	CRNKL1
ILMN_1768662	UCK2
ILMN_1768705	SYT4
ILMN_1768721	DPPA4
ILMN_1768732	SPAG16
ILMN_1768751	MTA3
ILMN_1768754	PILRB
ILMN_1768772	DEGS2
ILMN_1768783	ATP11A
ILMN_1768784	PSMC2
ILMN_1768798	SPAG9
ILMN_1768809	ZNF134
ILMN_1768812	FXYD6
ILMN_1768816	TMPO
ILMN_1768820	CYP11A1
ILMN_1768855	C15orf37
ILMN_1768867	AP3B1
ILMN_1768870	CAPZA2
ILMN_1768877	CCDC7
ILMN_1768900	IL28B
ILMN_1768913	TSN
ILMN_1768925	C1QTNF3
ILMN_1768930	U2AF2
ILMN_1768940	COL15A1
ILMN_1768951	KIAA1377
ILMN_1768953	SDC1
ILMN_1768954	RIBC1
ILMN_1768958	RASGRP1
ILMN_1768960	ATG4A
ILMN_1768962	AKAP8L
ILMN_1768969	LBR
ILMN_1768973	HIST2H2AC
ILMN_1769011	C8orf79
ILMN_1769013	ASGR1
ILMN_1769014	GTPBP5
ILMN_1769018	PCSK4
ILMN_1769027	CDC42SE1
ILMN_1769031	FRAP1
ILMN_1769040	NCOA2
ILMN_1769082	TXNDC5
ILMN_1769091	PRCP
ILMN_1769092	FAM176B
ILMN_1769099	ZNF253
ILMN_1769103	MAFG
ILMN_1769118	Septin 9
ILMN_1769129	CCL19
ILMN_1769140	KIAA1958
ILMN_1769143	KCNE2
ILMN_1769158	ISOC2
ILMN_1769168	ARL10
ILMN_1769191	GNAS
ILMN_1769201	ELF3
ILMN_1769207	KCTD7
ILMN_1769219	TPSG1
ILMN_1769229	BCL2A1
ILMN_1769245	GLIPR1
ILMN_1769250	ARFGAP2
ILMN_1769264	MCCC2
ILMN_1769280	SPRY1
ILMN_1769282	FRMD6
ILMN_1769299	MTMR11
ILMN_1769382	KBTBD3
ILMN_1769388	GJB2
ILMN_1769390	LOC116236
ILMN_1769394	PLCD1
ILMN_1769406	PIAS2
ILMN_1769409	C9orf123
ILMN_1769412	RAPGEF1
ILMN_1769416	TTN
ILMN_1769433	IQGAP2
ILMN_1769451	ILVBL
ILMN_1769458	SPIN2B
ILMN_1769471	C21orf58
ILMN_1769473	SETD2
ILMN_1769503	ZNRF2
ILMN_1769508	PIGX
ILMN_1769517	PRKDC
ILMN_1769520	UBE2L6
ILMN_1769540	FLJ43276
ILMN_1769545	PRPF19
ILMN_1769546	RIN2
ILMN_1769550	SLFN5
ILMN_1769559	GLIPR1L2
ILMN_1769575	JAM3
ILMN_1769601	MGC16169
ILMN_1769615	FLRT2
ILMN_1769633	CTSO
ILMN_1769634	STRA13
ILMN_1769637	RNMT
ILMN_1769665	RAB5C
ILMN_1769671	RYK
ILMN_1769673	ZNF655
ILMN_1769694	ACCN2
ILMN_1769702	GPAA1
ILMN_1769720	STAU2
ILMN_1769721	SP6
ILMN_1769751	PIGG
ILMN_1769755	CAPN10
ILMN_1769758	FANCA
ILMN_1769779	PTP4A3
ILMN_1769782	LAX1
ILMN_1769783	ZDHHC2
ILMN_1769787	SELO
ILMN_1769810	ARL6IP5
ILMN_1769822	PLAA
ILMN_1769839	L1TD1
ILMN_1769869	PIP5K1A
ILMN_1769876	TBC1D2
ILMN_1769883	IDE
ILMN_1769902	HSPBP1
ILMN_1769910	ULBP3
ILMN_1769911	SLC38A1
ILMN_1769925	FAM148A
ILMN_1769926	DBN1
ILMN_1769931	SFPQ
ILMN_1769960	GPS1
ILMN_1769961	DPF1
ILMN_1769997	NFATC1
ILMN_1770005	PTPN18
ILMN_1770014	KCNQ4
ILMN_1770020	PPIL3
ILMN_1770030	C7orf43
ILMN_1770031	ABHD10
ILMN_1770035	NCOA5
ILMN_1770048	DPH5
ILMN_1770053	RBBP7
ILMN_1770084	TACC1
ILMN_1770085	BTG2
ILMN_1770087	MOCS2
ILMN_1770102	FLJ21687
ILMN_1770127	DNAJA2
ILMN_1770130	C10orf113
ILMN_1770152	ADAMTS18
ILMN_1770161	BST1
ILMN_1770203	TUBGCP6
ILMN_1770206	GEMIN4
ILMN_1770209	LY6G5C
ILMN_1770244	CBX1
ILMN_1770247	HOXA10
ILMN_1770248	PDLIM2
ILMN_1770260	NFKBIZ
ILMN_1770266	ZNF354B
ILMN_1770281	ERC1
ILMN_1770290	CNN2
ILMN_1770293	KLF5
ILMN_1770307	NTRK1
ILMN_1770329	RABGGTA
ILMN_1770338	TM4SF1
ILMN_1770339	RPAIN
ILMN_1770373	TMEM39A
ILMN_1770378	ANAPC10
ILMN_1770388	VPS39
ILMN_1770400	ZNF385C
ILMN_1770412	AHCYL1
ILMN_1770424	DEFA5
ILMN_1770425	CDIPT
ILMN_1770433	PIK3CG
ILMN_1770451	KLF16
ILMN_1770466	ATP5G3
ILMN_1770467	GAGE7
ILMN_1770479	LMO7
ILMN_1770502	DQX1
ILMN_1770505	BIK
ILMN_1770537	NGFRAP1
ILMN_1770548	CLASP2
ILMN_1770553	MORF4
ILMN_1770576	FAM177B
ILMN_1770612	KRT15
ILMN_1770623	FAM58A
ILMN_1770629	SLC17A7
ILMN_1770641	KLHL3
ILMN_1770653	MAL2
ILMN_1770663	KRT24
ILMN_1770665	HERC4
ILMN_1770667	HECA
ILMN_1770673	AKNA
ILMN_1770678	CBX2
ILMN_1770682	TEP1
ILMN_1770719	KIAA0664
ILMN_1770725	C9orf58
ILMN_1770732	COPS3
ILMN_1770733	RIC8A
ILMN_1770742	TMEM55B
ILMN_1770758	AKAP6
ILMN_1770768	SLAMF1
ILMN_1770787	DDAH2
ILMN_1770800	PODN
ILMN_1770803	BNIP2
ILMN_1770811	PELO
ILMN_1770822	RPS6KA3
ILMN_1770824	ARHGAP4
ILMN_1770848	SFXN4
ILMN_1770850	PNMA1
ILMN_1770865	TRIM46
ILMN_1770895	EIF1AX
ILMN_1770911	NRSN2
ILMN_1770927	KIAA1026
ILMN_1770936	COQ5
ILMN_1770938	PAK7
ILMN_1770940	CDH1
ILMN_1770955	TREX1
ILMN_1770963	NAALADL1
ILMN_1770977	TMEM134
ILMN_1771003	C14orf94
ILMN_1771019	MTMR4
ILMN_1771026	GARS
ILMN_1771039	GTSE1
ILMN_1771043	CBFA2T3
ILMN_1771051	RPL29
ILMN_1771057	XAB2
ILMN_1771060	SNRPD2
ILMN_1771084	ACSM3
ILMN_1771093	ZNF414
ILMN_1771120	TMEM45B
ILMN_1771135	ZKSCAN2
ILMN_1771139	FBXO31
ILMN_1771148	CNTN4
ILMN_1771149	MRPL19
ILMN_1771179	CYB561
ILMN_1771185	EME2
ILMN_1771201	TNRC6B
ILMN_1771203	SMAD2
ILMN_1771233	CHMP4B
ILMN_1771238	CHM
ILMN_1771261	SYNC1
ILMN_1771264	ELL3
ILMN_1771268	BICD2
ILMN_1771333	CD47
ILMN_1771376	PEA15
ILMN_1771385	GBP4
ILMN_1771390	UBXN11
ILMN_1771393	C3orf23
ILMN_1771397	SSX9
ILMN_1771462	RPL36
ILMN_1771482	KIAA1324
ILMN_1771494	LOC441108
ILMN_1771538	PSCA
ILMN_1771593	RRM1
ILMN_1771599	PLOD2
ILMN_1771600	THAP7
ILMN_1771601	UFSP1
ILMN_1771620	SNRPB2
ILMN_1771622	DRD1IP
ILMN_1771627	ZMIZ1
ILMN_1771629	C14orf124
ILMN_1771642	USP20
ILMN_1771651	MON1B
ILMN_1771652	BAIAP2L2
ILMN_1771688	RAB7B
ILMN_1771689	EXDL2
ILMN_1771697	VRK3
ILMN_1771728	PXMP4
ILMN_1771732	AS3MT
ILMN_1771799	ZNF708
ILMN_1771800	PRKCA
ILMN_1771801	SIRPG
ILMN_1771805	ELK4
ILMN_1771815	C20orf43
ILMN_1771824	WBSCR18
ILMN_1771827	AIF1
ILMN_1771832	PARP6
ILMN_1771841	FOSL1
ILMN_1771852	ZNF575
ILMN_1771862	TXNDC11
ILMN_1771870	FAM98C
ILMN_1771884	ZNF45
ILMN_1771903	NUP37
ILMN_1771957	MAN1B1
ILMN_1771962	GLI3
ILMN_1771964	GSTA4
ILMN_1771966	BCCIP
ILMN_1771987	SLC44A2
ILMN_1772036	STEAP4
ILMN_1772055	VARS
ILMN_1772064	LOC54103
ILMN_1772074	C19orf51
ILMN_1772081	MGC70863
ILMN_1772091	TAS2R49
ILMN_1772113	U2AF1
ILMN_1772123	ACACA
ILMN_1772131	IL1R2
ILMN_1772132	ATP5B
ILMN_1772148	SULT1C4
ILMN_1772163	PRKY
ILMN_1772177	ASCC3
ILMN_1772189	ABCD1
ILMN_1772206	CYP3A4
ILMN_1772208	CCDC88B
ILMN_1772216	RBM10
ILMN_1772218	HLA-DPA1
ILMN_1772233	CENTD2
ILMN_1772261	GLG1
ILMN_1772278	TANC1
ILMN_1772286	OCIAD2
ILMN_1772302	MTHFS
ILMN_1772316	UNC84A
ILMN_1772329	LRRFIP2
ILMN_1772359	LAPTM5
ILMN_1772369	PDHA1
ILMN_1772370	ARHGEF1
ILMN_1772387	TLR2
ILMN_1772446	C12orf34
ILMN_1772455	HDAC3
ILMN_1772459	RPS23
ILMN_1772466	SH2D3A
ILMN_1772482	SLC6A10P
ILMN_1772486	ELF2
ILMN_1772487	SFRS14
ILMN_1772489	SDCCAG1
ILMN_1772506	ATP5I
ILMN_1772514	TMEM132E
ILMN_1772521	MTHFD1L
ILMN_1772522	ZFP161
ILMN_1772527	C12orf44
ILMN_1772537	SCTR
ILMN_1772575	C21orf69
ILMN_1772605	FRS3
ILMN_1772612	ANGPTL2
ILMN_1772614	TCF12
ILMN_1772627	D4S234E
ILMN_1772644	EML3
ILMN_1772645	AGK
ILMN_1772651	CNOT2
ILMN_1772667	P2RY1
ILMN_1772677	CNOT4
ILMN_1772686	FGD3
ILMN_1772690	OGFOD1
ILMN_1772697	KREMEN1
ILMN_1772702	SFRS2B
ILMN_1772712	UBE2J2
ILMN_1772713	BMS1
ILMN_1772719	GPN1
ILMN_1772722	MRPS33
ILMN_1772727	GPR75
ILMN_1772731	HAGH
ILMN_1772743	PIGK
ILMN_1772796	DYNLL2
ILMN_1772814	NLK
ILMN_1772817	MAP3K7IP1
ILMN_1772824	WNT5B
ILMN_1772834	LPIN3
ILMN_1772845	U1SNRNPBP
ILMN_1772876	ZNF395
ILMN_1772929	ATP5J
ILMN_1772946	STRN3
ILMN_1772951	ST6GALNAC1
ILMN_1772958	MAP1LC3A
ILMN_1772964	CCL8
ILMN_1772976	BTNL9
ILMN_1772981	EPN1
ILMN_1772991	CSGLCA-T
ILMN_1773006	FABP4
ILMN_1773017	C14orf73
ILMN_1773018	CUEDC2
ILMN_1773031	TAPBP
ILMN_1773042	SGEF
ILMN_1773059	GPR124
ILMN_1773063	OSBPL1A
ILMN_1773066	CDKN2AIP
ILMN_1773073	PHYH
ILMN_1773079	COL3A1
ILMN_1773080	OAZ1
ILMN_1773082	CYP21A2
ILMN_1773109	BAI2
ILMN_1773113	CNTF
ILMN_1773117	BCOR
ILMN_1773119	CCNF
ILMN_1773125	ENTPD1
ILMN_1773126	FANK1
ILMN_1773200	CP110
ILMN_1773228	DLST
ILMN_1773238	XCR1
ILMN_1773247	ZNF410
ILMN_1773271	SCN7A
ILMN_1773307	NAP1L5
ILMN_1773312	INADL
ILMN_1773313	USMG5
ILMN_1773363	CIITA
ILMN_1773369	MRPL48
ILMN_1773380	UNC13D
ILMN_1773389	PLTP
ILMN_1773395	RDH5
ILMN_1773407	C16orf72
ILMN_1773413	DOCK9
ILMN_1773427	KANK1
ILMN_1773459	SOX11
ILMN_1773470	ST5
ILMN_1773493	TIMM23
ILMN_1773505	USP4
ILMN_1773561	RAP2C
ILMN_1773567	LAMA5
ILMN_1773576	CPNE3
ILMN_1773620	SMARCC2
ILMN_1773623	HSD17B1
ILMN_1773643	SLC38A9
ILMN_1773645	GMPPB
ILMN_1773687	YIF1B
ILMN_1773696	RGMB
ILMN_1773716	MRPL9
ILMN_1773742	DNAJB9
ILMN_1773751	HRAS
ILMN_1773758	PDPK1
ILMN_1773760	PAICS
ILMN_1773763	MTA2
ILMN_1773780	FAM173A
ILMN_1773801	TGFB1I1
ILMN_1773809	FOXP4
ILMN_1773814	MUSTN1
ILMN_1773847	DYNC1I2
ILMN_1773849	ATP6V0C
ILMN_1773850	FXC1
ILMN_1773855	CPT1C
ILMN_1773865	HSPA5
ILMN_1773868	U2AF1L2
ILMN_1773885	DMAP1
ILMN_1773886	MED21
ILMN_1773901	STX12
ILMN_1773906	NCOA4
ILMN_1773914	POU6F2
ILMN_1773935	TMEM165
ILMN_1773959	ST6GALNAC5
ILMN_1773963	GNA15
ILMN_1773964	H1FX
ILMN_1774027	ZNF37A
ILMN_1774028	MTFR1
ILMN_1774062	SLC25A5
ILMN_1774066	TMEM141
ILMN_1774074	RXRB
ILMN_1774077	GBP2
ILMN_1774083	TRIAP1
ILMN_1774091	FECH
ILMN_1774110	CHN2
ILMN_1774132	MAP6
ILMN_1774134	BRD4
ILMN_1774153	SPHK1
ILMN_1774196	URM1
ILMN_1774207	ANGPT2
ILMN_1774211	FLJ45032
ILMN_1774229	SLC7A4
ILMN_1774251	ZNF155
ILMN_1774256	PRSS21
ILMN_1774258	L3MBTL
ILMN_1774259	FAM63B
ILMN_1774261	DOK4
ILMN_1774265	UNQ830
ILMN_1774272	ESRRA
ILMN_1774281	NT5DC3
ILMN_1774287	CFB
ILMN_1774334	HIGD2A
ILMN_1774350	MYOZ3
ILMN_1774358	LRDD
ILMN_1774369	LOC200420
ILMN_1774387	ZHX3
ILMN_1774427	CALCOCO1
ILMN_1774432	DTD1
ILMN_1774447	AMPD3
ILMN_1774493	KLC2
ILMN_1774513	DDX17
ILMN_1774528	GPRC5C
ILMN_1774547	MPRIP
ILMN_1774584	C2orf28
ILMN_1774589	IQCC
ILMN_1774596	BSCL2
ILMN_1774602	FBLN2
ILMN_1774604	PNKD
ILMN_1774617	NAB1
ILMN_1774661	SNRPB
ILMN_1774685	IL24
ILMN_1774689	TUSC3
ILMN_1774705	TCEB3B
ILMN_1774708	ORMDL2
ILMN_1774722	CGREF1
ILMN_1774733	SOCS1
ILMN_1774735	DDB1
ILMN_1774742	MTTP
ILMN_1774757	ZNF496
ILMN_1774781	CEACAM20
ILMN_1774784	UBOX5
ILMN_1774800	KTELC1
ILMN_1774806	SLC9A7
ILMN_1774813	GPR173
ILMN_1774823	RPL34
ILMN_1774826	FXN
ILMN_1774836	PLOD3
ILMN_1774839	RBM19
ILMN_1774844	MAPKAPK2
ILMN_1774856	LRSAM1
ILMN_1774874	IL1RN
ILMN_1774890	LAS1L
ILMN_1774901	GDPD3
ILMN_1774938	AKR1A1
ILMN_1774948	CPEB2
ILMN_1774949	PIGP
ILMN_1774974	CLUAP1
ILMN_1774982	CDC42EP5
ILMN_1774990	C16orf13
ILMN_1774997	BCL2L11
ILMN_1775008	NCAPD2
ILMN_1775011	NOL10
ILMN_1775016	MPZL2
ILMN_1775036	SEC22A
ILMN_1775045	ADIPOQ
ILMN_1775050	PRKCZ
ILMN_1775074	TUBGCP2
ILMN_1775111	SND1
ILMN_1775136	C3orf45
ILMN_1775170	MT1X
ILMN_1775183	CBX8
ILMN_1775192	BCLAF1
ILMN_1775224	NOS3
ILMN_1775235	AFF3
ILMN_1775257	PROK2
ILMN_1775268	HECW2
ILMN_1775269	EID1
ILMN_1775304	DNAJB1
ILMN_1775327	PKM2
ILMN_1775328	MTG1
ILMN_1775330	C15orf52
ILMN_1775336	TSPYL2
ILMN_1775348	KCNH8
ILMN_1775357	RUNDC2A
ILMN_1775359	LTB4R2
ILMN_1775380	SMOX
ILMN_1775405	ARL4A
ILMN_1775408	SPACA3
ILMN_1775423	C10orf88
ILMN_1775428	ZKSCAN5
ILMN_1775432	CSMD2
ILMN_1775448	PFN2
ILMN_1775486	SSPN
ILMN_1775498	FAM100B
ILMN_1775501	IL1B
ILMN_1775522	MAGED1
ILMN_1775542	FAIM3
ILMN_1775549	PRSS27
ILMN_1775566	ATP1A1
ILMN_1775570	FLJ44635
ILMN_1775573	DPY19L4
ILMN_1775579	ACAD9
ILMN_1775587	STX19
ILMN_1775646	L3MBTL4
ILMN_1775677	TYSND1
ILMN_1775692	EIF4G3
ILMN_1775703	TRAPPC6A
ILMN_1775708	SLC2A3
ILMN_1775734	SH2D3C
ILMN_1775743	BTG1
ILMN_1775744	MRPS16
ILMN_1775753	FBXW2
ILMN_1775759	NRAS
ILMN_1775762	GNAI2
ILMN_1775814	GHR
ILMN_1775822	PDGFB
ILMN_1775823	POFUT2
ILMN_1775829	PERP
ILMN_1775830	TM4SF20
ILMN_1775853	MAGI1
ILMN_1775925	HIST1H2BI
ILMN_1775926	SPATA6
ILMN_1775930	PNLIPRP1
ILMN_1775931	EPHA3
ILMN_1775937	DDB1
ILMN_1775939	SF3B2
ILMN_1775944	ABI2
ILMN_1775950	CAND2
ILMN_1775956	SP5
ILMN_1775999	C6orf134
ILMN_1776000	EID3
ILMN_1776038	UBXN2A
ILMN_1776073	CCT4
ILMN_1776077	SF1
ILMN_1776080	GTPBP6
ILMN_1776088	NAT9
ILMN_1776094	PPCS
ILMN_1776102	PSMD10
ILMN_1776104	NDUFS5
ILMN_1776109	ZNF622
ILMN_1776119	ABCC10
ILMN_1776121	MGC42367
ILMN_1776147	C21orf59
ILMN_1776151	OLFML1
ILMN_1776157	Septin 4
ILMN_1776173	PSMD7
ILMN_1776181	BIRC3
ILMN_1776188	MAP1LC3A
ILMN_1776195	TMSB4Y
ILMN_1776213	RGMB
ILMN_1776216	TMEM32
ILMN_1776267	CLN6
ILMN_1776283	LGALS12
ILMN_1776297	GOLGA4
ILMN_1776314	CHRNA10
ILMN_1776325	UBE2Q1
ILMN_1776333	TBCEL
ILMN_1776352	MUTED
ILMN_1776363	ANK2
ILMN_1776375	PIN1
ILMN_1776398	PAIP1
ILMN_1776428	STK17A
ILMN_1776435	GPRIN3
ILMN_1776464	PARP4
ILMN_1776480	MIZF
ILMN_1776490	C17orf53
ILMN_1776515	MPPE1
ILMN_1776516	ITPKA
ILMN_1776519	RAP1GAP
ILMN_1776542	SLC35C2
ILMN_1776552	FUBP1
ILMN_1776577	DSCC1
ILMN_1776582	PDK3
ILMN_1776602	RNASE4
ILMN_1776631	KIAA1862
ILMN_1776640	MPL
ILMN_1776649	LRRK2
ILMN_1776653	SCML1
ILMN_1776666	GRIK3
ILMN_1776679	TAZ
ILMN_1776723	PHF11
ILMN_1776724	LYPD6
ILMN_1776777	ADAR
ILMN_1776778	PARP15
ILMN_1776845	HIST1H3A
ILMN_1776848	ZFYVE9
ILMN_1776857	AQP1
ILMN_1776858	DUS4L
ILMN_1776861	HAP1
ILMN_1776905	FAM23B
ILMN_1776916	AIM1L
ILMN_1776925	PRSS22
ILMN_1776936	ANKRD38
ILMN_1776939	MS4A1
ILMN_1776953	MYL9
ILMN_1776963	LMAN2
ILMN_1776993	COG2
ILMN_1776998	DNAJA4
ILMN_1777049	ZNF160
ILMN_1777060	CTH
ILMN_1777066	NIF3L1
ILMN_1777106	LRRC57
ILMN_1777113	NEURL2
ILMN_1777118	INTS9
ILMN_1777121	LTBP3
ILMN_1777129	C16orf56
ILMN_1777139	MAK16
ILMN_1777156	GTPBP3
ILMN_1777164	DIP2A
ILMN_1777168	CSRP2BP
ILMN_1777190	CFD
ILMN_1777233	E2F2
ILMN_1777250	ZNF268
ILMN_1777261	FAM3C
ILMN_1777263	MEOX2
ILMN_1777301	ARL13B
ILMN_1777314	CNPY4
ILMN_1777318	C9orf64
ILMN_1777322	FAM91A1
ILMN_1777325	STAT1
ILMN_1777340	DDX6
ILMN_1777342	PREX1
ILMN_1777344	RPS13
ILMN_1777378	COMMD6
ILMN_1777397	MSX1
ILMN_1777405	HIST1H2BD
ILMN_1777411	ATP1A2
ILMN_1777437	C1orf177
ILMN_1777444	STX5
ILMN_1777449	IFT74
ILMN_1777477	C9orf106
ILMN_1777479	CDYL2
ILMN_1777483	APOOL
ILMN_1777513	KCTD11
ILMN_1777519	ITGB7
ILMN_1777521	GLUD2
ILMN_1777523	GALE
ILMN_1777526	MED20
ILMN_1777528	NCBP1
ILMN_1777555	ESF1
ILMN_1777579	TIGD1
ILMN_1777584	KARS
ILMN_1777591	C10orf65
ILMN_1777637	SLFNL1
ILMN_1777644	PIB5PA
ILMN_1777658	SCARF1
ILMN_1777660	RNF144
ILMN_1777663	TOP2B
ILMN_1777665	SLC22A13
ILMN_1777683	ADAMTSL4
ILMN_1777691	ARL9
ILMN_1777708	C14orf121
ILMN_1777721	MAPRE1
ILMN_1777725	LSM14B
ILMN_1777726	USP48
ILMN_1777740	C8orf55
ILMN_1777745	FAM133B
ILMN_1777765	C12orf10
ILMN_1777794	PRKCSH
ILMN_1777811	URG4
ILMN_1777853	MBOAT2
ILMN_1777881	TSPAN17
ILMN_1777895	LRRC37B
ILMN_1777906	RPRC1
ILMN_1777913	CDK8
ILMN_1777934	MORN3
ILMN_1777949	SPRR4
ILMN_1777982	USF1
ILMN_1777998	ARHGAP25
ILMN_1778010	IL32
ILMN_1778013	PDPR
ILMN_1778032	SURF6
ILMN_1778053	SLC39A7
ILMN_1778059	CASP4
ILMN_1778064	FICD
ILMN_1778078	VPS16
ILMN_1778121	CALN1
ILMN_1778132	C2CD2L
ILMN_1778136	ZMYND15
ILMN_1778143	GRAP2
ILMN_1778144	FLJ20489
ILMN_1778152	FIGNL1
ILMN_1778161	DNAJC25
ILMN_1778168	ELMO2
ILMN_1778173	AK3
ILMN_1778177	ZNF207
ILMN_1778187	TARS2
ILMN_1778188	TP73
ILMN_1778203	CLN5
ILMN_1778213	STK33
ILMN_1778226	EXTL3
ILMN_1778236	PTPN11
ILMN_1778237	FN1
ILMN_1778238	UTP6
ILMN_1778240	GFOD1
ILMN_1778242	CALM1
ILMN_1778253	SRC
ILMN_1778255	FARSA
ILMN_1778267	RGS6
ILMN_1778294	SENP7
ILMN_1778308	COL4A4
ILMN_1778318	FLJ20674
ILMN_1778319	DMKN
ILMN_1778321	SLC2A6
ILMN_1778327	PCDHB14
ILMN_1778333	MMP24
ILMN_1778337	TCF2
ILMN_1778338	RNF128
ILMN_1778347	NUDT2
ILMN_1778352	ABCC6
ILMN_1778358	ATP8A1
ILMN_1778360	PYGB
ILMN_1778371	CCBL2
ILMN_1778374	BSG
ILMN_1778377	ERGIC1
ILMN_1778444	FKBP5
ILMN_1778457	IL18
ILMN_1778464	TMEM1
ILMN_1778488	WDR41
ILMN_1778523	KLF9
ILMN_1778557	CDC2L5
ILMN_1778560	ZNF3
ILMN_1778561	WEE1
ILMN_1778587	PPP2R2D
ILMN_1778595	SLN
ILMN_1778599	SP140
ILMN_1778611	GBAS
ILMN_1778617	TAF9
ILMN_1778625	CD44
ILMN_1778650	VILL
ILMN_1778662	DIP2A
ILMN_1778668	TAGLN
ILMN_1778673	GOLGA7
ILMN_1778677	MRS2
ILMN_1778681	EBF1
ILMN_1778684	BRE
ILMN_1778709	PICALM
ILMN_1778723	AMICA1
ILMN_1778730	MRPL39
ILMN_1778755	KIAA0644
ILMN_1778831	NTSR1
ILMN_1778836	SFRS7
ILMN_1778845	FAM111A
ILMN_1778876	FAM179B
ILMN_1778917	CDK7
ILMN_1778924	PDE1A
ILMN_1778941	TCF2
ILMN_1778951	C6orf203
ILMN_1778956	STS
ILMN_1778977	TYROBP
ILMN_1778985	LOC90826
ILMN_1778991	NFIB
ILMN_1779014	TSPYL1
ILMN_1779015	ZNF467
ILMN_1779034	NADSYN1
ILMN_1779040	INO80B
ILMN_1779043	CACNG6
ILMN_1779064	KLC2
ILMN_1779070	APOL4
ILMN_1779071	FEZ1
ILMN_1779147	ENC1
ILMN_1779163	C11orf67
ILMN_1779171	SGSM2
ILMN_1779177	U2AF1L4
ILMN_1779182	TMEM98
ILMN_1779184	C16orf84
ILMN_1779185	SPECC1L
ILMN_1779190	ALKBH8
ILMN_1779213	TFG
ILMN_1779241	CRYM
ILMN_1779252	TRIM22
ILMN_1779257	CD40
ILMN_1779264	PSMG1
ILMN_1779279	C14orf32
ILMN_1779324	GZMA
ILMN_1779333	MSRB3
ILMN_1779353	PUS7
ILMN_1779356	TP53
ILMN_1779370	ARHGEF9
ILMN_1779373	HIST1H2BF
ILMN_1779374	AMMECR1
ILMN_1779376	GSK3B
ILMN_1779381	SEC61A2
ILMN_1779399	SNRPA
ILMN_1779401	CHP
ILMN_1779404	PUF60
ILMN_1779410	VAPA
ILMN_1779416	SCUBE2
ILMN_1779423	MRPS14
ILMN_1779448	EFHD1
ILMN_1779470	ABCG4
ILMN_1779480	KCMF1
ILMN_1779488	RFX3
ILMN_1779492	SMURF1
ILMN_1779512	AP4M1
ILMN_1779517	RASEF
ILMN_1779522	ZNF347
ILMN_1779524	CREB3L3
ILMN_1779530	COG6
ILMN_1779536	NCRNA00153
ILMN_1779558	GAS6
ILMN_1779579	TUB
ILMN_1779600	RIPK5
ILMN_1779616	SUCLG1
ILMN_1779632	TMEM1
ILMN_1779648	HIST3H2A
ILMN_1779674	PTPRG
ILMN_1779677	ZCCHC6
ILMN_1779685	ACCN1
ILMN_1779706	TP53BP2
ILMN_1779711	DTL
ILMN_1779735	C7orf59
ILMN_1779742	GABRD
ILMN_1779800	MARK1
ILMN_1779813	FAM96B
ILMN_1779828	EDEM1
ILMN_1779835	ARL6IP4
ILMN_1779841	PPP2R1B
ILMN_1779854	CARD6
ILMN_1779855	HSD17B6
ILMN_1779875	THY1
ILMN_1779882	ANKRD43
ILMN_1779886	TBC1D14
ILMN_1779934	CDH23
ILMN_1779984	ACE
ILMN_1779989	GLI1
ILMN_1780036	WDR1
ILMN_1780057	RENBP
ILMN_1780058	DEGS1
ILMN_1780060	FCN3
ILMN_1780132	PELI2
ILMN_1780141	TMEM66
ILMN_1780153	QTRT1
ILMN_1780170	APOD
ILMN_1780188	B3GALNT2
ILMN_1780189	PSMC5
ILMN_1780197	TBC1D24
ILMN_1780236	PMM1
ILMN_1780255	KLK6
ILMN_1780283	LOC198437
ILMN_1780291	NFAT5
ILMN_1780292	MSH5
ILMN_1780298	FAM86A
ILMN_1780302	DYNC1H1
ILMN_1780315	PUSL1
ILMN_1780368	GPR18
ILMN_1780397	TRAF3IP3
ILMN_1780444	ARL3
ILMN_1780465	CLEC5A
ILMN_1780485	ACHE
ILMN_1780533	RNASE6
ILMN_1780546	OSM
ILMN_1780551	ADRA1A
ILMN_1780560	MYO18A
ILMN_1780582	CD83
ILMN_1780598	PIAS1
ILMN_1780625	HR
ILMN_1780659	NUDT6
ILMN_1780663	KLHL30
ILMN_1780667	WDR51A
ILMN_1780671	PLEKHG3
ILMN_1780698	ZFYVE19
ILMN_1780699	THAP11
ILMN_1780756	RBM23
ILMN_1780758	POLR1A
ILMN_1780769	TUBB2C
ILMN_1780783	SOCS7
ILMN_1780790	DPPA2
ILMN_1780798	FAM139A
ILMN_1780799	ENPP2
ILMN_1780806	ANKRD36B
ILMN_1780824	PCTK2
ILMN_1780825	RRAS
ILMN_1780827	EPS8L2
ILMN_1780887	USP21
ILMN_1780898	PRKCH
ILMN_1780913	PPP2R5C
ILMN_1780924	SLC43A1
ILMN_1780937	MUS81
ILMN_1780987	RFXANK
ILMN_1780996	ETAA1
ILMN_1781010	ARHGEF3
ILMN_1781027	TSNARE1
ILMN_1781028	ZMYM5
ILMN_1781031	CTBP2
ILMN_1781039	VPS26
ILMN_1781045	FXYD2
ILMN_1781077	CEP120
ILMN_1781085	BRDG1
ILMN_1781097	UBXN4
ILMN_1781102	C14orf138
ILMN_1781121	TWISTNB
ILMN_1781135	STAM2
ILMN_1781148	ASB10
ILMN_1781149	INMT
ILMN_1781151	ARMC8
ILMN_1781155	LYN
ILMN_1781173	HDAC9
ILMN_1781174	KIAA1009
ILMN_1781198	PPP1R3D
ILMN_1781207	FYN
ILMN_1781231	SLC25A38
ILMN_1781234	CCDC22
ILMN_1781256	LEFTY2
ILMN_1781276	TMCO4
ILMN_1781285	DUSP1
ILMN_1781290	RHOA
ILMN_1781345	RAD52
ILMN_1781360	MPHOSPH6
ILMN_1781373	IFIH1
ILMN_1781374	TUFT1
ILMN_1781383	NFKBIL2
ILMN_1781386	WIPI1
ILMN_1781388	PGM5
ILMN_1781390	FGF17
ILMN_1781400	SLC7A2
ILMN_1781416	FRAT1
ILMN_1781431	GLCCI1
ILMN_1781454	RAE1
ILMN_1781457	TIPRL
ILMN_1781472	CDC42BPA
ILMN_1781479	SUV39H1
ILMN_1781514	PCDH17
ILMN_1781516	SUPT16H
ILMN_1781517	LIPF
ILMN_1781526	PPP1R8
ILMN_1781536	FAH
ILMN_1781537	AOF1
ILMN_1781560	ST3GAL6
ILMN_1781565	MESDC1
ILMN_1781580	BRI3
ILMN_1781623	TEX264
ILMN_1781626	C1S
ILMN_1781628	SURF2
ILMN_1781636	VWA1
ILMN_1781638	HDDC3
ILMN_1781672	GAB1
ILMN_1781680	DAP3
ILMN_1781691	TRAK2
ILMN_1781700	IL18R1
ILMN_1781721	DDX31
ILMN_1781742	FAM133A
ILMN_1781745	C9orf152
ILMN_1781752	CLEC16A
ILMN_1781761	ENPP4
ILMN_1781769	CCRL1
ILMN_1781791	PRRG1
ILMN_1781795	ERH
ILMN_1781803	FIZ1
ILMN_1781812	NR4A3
ILMN_1781814	SEMA4B
ILMN_1781824	FASLG
ILMN_1781870	RBM8A
ILMN_1781906	RBM17
ILMN_1781942	HMMR
ILMN_1781943	FAM83D
ILMN_1781952	MGST1
ILMN_1781966	OSBP2
ILMN_1781983	AP1B1
ILMN_1781986	UCRC
ILMN_1781987	CDK5
ILMN_1781996	NUDT16
ILMN_1781999	ABCF2
ILMN_1782004	BAPX1
ILMN_1782021	ZNF707
ILMN_1782032	ASH1L
ILMN_1782034	ZXDA
ILMN_1782045	FKBP4
ILMN_1782050	CEBPD
ILMN_1782057	ATP8B2
ILMN_1782069	TRAK1
ILMN_1782076	EPHA3
ILMN_1782079	ZFP3
ILMN_1782086	AOC3
ILMN_1782094	PAIP2
ILMN_1782095	C20orf55
ILMN_1782098	SMO
ILMN_1782110	ZNF295
ILMN_1782129	ZBED4
ILMN_1782142	S100A13
ILMN_1782173	CBX3
ILMN_1782222	KIAA1033
ILMN_1782247	KAT2A
ILMN_1782275	P2RY6
ILMN_1782284	ZNF382
ILMN_1782292	LAMP1
ILMN_1782295	TRPC4
ILMN_1782329	HIST1H4L
ILMN_1782352	VENTX
ILMN_1782377	LOC440354
ILMN_1782385	POLR2A
ILMN_1782389	LAD1
ILMN_1782403	PRR11
ILMN_1782412	IRX2
ILMN_1782419	GNG11
ILMN_1782429	TMEM56
ILMN_1782439	CNN3
ILMN_1782441	CDKL2
ILMN_1782459	OSBPL8
ILMN_1782488	RNASEH2B
ILMN_1782513	RG9MTD3
ILMN_1782551	E2F5
ILMN_1782560	CD86
ILMN_1782567	GUCY1B3
ILMN_1782579	IMMT
ILMN_1782581	DUSP7
ILMN_1782596	CCL25
ILMN_1782609	STAG2
ILMN_1782618	C9orf16
ILMN_1782621	RPS12
ILMN_1782633	BOLA2
ILMN_1782635	YARS2
ILMN_1782679	AHRR
ILMN_1782704	CD19
ILMN_1782729	CLECL1
ILMN_1782741	CD300LB
ILMN_1782745	RBL1
ILMN_1782748	FMNL1
ILMN_1782788	CSDA
ILMN_1782795	SMPD4
ILMN_1782810	ARPM1
ILMN_1782813	DHFR
ILMN_1782829	GLTSCR1
ILMN_1782845	SPTB
ILMN_1782851	TAPBP
ILMN_1782863	FAM83B
ILMN_1782870	POFUT1
ILMN_1782897	CAPRIN1
ILMN_1782922	PDE4B
ILMN_1782938	SLC16A10
ILMN_1782939	ALB
ILMN_1782944	GPR37L1
ILMN_1782953	MMP19
ILMN_1782977	UBA52
ILMN_1782993	DHODH
ILMN_1783023	LOC285636
ILMN_1783075	C6orf167
ILMN_1783120	SLMAP
ILMN_1783142	RPS4Y1
ILMN_1783149	CDH23
ILMN_1783161	DAB2IP
ILMN_1783170	ING3
ILMN_1783182	FBN1
ILMN_1783185	SOX21
ILMN_1783226	SSR2
ILMN_1783231	PLEKHB1
ILMN_1783247	C10orf11
ILMN_1783266	OGDH
ILMN_1783276	NEXN
ILMN_1783287	S100A14
ILMN_1783304	ATP1B3
ILMN_1783333	C16orf61
ILMN_1783337	DECR2
ILMN_1783392	BTN2A1
ILMN_1783394	ATF4
ILMN_1783424	PUM1
ILMN_1783444	DVL1
ILMN_1783448	DYNC1LI2
ILMN_1783500	HOXD12
ILMN_1783546	CARKD
ILMN_1783593	CCL13
ILMN_1783598	CAB39L
ILMN_1783606	MLL5
ILMN_1783621	CMPK2
ILMN_1783627	CAST
ILMN_1783636	COX6A1
ILMN_1783645	C17orf38
ILMN_1783656	ODF4
ILMN_1783671	PCDHB12
ILMN_1783681	MRPL34
ILMN_1783682	C17orf82
ILMN_1783695	EPRS
ILMN_1783702	MORC3
ILMN_1783707	SPECC1
ILMN_1783709	RRAGA
ILMN_1783712	LOC400506
ILMN_1783728	TBRG4
ILMN_1783743	FLJ41423
ILMN_1783753	TXNDC12
ILMN_1783771	UBE2Z
ILMN_1783798	GAS8
ILMN_1783805	PNMA3
ILMN_1783806	DTNBP1
ILMN_1783815	COG7
ILMN_1783818	AKAP11
ILMN_1783832	GAGE6
ILMN_1783837	SYN1
ILMN_1783843	IIP45
ILMN_1783852	CD164
ILMN_1783881	ZIC5
ILMN_1783889	PRKAA1
ILMN_1783908	B3GNT9
ILMN_1783909	COL6A2
ILMN_1783910	TRAF6
ILMN_1783946	MRC2
ILMN_1783956	ATP8B4
ILMN_1783973	TMEM105
ILMN_1783985	COQ6
ILMN_1783998	STARD5
ILMN_1784005	LOC644615
ILMN_1784031	TIMM44
ILMN_1784036	CDH15
ILMN_1784037	ZBTB40
ILMN_1784094	PRDM16
ILMN_1784105	SLC38A7
ILMN_1784110	PCTK3
ILMN_1784113	NAT14
ILMN_1784116	EPN2
ILMN_1784156	FKTN
ILMN_1784176	ABCA5
ILMN_1784178	IFT172
ILMN_1784207	C1orf128
ILMN_1784216	KRTAP19-6
ILMN_1784217	SOX15
ILMN_1784218	DDX23
ILMN_1784227	MCRS1
ILMN_1784238	SEC22B
ILMN_1784256	HDGFRP3
ILMN_1784269	AASDH
ILMN_1784272	CD1E
ILMN_1784286	NDUFA1
ILMN_1784287	TGFBR3
ILMN_1784292	ANKMY2
ILMN_1784299	C19orf43
ILMN_1784300	TUBA4A
ILMN_1784316	PCDHA9
ILMN_1784320	ELMO1
ILMN_1784333	KIAA0256
ILMN_1784352	CCM2
ILMN_1784364	STARD5
ILMN_1784367	HSPD1
ILMN_1784380	DTX3L
ILMN_1784408	C8orf48
ILMN_1784410	UBP1
ILMN_1784427	MYH7B
ILMN_1784436	KIAA1688
ILMN_1784447	PLCE1
ILMN_1784459	MMP3
ILMN_1784467	NUP210
ILMN_1784477	PLEKHG5
ILMN_1784478	NPHP1
ILMN_1784515	MYH6
ILMN_1784523	ATP6V1G1
ILMN_1784532	COL22A1
ILMN_1784534	SELS
ILMN_1784540	KBTBD2
ILMN_1784553	SDC2
ILMN_1784578	LRRC37A3
ILMN_1784584	RINT1
ILMN_1784602	CDKN1A
ILMN_1784608	CLEC2B
ILMN_1784627	CDC42BPA
ILMN_1784630	KBTBD11
ILMN_1784641	NDUFA3
ILMN_1784651	NAGA
ILMN_1784655	TLCD1
ILMN_1784661	TMEM2
ILMN_1784678	PBX1
ILMN_1784706	GABRE
ILMN_1784709	GNPDA1
ILMN_1784717	RPS19
ILMN_1784737	S1PR4
ILMN_1784749	GAS6
ILMN_1784753	PAIP2
ILMN_1784766	MCM3AP
ILMN_1784774	P2RY10
ILMN_1784780	CIC
ILMN_1784783	NME5
ILMN_1784785	COPS7B
ILMN_1784799	TRIM59
ILMN_1784817	ODZ1
ILMN_1784822	PPP1R3F
ILMN_1784847	CREBZF
ILMN_1784860	RFC3
ILMN_1784863	CD36
ILMN_1784871	FASN
ILMN_1784884	LILRB3
ILMN_1784946	ORC3L
ILMN_1784948	SPOCD1
ILMN_1784967	EPB41L4B
ILMN_1784985	PRRT3
ILMN_1785005	NCF4
ILMN_1785010	TPTE2
ILMN_1785061	EPHB2
ILMN_1785095	ATP6V0E2
ILMN_1785107	NXT2
ILMN_1785161	CHCHD6
ILMN_1785170	ARMCX2
ILMN_1785175	SWAP70
ILMN_1785177	DNAJC14
ILMN_1785179	UBE2G2
ILMN_1785191	TMEM14A
ILMN_1785198	POLE3
ILMN_1785202	STAT4
ILMN_1785218	MTCH2
ILMN_1785252	SLC26A6
ILMN_1785266	OFD1
ILMN_1785324	MTHFD1
ILMN_1785330	SH3BP4
ILMN_1785336	PMM2
ILMN_1785345	GPR84
ILMN_1785356	RAB6IP1
ILMN_1785387	ERMAP
ILMN_1785393	ADAM12
ILMN_1785402	LTBP1
ILMN_1785404	FGFBP1
ILMN_1785405	C20orf59
ILMN_1785413	ATP2C2
ILMN_1785424	ABLIM1
ILMN_1785427	SYNE1
ILMN_1785439	CD79B
ILMN_1785476	C20orf165
ILMN_1785486	ERG
ILMN_1785527	LY6G5B
ILMN_1785528	FAM39DP
ILMN_1785574	HTRA2
ILMN_1785618	SMTN
ILMN_1785635	BRD3
ILMN_1785646	PMP22
ILMN_1785660	SRPR
ILMN_1785661	FAM108B1
ILMN_1785699	PTHLH
ILMN_1785731	MAPK8IP2
ILMN_1785765	TM9SF2
ILMN_1785768	PDE4A
ILMN_1785785	NCOA1
ILMN_1785795	METAP1
ILMN_1785831	ZDHHC13
ILMN_1785852	OBFC2A
ILMN_1785891	PRKD1
ILMN_1785892	MASP1
ILMN_1785902	C1QC
ILMN_1785914	CDC6
ILMN_1785926	ZNF621
ILMN_1785933	C19orf18
ILMN_1785955	C2orf60
ILMN_1785960	ZBTB37
ILMN_1785988	CSNK1A1
ILMN_1786015	CTCF
ILMN_1786016	CHD1L
ILMN_1786021	PRKAB2
ILMN_1786024	POLR3H
ILMN_1786034	GPRC5B
ILMN_1786036	GPATCH2
ILMN_1786039	RNF34
ILMN_1786041	ASB9
ILMN_1786046	CASP9
ILMN_1786050	RBBP9
ILMN_1786105	PCBD1
ILMN_1786108	TUT1
ILMN_1786118	FXYD7
ILMN_1786125	CCNA2
ILMN_1786139	VKORC1
ILMN_1786168	LOC400464
ILMN_1786176	CD37
ILMN_1786189	MKI67IP
ILMN_1786195	PRKACA
ILMN_1786197	NR2F1
ILMN_1786211	HERC1
ILMN_1786215	ZNF3
ILMN_1786259	LRRC59
ILMN_1786273	C1orf122
ILMN_1786275	PAPOLG
ILMN_1786278	FAM149A
ILMN_1786308	NIPSNAP3B
ILMN_1786310	MVK
ILMN_1786319	MME
ILMN_1786326	KCTD15
ILMN_1786328	WDR40A
ILMN_1786335	DUOX2
ILMN_1786345	KIAA1967
ILMN_1786347	TNPO1
ILMN_1786357	CENTD2
ILMN_1786379	SYNGR3
ILMN_1786388	RNF113A
ILMN_1786396	ZZEF1
ILMN_1786426	TMEM149
ILMN_1786429	P2RY5
ILMN_1786444	LPL
ILMN_1786469	FBXO22
ILMN_1786470	C1orf74
ILMN_1786498	STARD13
ILMN_1786532	CNIH
ILMN_1786544	ACVR1B
ILMN_1786601	PLAGL2
ILMN_1786609	IL21R
ILMN_1786612	PSME2
ILMN_1786648	PRX
ILMN_1786658	BOLA3
ILMN_1786688	DEADC1
ILMN_1786697	TRIM9
ILMN_1786707	C19orf63
ILMN_1786718	NDUFV1
ILMN_1786720	PROM1
ILMN_1786722	ZNF385A
ILMN_1786759	C11orf10
ILMN_1786766	SNTB2
ILMN_1786810	KIR2DL1
ILMN_1786823	ICAM2
ILMN_1786843	KCTD13
ILMN_1786847	TGM3
ILMN_1786852	ZCCHC3
ILMN_1786872	C11orf31
ILMN_1786882	ERCC6
ILMN_1786893	RBM5
ILMN_1786895	KATNAL1
ILMN_1786899	AMPD2
ILMN_1786972	SARS
ILMN_1786976	RAB22A
ILMN_1786989	NKX6-2
ILMN_1787026	SEC61G
ILMN_1787064	ANKRD17
ILMN_1787081	TADA2L
ILMN_1787109	CLK2
ILMN_1787115	WWTR1
ILMN_1787127	SLC43A2
ILMN_1787186	NOV
ILMN_1787190	NRP2
ILMN_1787193	CYP2S1
ILMN_1787212	CDKN1A
ILMN_1787248	SIVA
ILMN_1787256	HCN3
ILMN_1787257	GLP1R
ILMN_1787265	ZNF503
ILMN_1787266	SPINK1
ILMN_1787275	STAG3
ILMN_1787280	C1orf135
ILMN_1787288	LOC150383
ILMN_1787308	PIP4K2C
ILMN_1787324	C16orf48
ILMN_1787345	FKBP11
ILMN_1787366	ZNF335
ILMN_1787370	C2orf56
ILMN_1787378	ADD3
ILMN_1787386	ADAMTS13
ILMN_1787410	EIF6
ILMN_1787415	SNX16
ILMN_1787441	CCDC17
ILMN_1787461	RUNX3
ILMN_1787509	PRIC285
ILMN_1787511	THUMPD2
ILMN_1787513	ACTR3B
ILMN_1787518	GSN
ILMN_1787526	MGC13057
ILMN_1787529	C3AR1
ILMN_1787539	ZNF177
ILMN_1787548	HSPG2
ILMN_1787576	CLCNKA
ILMN_1787595	B3GALNT1
ILMN_1787618	ABHD2
ILMN_1787657	CLDN12
ILMN_1787680	SELS
ILMN_1787691	CITED4
ILMN_1787705	ATP6V1B2
ILMN_1787718	SLC27A1
ILMN_1787749	CASP8
ILMN_1787750	CD200
ILMN_1787762	HEATR1
ILMN_1787794	BMF
ILMN_1787808	CEP63
ILMN_1787813	SLC5A3
ILMN_1787815	TRIB3
ILMN_1787831	ODF3L2
ILMN_1787843	HSDL2
ILMN_1787844	C19orf10
ILMN_1787879	ARL2
ILMN_1787885	NUDT18
ILMN_1787897	CXCL1
ILMN_1787919	PARVB
ILMN_1787923	PNPLA2
ILMN_1787931	LOC389517
ILMN_1787949	RPS15A
ILMN_1787981	MFAP2
ILMN_1788005	PLEC1
ILMN_1788017	HSH2D
ILMN_1788019	LAMA2
ILMN_1788022	CDKAL1
ILMN_1788024	PCID2
ILMN_1788053	SLC25A12
ILMN_1788059	PCGF5
ILMN_1788062	SH3GL1
ILMN_1788078	ACOT7
ILMN_1788095	SPRYD3
ILMN_1788099	LSM4
ILMN_1788107	IL11
ILMN_1788109	IL17C
ILMN_1788118	SLC23A3
ILMN_1788135	APITD1
ILMN_1788149	NEK11
ILMN_1788160	KIF5B
ILMN_1788166	TTK
ILMN_1788180	RAB13
ILMN_1788196	MSL3L1
ILMN_1788203	HEY1
ILMN_1788211	SNX19
ILMN_1788213	FRAT2
ILMN_1788223	RSPH3
ILMN_1788239	AMDHD1
ILMN_1788250	LDOC1
ILMN_1788251	SNN
ILMN_1788267	PPP1R14D
ILMN_1788268	NAPG
ILMN_1788283	COTL1
ILMN_1788315	SIN3B
ILMN_1788351	MAP4
ILMN_1788356	C11orf17
ILMN_1788363	MLH1
ILMN_1788377	COL27A1
ILMN_1788384	C9orf5
ILMN_1788387	UGCGL2
ILMN_1788388	NOVA2
ILMN_1788394	TTLL6
ILMN_1788410	DKFZP586H2123
ILMN_1788421	KCNK15
ILMN_1788462	AMD1
ILMN_1788468	ARGLU1
ILMN_1788481	ADAM19
ILMN_1788489	HIST1H3F
ILMN_1788530	ADPRHL1
ILMN_1788531	SIT1
ILMN_1788538	NCALD
ILMN_1788604	WBP2
ILMN_1788607	RPL23A
ILMN_1788625	EXOC5
ILMN_1788629	CCDC46
ILMN_1788689	PHIP
ILMN_1788700	ZNF710
ILMN_1788701	PSIP1
ILMN_1788711	HSN2
ILMN_1788729	TCF23
ILMN_1788778	Septin 11
ILMN_1788783	TRAM2
ILMN_1788789	CHRNA7
ILMN_1788793	KLF8
ILMN_1788806	FAM71F2
ILMN_1788813	RASL10B
ILMN_1788832	MIB1
ILMN_1788874	SERPINA3
ILMN_1788886	TOX
ILMN_1788931	DOCK8
ILMN_1788942	GGT6
ILMN_1788955	PDLIM1
ILMN_1788961	PPP2R2A
ILMN_1788988	THAP1
ILMN_1789001	SLC35B2
ILMN_1789007	APOC1
ILMN_1789011	SYNGR2
ILMN_1789018	ILF3
ILMN_1789040	SLITRK5
ILMN_1789058	C1orf188
ILMN_1789059	GDAP2
ILMN_1789074	HSPA1A
ILMN_1789094	NLP
ILMN_1789103	TCF20
ILMN_1789106	IPP
ILMN_1789112	TMEM145
ILMN_1789123	PLK4
ILMN_1789136	SERF2
ILMN_1789140	C1orf113
ILMN_1789166	SHD
ILMN_1789171	EEF2K
ILMN_1789176	PSMB1
ILMN_1789186	OBFC1
ILMN_1789196	TPM2
ILMN_1789224	MAP9
ILMN_1789233	VPS37C
ILMN_1789240	GBL
ILMN_1789243	VPS33B
ILMN_1789244	SOX8
ILMN_1789266	CCDC25
ILMN_1789274	FBXO17
ILMN_1789338	SORBS3
ILMN_1789342	NDUFS2
ILMN_1789349	UBQLN4
ILMN_1789357	DLX3
ILMN_1789358	ZNF628
ILMN_1789364	ZNF789
ILMN_1789384	QSOX2
ILMN_1789387	KCNE3
ILMN_1789394	CATSPER1
ILMN_1789400	FOXD2
ILMN_1789405	C22orf25
ILMN_1789418	GSTT2
ILMN_1789419	EXOC3
ILMN_1789436	C1orf218
ILMN_1789449	PKNOX1
ILMN_1789457	GNL1
ILMN_1789463	FXYD1
ILMN_1789464	SERINC5
ILMN_1789467	VMAC
ILMN_1789492	ZDHHC8
ILMN_1789500	KIAA1875
ILMN_1789502	GPC4
ILMN_1789504	PTPN9
ILMN_1789505	ITPR1
ILMN_1789507	COL11A1
ILMN_1789508	GTF3C3
ILMN_1789510	STIP1
ILMN_1789535	DHDDS
ILMN_1789567	MAGED2
ILMN_1789575	GJB3
ILMN_1789593	PRPF40B
ILMN_1789596	ETV6
ILMN_1789599	NBL1
ILMN_1789618	FER
ILMN_1789624	TPM2
ILMN_1789638	MFSD2
ILMN_1789639	FMOD
ILMN_1789641	ABCG2
ILMN_1789642	DNAJC5
ILMN_1789645	IL12RB1
ILMN_1789648	SCGN
ILMN_1789692	MARK2
ILMN_1789696	GPR21
ILMN_1789702	GBE1
ILMN_1789733	CLIP3
ILMN_1789751	MFSD1
ILMN_1789775	WDR74
ILMN_1789781	PIM3
ILMN_1789830	CFLAR
ILMN_1789839	GTF3C1
ILMN_1789846	ITGB6
ILMN_1789909	TBC1D9B
ILMN_1789913	SMPDL3B
ILMN_1789955	PNRC1
ILMN_1789990	ARFGEF2
ILMN_1789995	MGC39606
ILMN_1789999	SLC30A7
ILMN_1790014	METRNL
ILMN_1790026	SFRP5
ILMN_1790029	P2RY6
ILMN_1790062	FAM105B
ILMN_1790080	GAS7
ILMN_1790098	OGN
ILMN_1790100	C11orf82
ILMN_1790106	PLP1
ILMN_1790109	THAP8
ILMN_1790136	C20orf20
ILMN_1790149	HGF
ILMN_1790159	SULT1A2
ILMN_1790197	FLJ20674
ILMN_1790202	C1orf35
ILMN_1790218	TXNL4A
ILMN_1790228	FURIN
ILMN_1790249	F8A1
ILMN_1790315	C7orf63
ILMN_1790317	RAB26
ILMN_1790338	PRRX2
ILMN_1790350	TPRG1
ILMN_1790352	PIGZ
ILMN_1790455	BCAM
ILMN_1790460	ZNF574
ILMN_1790461	C6orf125
ILMN_1790472	SLC25A28
ILMN_1790508	KCNA5
ILMN_1790518	PHF16
ILMN_1790530	HECTD2
ILMN_1790533	PHACTR2
ILMN_1790534	MAP2K3
ILMN_1790537	C16orf75
ILMN_1790549	TSPAN3
ILMN_1790555	CCDC146
ILMN_1790562	EYA3
ILMN_1790575	KIAA0859
ILMN_1790595	TFAP2E
ILMN_1790603	ATPAF1
ILMN_1790625	CBX3
ILMN_1790637	C11orf80
ILMN_1790650	C16orf63
ILMN_1790659	GNL3
ILMN_1790680	PDE6D
ILMN_1790689	CRISPLD2
ILMN_1790692	GNLY
ILMN_1790710	SKP1A
ILMN_1790741	RNF126
ILMN_1790751	C8orf31
ILMN_1790757	ADSL
ILMN_1790781	DHRS13
ILMN_1790782	MED16
ILMN_1790797	VPS28
ILMN_1790801	RPS6KA2
ILMN_1790807	XPC
ILMN_1790832	LRRK1
ILMN_1790859	PLAC9
ILMN_1790881	HNMT
ILMN_1790885	KCNK10
ILMN_1790891	CKAP4
ILMN_1790896	LOC284009
ILMN_1790906	MSMB
ILMN_1790909	NFE2L2
ILMN_1790917	HOM-TES-103
ILMN_1790918	ZNF236
ILMN_1790951	C19orf50
ILMN_1790953	TBCB
ILMN_1790962	RINL
ILMN_1790973	CDS2
ILMN_1790978	ATG7
ILMN_1790987	HUWE1
ILMN_1791002	SKP2
ILMN_1791006	AHI1
ILMN_1791039	RTF1
ILMN_1791052	FKBPL
ILMN_1791057	IFNAR2
ILMN_1791067	TESK1
ILMN_1791069	ZNF513
ILMN_1791078	SPRY3
ILMN_1791093	PPHLN1
ILMN_1791097	RSBN1
ILMN_1791106	HEATR6
ILMN_1791123	TMPRSS2
ILMN_1791147	YPEL3
ILMN_1791149	ARL6IP4
ILMN_1791186	ARHGAP18
ILMN_1791190	MUSK
ILMN_1791202	SMOC1
ILMN_1791211	DOK2
ILMN_1791217	FAM40A
ILMN_1791222	GLYCTK
ILMN_1791226	NXN
ILMN_1791232	SPRED2
ILMN_1791250	EDA
ILMN_1791253	FBXL13
ILMN_1791270	CDH10
ILMN_1791280	HSPB8
ILMN_1791302	EFHC2
ILMN_1791306	C9orf103
ILMN_1791328	STK39
ILMN_1791329	FCRL2
ILMN_1791332	ATP5O
ILMN_1791346	ATF3
ILMN_1791366	RCOR2
ILMN_1791375	STAG3L2
ILMN_1791388	ZNF787
ILMN_1791400	ATE1
ILMN_1791403	MTIF2
ILMN_1791409	ITGA7
ILMN_1791423	LOC401052
ILMN_1791436	EZH1
ILMN_1791438	LOC255374
ILMN_1791447	CXCL12
ILMN_1791483	PDE4D
ILMN_1791501	CHRFAM7A
ILMN_1791508	MMP28
ILMN_1791511	TMEM176A
ILMN_1791523	RPE
ILMN_1791531	FA2H
ILMN_1791545	KRT23
ILMN_1791547	SPAST
ILMN_1791569	PLXNA1
ILMN_1791575	HNRPLL
ILMN_1791576	CHSY1
ILMN_1791580	FXYD3
ILMN_1791623	LSP1
ILMN_1791647	ASIP
ILMN_1791656	C10orf137
ILMN_1791702	SMARCA2
ILMN_1791711	DUOXA2
ILMN_1791726	TUBB3
ILMN_1791728	SLC25A25
ILMN_1791754	CPT1B
ILMN_1791759	CXCL10
ILMN_1791770	SMARCC2
ILMN_1791771	HCK
ILMN_1791777	KRTAP5-7
ILMN_1791792	C12orf5
ILMN_1791796	MMP16
ILMN_1791820	ZNF768
ILMN_1791826	RAB25
ILMN_1791840	RALBP1
ILMN_1791847	DAPK2
ILMN_1791873	COG1
ILMN_1791884	SNHG11
ILMN_1791890	SPON1
ILMN_1791896	EBAG9
ILMN_1791902	RARA
ILMN_1791905	CCDC103
ILMN_1791933	CCDC82
ILMN_1791955	RASGRP4
ILMN_1791980	CUTA
ILMN_1792039	MUC4
ILMN_1792072	FUT4
ILMN_1792075	CD22
ILMN_1792076	TRERF1
ILMN_1792078	ZNF313
ILMN_1792092	ZCCHC8
ILMN_1792107	ERCC8
ILMN_1792110	C10orf76
ILMN_1792135	SLC35A2
ILMN_1792168	GALE
ILMN_1792176	TADA3L
ILMN_1792182	RDH12
ILMN_1792207	MLX
ILMN_1792242	C8orf44
ILMN_1792256	TBX2
ILMN_1792270	C10orf46
ILMN_1792276	CCDC149
ILMN_1792314	ACTR1A
ILMN_1792323	HDC
ILMN_1792356	DPYSL4
ILMN_1792363	KLK4
ILMN_1792382	KCNC4
ILMN_1792389	RNF165
ILMN_1792404	TM4SF4
ILMN_1792409	AMOT
ILMN_1792415	C3orf39
ILMN_1792433	MGC39900
ILMN_1792437	LOC348174
ILMN_1792449	ALS2CR11
ILMN_1792455	TMEM158
ILMN_1792473	AIF1
ILMN_1792489	ARPC2
ILMN_1792495	AHNAK
ILMN_1792506	PLA1A
ILMN_1792508	TMEM59
ILMN_1792538	CD7
ILMN_1792551	C1orf175
ILMN_1792568	KRT9
ILMN_1792571	ARHGEF15
ILMN_1792587	VPS4B
ILMN_1792597	CRYGS
ILMN_1792660	CAMSAP1L1
ILMN_1792671	C12orf29
ILMN_1792672	POLR2D
ILMN_1792679	ITGA5
ILMN_1792682	MCTP2
ILMN_1792689	HIST1H2AC
ILMN_1792710	DAPK3
ILMN_1792712	LOC201725
ILMN_1792733	FOXA3
ILMN_1792736	COL21A1
ILMN_1792744	SLC13A2
ILMN_1792748	CPS1
ILMN_1792777	GAS2L1
ILMN_1792820	NOC2L
ILMN_1792825	ARIH2
ILMN_1792860	MED22
ILMN_1792885	CTSC
ILMN_1792910	MNT
ILMN_1792922	SOD2
ILMN_1792931	LYSMD1
ILMN_1792955	IRGQ
ILMN_1792972	ZNF439
ILMN_1792978	HAS2
ILMN_1792990	ZNF202
ILMN_1792995	MEIS2
ILMN_1792997	NPTN
ILMN_1793002	C20orf196
ILMN_1793006	TAC3
ILMN_1793017	DGKQ
ILMN_1793033	RBM28
ILMN_1793040	ADAMTSL5
ILMN_1793101	PAX4
ILMN_1793118	TAX1BP1
ILMN_1793146	CCDC25
ILMN_1793201	HAGHL
ILMN_1793203	SMCR7L
ILMN_1793213	SOX30
ILMN_1793220	GART
ILMN_1793236	KCNAB1
ILMN_1793241	SRD5A1
ILMN_1793267	ETHE1
ILMN_1793290	WDR60
ILMN_1793302	WDR4
ILMN_1793349	MOBKL1A
ILMN_1793360	APITD1
ILMN_1793371	KIAA0430
ILMN_1793384	JAK1
ILMN_1793386	MED12
ILMN_1793410	SNTB1
ILMN_1793433	RAB10
ILMN_1793466	ANKRD5
ILMN_1793476	PRKCDBP
ILMN_1793508	C7orf36
ILMN_1793514	KIAA1303
ILMN_1793517	RASAL1
ILMN_1793522	PRKAB1
ILMN_1793529	LOC389031
ILMN_1793543	C1orf51
ILMN_1793549	PTPN4
ILMN_1793563	DCTN1
ILMN_1793578	ZFP37
ILMN_1793615	ME3
ILMN_1793616	RNF38
ILMN_1793628	SERPINA10
ILMN_1793630	SLC4A3
ILMN_1793632	TMEM222
ILMN_1793643	MRM1
ILMN_1793651	UBE2N
ILMN_1793659	TUBA8
ILMN_1793672	SIX5
ILMN_1793673	ZNF766
ILMN_1793712	SCAMP3
ILMN_1793729	C15orf39
ILMN_1793732	FARS2
ILMN_1793743	DIRC2
ILMN_1793770	DNAJB6
ILMN_1793829	TMCO1
ILMN_1793831	TRADD
ILMN_1793841	ZNF542
ILMN_1793854	INTS1
ILMN_1793859	ALDH2
ILMN_1793870	IL1RAP
ILMN_1793888	SERPINB5
ILMN_1793894	ANAPC13
ILMN_1793915	MXI1
ILMN_1793932	CRB3
ILMN_1793934	PISD
ILMN_1793959	ADPGK
ILMN_1793965	PCDHGA8
ILMN_1793966	BOLA1
ILMN_1794017	SERTAD1
ILMN_1794063	ANKRD27
ILMN_1794070	ANKRD13B
ILMN_1794074	MXI1
ILMN_1794085	SAPS1
ILMN_1794108	MED9
ILMN_1794122	ZNF79
ILMN_1794131	LOC389607
ILMN_1794132	NDUFS8
ILMN_1794147	SMCR8
ILMN_1794165	PGD
ILMN_1794190	CCPG1
ILMN_1794213	ABHD14A
ILMN_1794230	SCAND1
ILMN_1794239	C4orf26
ILMN_1794260	FBXL10
ILMN_1794282	KCNMA1
ILMN_1794294	DSTN
ILMN_1794306	USP28
ILMN_1794324	CNOT4
ILMN_1794333	POU2F1
ILMN_1794364	CTSW
ILMN_1794386	IL2RG
ILMN_1794392	DDX3X
ILMN_1794468	QPCTL
ILMN_1794470	ANKFY1
ILMN_1794473	PHF17
ILMN_1794485	HDAC7A
ILMN_1794490	FLJ10781
ILMN_1794492	HOXC6
ILMN_1794501	HAS3
ILMN_1794512	ADPRH
ILMN_1794522	EIF5A
ILMN_1794552	GAP43
ILMN_1794594	RASGRP2
ILMN_1794595	GAMT
ILMN_1794597	ZNF167
ILMN_1794598	SCHIP1
ILMN_1794599	SNRPD3
ILMN_1794612	UBA7
ILMN_1794638	VIP
ILMN_1794643	ZGPAT
ILMN_1794659	FUT2
ILMN_1794672	C9orf47
ILMN_1794677	TMC6
ILMN_1794707	ATHL1
ILMN_1794726	RNF167
ILMN_1794740	CD151
ILMN_1794741	FLT4
ILMN_1794780	SHARPIN
ILMN_1794781	VAV2
ILMN_1794782	ABCG1
ILMN_1794803	NDP
ILMN_1794823	ZNF626
ILMN_1794842	LGALS13
ILMN_1794844	THRSP
ILMN_1794863	CAMK2N1
ILMN_1794875	AGPAT9
ILMN_1794912	ATP5H
ILMN_1794914	UBTD1
ILMN_1794921	MS4A10
ILMN_1794951	SLC39A5
ILMN_1794965	ABCA4
ILMN_1794967	EIF4ENIF1
ILMN_1794968	LRRC28
ILMN_1794976	NUDT4P1
ILMN_1795007	C2orf47
ILMN_1795025	NFX1
ILMN_1795026	C1orf2
ILMN_1795063	ZADH2
ILMN_1795104	ACADS
ILMN_1795118	SIDT1
ILMN_1795119	MYH3
ILMN_1795128	C13orf23
ILMN_1795158	FGR
ILMN_1795166	PTHR1
ILMN_1795170	SLITRK2
ILMN_1795181	DDX60
ILMN_1795183	RNASE1
ILMN_1795190	CLDN2
ILMN_1795218	DHX30
ILMN_1795228	ZFAND5
ILMN_1795236	SIGLEC9
ILMN_1795255	RHOBTB1
ILMN_1795257	GPT
ILMN_1795270	MYCL1
ILMN_1795275	USP53
ILMN_1795285	PHF15
ILMN_1795286	C6orf47
ILMN_1795298	GPER
ILMN_1795300	FLJ41603
ILMN_1795317	SCAND1
ILMN_1795325	ACTG2
ILMN_1795336	PTER
ILMN_1795338	YPEL1
ILMN_1795340	TMPO
ILMN_1795341	SFRS1
ILMN_1795342	MLPH
ILMN_1795383	RPUSD3
ILMN_1795388	INSM2
ILMN_1795400	TBCD
ILMN_1795404	SPOP
ILMN_1795419	C2orf24
ILMN_1795428	WDR59
ILMN_1795429	VCL
ILMN_1795435	ZNF264
ILMN_1795454	CPSF6
ILMN_1795464	LTA
ILMN_1795484	PGC
ILMN_1795495	ERCC5
ILMN_1795499	MAML3
ILMN_1795503	MCC
ILMN_1795507	ABCA6
ILMN_1795524	C15orf44
ILMN_1795561	CAMK1D
ILMN_1795582	CHRD
ILMN_1795609	RAD51
ILMN_1795639	MGMT
ILMN_1795673	LOC441476
ILMN_1795678	POLR3C
ILMN_1795703	C7orf20
ILMN_1795715	DPYD
ILMN_1795739	MPZL3
ILMN_1795754	CLIC2
ILMN_1795762	PLEK
ILMN_1795767	GRHL1
ILMN_1795811	ASB2
ILMN_1795822	DIS3L
ILMN_1795826	ATP6V0D1
ILMN_1795838	C4orf19
ILMN_1795865	FGFRL1
ILMN_1795872	UGT1A9
ILMN_1795876	GPS1
ILMN_1795893	TMEM167B
ILMN_1795906	PCBD1
ILMN_1795911	TTC37
ILMN_1795918	CENTG3
ILMN_1795930	PTGER4
ILMN_1795933	CHMP7
ILMN_1795937	VIL2
ILMN_1795949	CORO7
ILMN_1795964	UBR1
ILMN_1795976	SFXN2
ILMN_1795991	C22orf28
ILMN_1796018	NFATC4
ILMN_1796059	ANKRD30A
ILMN_1796074	C18orf56
ILMN_1796075	VPS41
ILMN_1796082	DHX57
ILMN_1796085	PPM1B
ILMN_1796089	NKX2-3
ILMN_1796094	CD36
ILMN_1796106	MGAT4B
ILMN_1796108	KIF13A
ILMN_1796113	BCDIN3D
ILMN_1796126	MXRA7
ILMN_1796165	GLRX5
ILMN_1796177	GIPC1
ILMN_1796179	HIST1H2BK
ILMN_1796180	CRY2
ILMN_1796210	PPRC1
ILMN_1796216	VASH1
ILMN_1796229	FGFR1
ILMN_1796235	CIRH1A
ILMN_1796240	KIAA1012
ILMN_1796243	SLC13A3
ILMN_1796244	CD2BP2
ILMN_1796245	DNASE2
ILMN_1796247	CRTAM
ILMN_1796288	COL5A3
ILMN_1796316	MMP9
ILMN_1796335	LPCAT2
ILMN_1796336	MAP1S
ILMN_1796337	CXCL17
ILMN_1796341	GLT8D1
ILMN_1796397	CISD2
ILMN_1796407	SS18L2
ILMN_1796409	C1QB
ILMN_1796417	ASNS
ILMN_1796423	CLIC3
ILMN_1796430	PSMD3
ILMN_1796440	C11orf49
ILMN_1796455	RYR3
ILMN_1796461	PRSS8
ILMN_1796490	GRINA
ILMN_1796497	PIP3-E
ILMN_1796499	C9orf43
ILMN_1796523	FNIP1
ILMN_1796537	FYB
ILMN_1796560	PFKFB2
ILMN_1796589	TRIP13
ILMN_1796627	PKIG
ILMN_1796628	ADAMTS2
ILMN_1796629	EDNRA
ILMN_1796642	NCF2
ILMN_1796663	B4GALNT4
ILMN_1796669	PSEN1
ILMN_1796682	PARP3
ILMN_1796685	BEST4
ILMN_1796710	PHC1
ILMN_1796734	SPARC
ILMN_1796749	KIF1C
ILMN_1796751	KIAA1274
ILMN_1796762	CCDC102A
ILMN_1796793	MGC2752
ILMN_1796830	UBE2L3
ILMN_1796855	TIAL1
ILMN_1796900	NUDCD3
ILMN_1796912	ARHGEF7
ILMN_1796925	CXADR
ILMN_1796926	PABPC5
ILMN_1796949	TPX2
ILMN_1796962	PPP3R1
ILMN_1796968	INTS5
ILMN_1796976	NLRC4
ILMN_1797001	DDX58
ILMN_1797005	PGLS
ILMN_1797021	TMEM86A
ILMN_1797031	HSPBAP1
ILMN_1797046	MTHFSD
ILMN_1797055	LIN52
ILMN_1797056	TAF5L
ILMN_1797074	EMG1
ILMN_1797082	SNX13
ILMN_1797132	CNNM2
ILMN_1797154	AZGP1
ILMN_1797155	C17orf75
ILMN_1797184	PKN3
ILMN_1797189	MAP3K12
ILMN_1797219	CLCA1
ILMN_1797236	TGM2
ILMN_1797277	KIF3C
ILMN_1797283	ASTN2
ILMN_1797293	SIGLEC15
ILMN_1797295	PASD1
ILMN_1797298	ARMC7
ILMN_1797301	C1orf183
ILMN_1797310	ATP6V1D
ILMN_1797318	HSPA14
ILMN_1797332	NARS2
ILMN_1797341	ARID1A
ILMN_1797342	FNBP1
ILMN_1797362	LIMK1
ILMN_1797372	C3orf58
ILMN_1797379	RBM43
ILMN_1797384	UROS
ILMN_1797413	SNX7
ILMN_1797425	DDX55
ILMN_1797428	FCRL3
ILMN_1797451	SRGAP2
ILMN_1797453	ARMC8
ILMN_1797475	C13orf30
ILMN_1797482	GCDH
ILMN_1797522	DUSP3
ILMN_1797530	CHCHD5
ILMN_1797531	PRKAG2
ILMN_1797534	RIOK1
ILMN_1797544	LOC648148
ILMN_1797554	ZNF189
ILMN_1797557	PLEKHA6
ILMN_1797566	C1orf142
ILMN_1797576	PLEKHA3
ILMN_1797578	CASP10
ILMN_1797594	NFAT5
ILMN_1797596	SPRY4
ILMN_1797604	CAP1
ILMN_1797656	ASCC3
ILMN_1797668	INSM1
ILMN_1797684	PDCD2
ILMN_1797693	BRI3BP
ILMN_1797698	RBM12
ILMN_1797728	HMGCS1
ILMN_1797731	MS4A6A
ILMN_1797735	C1orf21
ILMN_1797738	RCCD1
ILMN_1797744	TPPP3
ILMN_1797753	ARHGAP28
ILMN_1797776	PRSS23
ILMN_1797793	BLVRB
ILMN_1797806	CGGBP1
ILMN_1797813	SUZ12
ILMN_1797816	KIAA1303
ILMN_1797822	KIAA0746
ILMN_1797828	C20orf116
ILMN_1797853	ZNF789
ILMN_1797861	IL6ST
ILMN_1797875	ALOX5AP
ILMN_1797893	PFAAP5
ILMN_1797925	MOCS2
ILMN_1797929	MICA
ILMN_1797933	MRPL17
ILMN_1797950	EXTL2
ILMN_1797974	AIG1
ILMN_1797975	CXCR3
ILMN_1798014	EIF2S2
ILMN_1798061	ZFYVE26
ILMN_1798064	ARNTL2
ILMN_1798081	PTPRF
ILMN_1798083	CHERP
ILMN_1798123	ELOVL1
ILMN_1798129	C4orf23
ILMN_1798163	UPF3B
ILMN_1798172	IPO4
ILMN_1798177	CHURC1
ILMN_1798181	IRF7
ILMN_1798189	COX7C
ILMN_1798204	IL21R
ILMN_1798210	E2F7
ILMN_1798212	LLGL1
ILMN_1798224	JARID1C
ILMN_1798233	PSMB9
ILMN_1798254	ACTR10
ILMN_1798256	UPP1
ILMN_1798270	C11orf75
ILMN_1798288	MOBKL2C
ILMN_1798308	AHSA2
ILMN_1798346	KIAA1468
ILMN_1798354	PAPOLA
ILMN_1798360	CXCR7
ILMN_1798373	ITPRIPL1
ILMN_1798379	HNT
ILMN_1798395	PIGH
ILMN_1798433	LNPEP
ILMN_1798448	IDS
ILMN_1798454	MAD2L1BP
ILMN_1798458	KIAA1026
ILMN_1798459	PPAN
ILMN_1798467	FRYL
ILMN_1798475	CSF2RB
ILMN_1798485	ATP6V1E1
ILMN_1798496	HOXB8
ILMN_1798546	HDAC6
ILMN_1798577	SLC6A11
ILMN_1798581	MCM8
ILMN_1798582	GRB7
ILMN_1798588	HLTF
ILMN_1798612	SNX20
ILMN_1798619	KCTD17
ILMN_1798620	PQLC1
ILMN_1798624	MOCS1
ILMN_1798654	MCM6
ILMN_1798657	TBL1XR1
ILMN_1798659	CCDC28A
ILMN_1798663	MAB21L2
ILMN_1798679	ANO9
ILMN_1798690	ADAMTSL3
ILMN_1798705	CCNC
ILMN_1798712	USP4
ILMN_1798728	C19orf2
ILMN_1798779	LSP1
ILMN_1798790	IL17RC
ILMN_1798804	SRPK1
ILMN_1798808	FOXH1
ILMN_1798816	GOSR1
ILMN_1798819	DTNB
ILMN_1798827	SRBD1
ILMN_1798838	CTTN
ILMN_1798867	CAMTA2
ILMN_1798870	RBPJL
ILMN_1798874	TMEM85
ILMN_1798880	RPA4
ILMN_1798885	SLC35A2
ILMN_1798952	KDELR3
ILMN_1798955	PLA2G6
ILMN_1798957	C12orf47
ILMN_1798971	FZD5
ILMN_1798975	EGFR
ILMN_1798977	GPR97
ILMN_1799011	CEP250
ILMN_1799015	PXMP2
ILMN_1799024	VAC14
ILMN_1799062	NFKB2
ILMN_1799076	SIX3
ILMN_1799082	ZNF609
ILMN_1799103	SNRPB
ILMN_1799105	COL17A1
ILMN_1799106	MOSC1
ILMN_1799113	CCDC41
ILMN_1799128	SLC30A9
ILMN_1799139	PLOD2
ILMN_1799150	PPM1J
ILMN_1799151	PPIL4
ILMN_1799198	OTUB2
ILMN_1799208	CSGALNACT2
ILMN_1799224	FANCA
ILMN_1799243	ANXA13
ILMN_1799278	IGSF2
ILMN_1799280	BDH1
ILMN_1799289	MRPL55
ILMN_1799299	PRPF38B
ILMN_1799320	C9orf37
ILMN_1799329	TTLL10
ILMN_1799331	LOC653759
ILMN_1799367	TXNDC14
ILMN_1799369	ANKMY1
ILMN_1799387	INOC1
ILMN_1799467	SAMD9L
ILMN_1799487	N4BP2L1
ILMN_1799488	ZNF383
ILMN_1799516	DNAJC9
ILMN_1799535	GJB1
ILMN_1799579	CCDC51
ILMN_1799589	NOXA1
ILMN_1799598	SIRT5
ILMN_1799600	STARD8
ILMN_1799601	UHRF1BP1L
ILMN_1799604	OCIAD1
ILMN_1799614	PNPLA6
ILMN_1799622	ZFYVE9
ILMN_1799642	TRIM24
ILMN_1799667	KIF4A
ILMN_1799669	PSORS1C1
ILMN_1799672	CROCC
ILMN_1799688	CDC23
ILMN_1799717	ZNF398
ILMN_1799725	DOCK2
ILMN_1799743	MYBPC2
ILMN_1799744	GALC
ILMN_1799796	DIS3
ILMN_1799814	WDR57
ILMN_1799815	XYLT2
ILMN_1799819	MARS
ILMN_1799853	SPTLC1
ILMN_1799860	PIGM
ILMN_1799863	AOC2
ILMN_1799887	CTSE
ILMN_1799890	ZFYVE20
ILMN_1799939	TAF1L
ILMN_1799969	SNAPIN
ILMN_1799999	LRRCC1
ILMN_1800008	ACAT1
ILMN_1800038	SDC1
ILMN_1800058	NKX2-5
ILMN_1800082	B3GNT3
ILMN_1800091	RARRES1
ILMN_1800096	MPST
ILMN_1800130	ETNK2
ILMN_1800142	LAMB3
ILMN_1800164	PPFIA1
ILMN_1800171	MAP3K4
ILMN_1800172	RILP
ILMN_1800181	MCMDC1
ILMN_1800197	MRPL36
ILMN_1800225	PPARG
ILMN_1800261	TUBA1B
ILMN_1800267	FAM13A1
ILMN_1800308	GTF2H4
ILMN_1800311	HSF2
ILMN_1800317	WNT5A
ILMN_1800331	PTCH1
ILMN_1800332	NGB
ILMN_1800354	CST3
ILMN_1800381	GNAO1
ILMN_1800390	ZNF511
ILMN_1800396	KCNH4
ILMN_1800412	BMP1
ILMN_1800420	RNF214
ILMN_1800421	RBMY1A1
ILMN_1800425	SLC9A1
ILMN_1800430	BRF1
ILMN_1800447	PHKB
ILMN_1800451	MED16
ILMN_1800461	CSNK2B
ILMN_1800468	KLKB1
ILMN_1800512	HMOX1
ILMN_1800517	ODF2L
ILMN_1800530	CENTG2
ILMN_1800540	CD55
ILMN_1800543	SCFD1
ILMN_1800573	RPS21
ILMN_1800590	BBS1
ILMN_1800602	GCA
ILMN_1800619	BRI3BP
ILMN_1800626	SESN1
ILMN_1800634	NME4
ILMN_1800638	CUGBP2
ILMN_1800642	RELN
ILMN_1800654	MCM7
ILMN_1800659	PGM1
ILMN_1800697	LDB2
ILMN_1800711	DEPDC5
ILMN_1800713	B3GALT5
ILMN_1800721	VPS13A
ILMN_1800733	MANBA
ILMN_1800739	SPINT2
ILMN_1800750	ZNF692
ILMN_1800787	RFTN1
ILMN_1800837	CFDP1
ILMN_1800843	SCAMP4
ILMN_1800855	PPTC7
ILMN_1800889	FIG4
ILMN_1800897	NRD1
ILMN_1800935	ARV1
ILMN_1800958	ALS2CR4
ILMN_1800975	PSME3
ILMN_1800976	NFATC3
ILMN_1801020	ADK
ILMN_1801040	SPN
ILMN_1801043	GSN
ILMN_1801044	DOCK4
ILMN_1801068	DACT1
ILMN_1801090	KRT222P
ILMN_1801098	TSLP
ILMN_1801101	ZBTB48
ILMN_1801105	PRKCD
ILMN_1801109	NARG1L
ILMN_1801118	C16orf33
ILMN_1801124	KIAA1826
ILMN_1801130	STOML1
ILMN_1801146	MMP17
ILMN_1801152	PSRC1
ILMN_1801175	MAP2K3
ILMN_1801189	CLIP2
ILMN_1801205	GPNMB
ILMN_1801215	PDDC1
ILMN_1801216	S100P
ILMN_1801223	WTIP
ILMN_1801226	DOCK6
ILMN_1801230	DNASE1L1
ILMN_1801236	SPG20
ILMN_1801246	IFITM1
ILMN_1801257	CENPA
ILMN_1801262	RAD51L1
ILMN_1801302	SCN1B
ILMN_1801304	FAM78A
ILMN_1801307	TNFSF10
ILMN_1801313	SIAH2
ILMN_1801348	GOT2
ILMN_1801349	TAS2R14
ILMN_1801370	CADPS2
ILMN_1801383	SMG1
ILMN_1801387	YEATS4
ILMN_1801391	SKP2
ILMN_1801403	DCUN1D4
ILMN_1801421	EMD
ILMN_1801441	RFTN2
ILMN_1801442	KRT81
ILMN_1801443	TSKU
ILMN_1801454	GJB7
ILMN_1801464	ANKFY1
ILMN_1801476	CDS1
ILMN_1801491	SLC26A2
ILMN_1801504	RUNX1
ILMN_1801516	GPC1
ILMN_1801521	ABCC6
ILMN_1801572	C19orf44
ILMN_1801584	CXCR4
ILMN_1801586	HGF
ILMN_1801588	FN3K
ILMN_1801600	CCDC97
ILMN_1801605	BIRC6
ILMN_1801606	AMZ2
ILMN_1801608	KCNN3
ILMN_1801616	EMP1
ILMN_1801632	KRT5
ILMN_1801633	C20orf52
ILMN_1801639	IARS
ILMN_1801658	BMPR1B
ILMN_1801664	POLR3K
ILMN_1801697	C19orf46
ILMN_1801703	CPLX1
ILMN_1801710	APBB1IP
ILMN_1801762	PFDN4
ILMN_1801766	CCDC109B
ILMN_1801767	ABHD3
ILMN_1801814	VEGFB
ILMN_1801822	C18orf25
ILMN_1801833	ARHGAP24
ILMN_1801842	PTX3
ILMN_1801845	DNAL4
ILMN_1801852	SEC61B
ILMN_1801853	DPY19L2
ILMN_1801866	BRWD1
ILMN_1801869	WDR75
ILMN_1801899	PLEC1
ILMN_1801909	IGHMBP2
ILMN_1801913	PPIH
ILMN_1801914	SH3BP2
ILMN_1801923	ATF1
ILMN_1801928	YWHAZ
ILMN_1801934	SERTAD3
ILMN_1801939	CCNB2
ILMN_1801941	C1orf50
ILMN_1801943	NAV2
ILMN_1801953	IHH
ILMN_1801984	VHL
ILMN_1802027	MGST2
ILMN_1802053	ZNF91
ILMN_1802082	PRDM8
ILMN_1802089	SYMPK
ILMN_1802093	ZNF677
ILMN_1802096	ABTB1
ILMN_1802100	ADAM28
ILMN_1802151	OSBPL5
ILMN_1802157	THOC1
ILMN_1802190	FOXJ1
ILMN_1802203	ARF1
ILMN_1802205	RHOB
ILMN_1802252	GAPDH
ILMN_1802257	PCTP
ILMN_1802292	WDFY2
ILMN_1802315	SPPL2B
ILMN_1802316	SMPD3
ILMN_1802338	HHLA3
ILMN_1802347	FTSJ1
ILMN_1802360	KRTAP5-2
ILMN_1802371	RNF216
ILMN_1802380	RERE
ILMN_1802390	PIGA
ILMN_1802392	RAD51L1
ILMN_1802397	GNA11
ILMN_1802404	ABCC1
ILMN_1802411	ITGA1
ILMN_1802418	SDC3
ILMN_1802434	JPH2
ILMN_1802441	REG1A
ILMN_1802456	DCTD
ILMN_1802457	MAX
ILMN_1802458	AGTRAP
ILMN_1802519	VPS36
ILMN_1802553	MRPS24
ILMN_1802557	HEBP1
ILMN_1802603	RFNG
ILMN_1802611	SPEN
ILMN_1802615	CDK6
ILMN_1802627	PSMG3
ILMN_1802628	PPAPDC2
ILMN_1802631	AGA
ILMN_1802642	TOM1L1
ILMN_1802646	EPHB6
ILMN_1802653	EBI3
ILMN_1802654	GLT8D2
ILMN_1802669	PPP3CB
ILMN_1802674	PACRG
ILMN_1802690	GULP1
ILMN_1802699	PCK2
ILMN_1802706	IDH3G
ILMN_1802708	BTN3A1
ILMN_1802731	TAS2R50
ILMN_1802735	FFAR3
ILMN_1802743	MLL2
ILMN_1802753	TSSC4
ILMN_1802771	C22orf15
ILMN_1802780	M160
ILMN_1802799	AKIRIN1
ILMN_1802804	L3MBTL
ILMN_1802831	MTMR12
ILMN_1802843	PRCC
ILMN_1802872	PPIL2
ILMN_1802894	VKORC1L1
ILMN_1802901	TRPV3
ILMN_1802905	PIAS4
ILMN_1802923	APOC2
ILMN_1802951	CDCA1
ILMN_1802971	RAI16
ILMN_1802973	ANAPC4
ILMN_1803005	MMACHC
ILMN_1803018	KIFC2
ILMN_1803030	NOS1
ILMN_1803033	MGST1
ILMN_1803036	TARBP1
ILMN_1803045	TUBGCP5
ILMN_1803060	MAML1
ILMN_1803094	PDGFD
ILMN_1803110	SF3B3
ILMN_1803143	SYVN1
ILMN_1803162	RTEL1
ILMN_1803180	PRDX6
ILMN_1803183	ARPC4
ILMN_1803194	GALK1
ILMN_1803197	RAB3IP
ILMN_1803211	FBXO2
ILMN_1803213	MXRA5
ILMN_1803217	KIAA0514
ILMN_1803219	TMC4
ILMN_1803254	KIAA2010
ILMN_1803256	STOX2
ILMN_1803277	MVP
ILMN_1803279	TMED5
ILMN_1803312	DIMT1L
ILMN_1803317	C9orf114
ILMN_1803318	PPFIA2
ILMN_1803338	CCDC80
ILMN_1803348	EHBP1
ILMN_1803367	EVI1
ILMN_1803376	AEBP2
ILMN_1803392	TAX1BP3
ILMN_1803398	SRF
ILMN_1803408	KRT18
ILMN_1803412	LARGE
ILMN_1803423	ARHGEF6
ILMN_1803429	CD44
ILMN_1803464	PHTF1
ILMN_1803476	KCTD20
ILMN_1803483	KIAA2013
ILMN_1803528	LRRC31
ILMN_1803560	LAT2
ILMN_1803561	PLA2G4A
ILMN_1803563	HDAC9
ILMN_1803570	BRI3BP
ILMN_1803590	CCDC131
ILMN_1803593	WNT3
ILMN_1803624	TMEM147
ILMN_1803637	EPHA7
ILMN_1803647	FAM162A
ILMN_1803652	C9orf91
ILMN_1803676	ENOSF1
ILMN_1803686	ADA
ILMN_1803691	ARTN
ILMN_1803698	STX16
ILMN_1803744	SELS
ILMN_1803745	SUOX
ILMN_1803772	POLD4
ILMN_1803773	MAG
ILMN_1803774	STK16
ILMN_1803779	AP2A2
ILMN_1803788	LGALS3
ILMN_1803810	RRBP1
ILMN_1803811	TRIB1
ILMN_1803813	ASTE1
ILMN_1803819	IQGAP1
ILMN_1803824	ZDHHC9
ILMN_1803838	CNFN
ILMN_1803846	EIF1
ILMN_1803850	TSPAN15
ILMN_1803853	NOL7
ILMN_1803855	FAIM2
ILMN_1803882	VEGFA
ILMN_1803907	HOXC5
ILMN_1803911	IIP45
ILMN_1803925	MTMR3
ILMN_1803939	YIPF6
ILMN_1803941	TBC1D15
ILMN_1803945	HCP5
ILMN_1803956	BOC
ILMN_1803988	MCL1
ILMN_1803995	TM7SF3
ILMN_1803997	SDCCAG3
ILMN_1804005	FBP2
ILMN_1804051	SNX8
ILMN_1804064	ESRRG
ILMN_1804090	SLC25A10
ILMN_1804104	ZAP70
ILMN_1804113	RFXANK
ILMN_1804117	FAM89B
ILMN_1804148	TMED4
ILMN_1804150	HIBADH
ILMN_1804207	MRPL4
ILMN_1804263	ZNF76
ILMN_1804277	SPRED1
ILMN_1804279	PTPRC
ILMN_1804316	TCAP
ILMN_1804327	NAP1L4
ILMN_1804329	TUSC2
ILMN_1804332	GPR137
ILMN_1804384	ASMTL
ILMN_1804396	C14orf4
ILMN_1804415	LOC57228
ILMN_1804419	LRMP
ILMN_1804444	PDIA2
ILMN_1804445	ATF7IP2
ILMN_1804448	MSI2
ILMN_1804461	MYH14
ILMN_1804476	GMPPA
ILMN_1804490	PRKRIP1
ILMN_1804494	KLHL25
ILMN_1804498	C7orf27
ILMN_1804502	SERTAD3
ILMN_1804522	CCDC47
ILMN_1804531	CLDN6
ILMN_1804568	HOMER1
ILMN_1804571	ZKSCAN4
ILMN_1804593	HEPACAM2
ILMN_1804597	C2orf37
ILMN_1804604	C1QTNF3
ILMN_1804610	NFX1
ILMN_1804611	C12orf23
ILMN_1804629	TPK1
ILMN_1804642	SMUG1
ILMN_1804652	PLEKHH3
ILMN_1804656	C12orf62
ILMN_1804661	KALRN
ILMN_1804662	NRG4
ILMN_1804663	THBS3
ILMN_1804676	VAMP4
ILMN_1804679	MYST1
ILMN_1804735	CBS
ILMN_1804737	RAVER2
ILMN_1804743	USP32
ILMN_1804789	KIAA1967
ILMN_1804798	BEXL1
ILMN_1804812	ANAPC1
ILMN_1804822	SRXN1
ILMN_1804834	C6orf130
ILMN_1804841	WWOX
ILMN_1804851	MRPS17
ILMN_1804870	PRKG2
ILMN_1804884	C22orf39
ILMN_1804895	C7orf53
ILMN_1804901	IL1F5
ILMN_1804929	OXTR
ILMN_1804935	VNN3
ILMN_1804938	GPR175
ILMN_1804955	CTSF
ILMN_1804988	MOAP1
ILMN_1804993	FAM178B
ILMN_1805007	SEMA4F
ILMN_1805011	FLJ35816
ILMN_1805024	ERBB2IP
ILMN_1805028	THOC7
ILMN_1805098	PDE1B
ILMN_1805104	ABAT
ILMN_1805111	BRWD1
ILMN_1805131	C17orf90
ILMN_1805132	PCDH19
ILMN_1805148	C2orf63
ILMN_1805161	LZTR1
ILMN_1805192	KIAA1754
ILMN_1805200	DNM1
ILMN_1805216	GPC6
ILMN_1805225	LPCAT3
ILMN_1805228	LRG1
ILMN_1805247	AP1GBP1
ILMN_1805271	ZNF721
ILMN_1805330	KLHL26
ILMN_1805344	DDX5
ILMN_1805345	MOSPD3
ILMN_1805371	HNRPM
ILMN_1805395	LTBP3
ILMN_1805404	GRIN1
ILMN_1805410	C15orf48
ILMN_1805415	PDE3A
ILMN_1805449	TAPBPL
ILMN_1805457	NHLH1
ILMN_1805466	SOX9
ILMN_1805474	C1orf131
ILMN_1805481	TRMT11
ILMN_1805512	WDR13
ILMN_1805535	VRK3
ILMN_1805590	LSM8
ILMN_1805614	RORA
ILMN_1805636	PERLD1
ILMN_1805643	RILPL1
ILMN_1805652	PPP2R2D
ILMN_1805658	LTV1
ILMN_1805665	FLRT3
ILMN_1805673	ALKBH4
ILMN_1805693	GMIP
ILMN_1805696	DFFA
ILMN_1805725	B4GALNT1
ILMN_1805737	PFKP
ILMN_1805750	IFITM3
ILMN_1805765	CMYA5
ILMN_1805766	POU6F1
ILMN_1805778	RBM12B
ILMN_1805788	PPHLN1
ILMN_1805792	TRIO
ILMN_1805796	FLYWCH2
ILMN_1805800	RAB5A
ILMN_1805807	SLC30A3
ILMN_1805812	TOR1A
ILMN_1805827	PPA1
ILMN_1805828	VRK1
ILMN_1805842	FHL1
ILMN_1805863	WDR81
ILMN_1805903	DOK2
ILMN_1805910	MIER3
ILMN_1805916	NIPSNAP1
ILMN_1805930	CSF1
ILMN_1805979	GAB3
ILMN_1805990	BAK1
ILMN_1805992	KIAA1598
ILMN_1805996	SIN3A
ILMN_1805998	C18orf21
ILMN_1805999	MYO1D
ILMN_1806010	PARC
ILMN_1806017	PSME1
ILMN_1806023	JUN
ILMN_1806030	PPL
ILMN_1806037	TK1
ILMN_1806040	TYMS
ILMN_1806093	IFRG15
ILMN_1806106	GNL3
ILMN_1806122	CHD8
ILMN_1806123	MRPL23
ILMN_1806147	GNG3
ILMN_1806198	VSIG1
ILMN_1806242	PSD
ILMN_1806256	MGC27121
ILMN_1806275	ADAT3
ILMN_1806293	LIN7A
ILMN_1806294	RPS6KA3
ILMN_1806304	ENTPD4
ILMN_1806305	FLJ23356
ILMN_1806306	SV2B
ILMN_1806310	A1CF
ILMN_1806312	C20orf30
ILMN_1806314	METTL2A
ILMN_1806320	PPFIBP1
ILMN_1806328	PDIK1L
ILMN_1806333	ZNF793
ILMN_1806349	SLC6A8
ILMN_1806394	UBL4B
ILMN_1806403	RASL12
ILMN_1806408	ACADVL
ILMN_1806415	TTLL1
ILMN_1806432	NT5C
ILMN_1806448	NTNG2
ILMN_1806473	BEX5
ILMN_1806483	ZWILCH
ILMN_1806487	FAM109B
ILMN_1806500	CPNE5
ILMN_1806502	ZNF165
ILMN_1806508	B4GALT2
ILMN_1806510	VPS53
ILMN_1806533	PDE7B
ILMN_1806601	GRSF1
ILMN_1806603	MESP1
ILMN_1806607	SFN
ILMN_1806634	NNT
ILMN_1806647	HEATR2
ILMN_1806651	PARP8
ILMN_1806655	ARHGAP6
ILMN_1806667	FRAS1
ILMN_1806692	HEXB
ILMN_1806705	ASB6
ILMN_1806710	ESPN
ILMN_1806713	ZNF18
ILMN_1806721	MS4A2
ILMN_1806733	COL18A1
ILMN_1806752	PLEKHH2
ILMN_1806754	GLDC
ILMN_1806757	MYBBP1A
ILMN_1806758	C9orf85
ILMN_1806778	UBE2E1
ILMN_1806779	ZNF155
ILMN_1806782	ZNF235
ILMN_1806787	CSDC2
ILMN_1806801	TMEM182
ILMN_1806804	USP14
ILMN_1806809	ZNF189
ILMN_1806828	MGC3207
ILMN_1806867	PPM1G
ILMN_1806906	SSR3
ILMN_1806908	PRKCB1
ILMN_1806937	C19orf62
ILMN_1806946	UBTF
ILMN_1806951	CSTF3
ILMN_1806999	B9D2
ILMN_1807003	ANXA11
ILMN_1807031	C14orf28
ILMN_1807036	AQP5
ILMN_1807042	MARCKS
ILMN_1807044	UBAC1
ILMN_1807067	C20orf118
ILMN_1807074	MIF
ILMN_1807088	TTC33
ILMN_1807095	MRPS36
ILMN_1807101	F11
ILMN_1807106	LDHA
ILMN_1807152	GOLGA1
ILMN_1807169	TINAGL1
ILMN_1807171	PLA2G5
ILMN_1807177	KIAA1797
ILMN_1807181	BACH1
ILMN_1807201	FAM104A
ILMN_1807206	DHRS1
ILMN_1807211	NICN1
ILMN_1807243	PRPF18
ILMN_1807277	IFI30
ILMN_1807283	NDST1
ILMN_1807298	NR4A3
ILMN_1807304	MBNL1
ILMN_1807331	BLID
ILMN_1807359	CLEC11A
ILMN_1807372	ADORA2A
ILMN_1807379	WHSC1L1
ILMN_1807397	NDUFB5
ILMN_1807423	IGF2BP3
ILMN_1807455	DHRS7
ILMN_1807467	RGNEF
ILMN_1807491	LAIR2
ILMN_1807493	ACVRL1
ILMN_1807501	GINS4
ILMN_1807525	CNTD2
ILMN_1807529	PADI4
ILMN_1807540	CBARA1
ILMN_1807563	FKBP2
ILMN_1807596	UBAP1
ILMN_1807600	NPLOC4
ILMN_1807609	SPTBN5
ILMN_1807662	IGF2R
ILMN_1807689	PKNOX2
ILMN_1807710	HINT1
ILMN_1807712	PILRB
ILMN_1807719	CTNS
ILMN_1807759	TAS2R44
ILMN_1807767	KIAA0182
ILMN_1807798	ATP5G2
ILMN_1807807	FAM33A
ILMN_1807825	LY86
ILMN_1807833	HM13
ILMN_1807873	SNX6
ILMN_1807881	NEDD4
ILMN_1807894	SLC7A8
ILMN_1807919	TNS1
ILMN_1807925	GNG2
ILMN_1807945	ANP32A
ILMN_1807968	RPS6KA6
ILMN_1807969	SNCAIP
ILMN_1807970	GCNT2
ILMN_1807972	MICAL1
ILMN_1807981	SIGIRR
ILMN_1807994	PCNP
ILMN_1808011	FAM46B
ILMN_1808047	PHC2
ILMN_1808059	BCAS4
ILMN_1808071	KIF14
ILMN_1808095	RNF41
ILMN_1808110	TCEB3
ILMN_1808115	ATP7A
ILMN_1808117	C1QL4
ILMN_1808147	ZGPAT
ILMN_1808157	RUNDC3B
ILMN_1808163	C11orf24
ILMN_1808202	C19orf22
ILMN_1808219	HEATR3
ILMN_1808226	RGS16
ILMN_1808238	RBPMS2
ILMN_1808245	RPESP
ILMN_1808249	MS4A8B
ILMN_1808272	KCNJ10
ILMN_1808299	IQSEC1
ILMN_1808301	MRPL45
ILMN_1808333	PPP1R7
ILMN_1808356	FAM3A
ILMN_1808374	SNTB2
ILMN_1808379	PLCD4
ILMN_1808383	ARL11
ILMN_1808391	DUSP4
ILMN_1808395	ACAP1
ILMN_1808404	RHBDF1
ILMN_1808405	HLA-DQA1
ILMN_1808409	HIF3A
ILMN_1808455	ZNF92
ILMN_1808487	PLA2G12B
ILMN_1808494	ITIH2
ILMN_1808500	CEP68
ILMN_1808501	SH3KBP1
ILMN_1808512	TPSD1
ILMN_1808537	LRRC66
ILMN_1808546	CASC2
ILMN_1808566	TMEM180
ILMN_1808568	PYCR2
ILMN_1808584	FAM36A
ILMN_1808587	ZFHX3
ILMN_1808597	C2orf13
ILMN_1808613	CRELD1
ILMN_1808634	TMEM77
ILMN_1808657	FMO3
ILMN_1808707	FSCN1
ILMN_1808712	RNF40
ILMN_1808713	HSD17B2
ILMN_1808732	SAA1
ILMN_1808748	CLCN6
ILMN_1808765	ZNF25
ILMN_1808768	ROCK1
ILMN_1808777	EHD2
ILMN_1808779	CSTF3
ILMN_1808781	PHF12
ILMN_1808783	STRBP
ILMN_1808789	MYO5C
ILMN_1808811	SBNO2
ILMN_1808821	COMMD9
ILMN_1808835	CCDC7
ILMN_1808846	TBKBP1
ILMN_1808850	DAB2IP
ILMN_1808860	STX5
ILMN_1808861	LOC653803
ILMN_1808898	NPR2
ILMN_1808913	CSNK1E
ILMN_1808919	HPS4
ILMN_1808938	PIGF
ILMN_1808939	RPS6
ILMN_1808946	POLR2J4
ILMN_1808999	ARHGEF19
ILMN_1809003	CBR1
ILMN_1809010	PSMC3
ILMN_1809013	MYL6
ILMN_1809027	ATP5SL
ILMN_1809034	GATC
ILMN_1809040	LDLRAP1
ILMN_1809047	TBRG4
ILMN_1809054	THAP9
ILMN_1809086	XRN1
ILMN_1809101	STEAP2
ILMN_1809139	AHCTF1
ILMN_1809141	ING4
ILMN_1809145	HRIHFB2122
ILMN_1809147	FAM118A
ILMN_1809173	LOC729021
ILMN_1809191	RAP1A
ILMN_1809193	PSEN1
ILMN_1809208	KIAA1543
ILMN_1809245	PITPNB
ILMN_1809267	CLCC1
ILMN_1809272	MGAT4B
ILMN_1809285	DCP1A
ILMN_1809292	IMMP2L
ILMN_1809313	CASP8
ILMN_1809323	C9orf125
ILMN_1809344	BTBD10
ILMN_1809364	NTF3
ILMN_1809384	CYP4F12
ILMN_1809417	LRFN4
ILMN_1809433	XBP1
ILMN_1809437	RHBDD2
ILMN_1809456	CNTFR
ILMN_1809467	VAMP5
ILMN_1809477	CARHSP1
ILMN_1809478	SSBP1
ILMN_1809483	HSD17B14
ILMN_1809484	TMOD3
ILMN_1809491	MGC87631
ILMN_1809495	COX8A
ILMN_1809496	COPG2
ILMN_1809511	GRINL1A
ILMN_1809522	BTBD14A
ILMN_1809566	ZSCAN16
ILMN_1809582	VPS13C
ILMN_1809583	CREBBP
ILMN_1809590	GINS2
ILMN_1809607	PPIF
ILMN_1809612	C7orf45
ILMN_1809613	NGEF
ILMN_1809639	TMEM26
ILMN_1809662	LOC440145
ILMN_1809695	CAMK2G
ILMN_1809708	KCTD21
ILMN_1809730	RXRG
ILMN_1809751	EIF2C3
ILMN_1809813	PGF
ILMN_1809817	FLJ23834
ILMN_1809818	PRCC
ILMN_1809842	TNNC1
ILMN_1809850	RCN3
ILMN_1809859	PCGF2
ILMN_1809866	WDR74
ILMN_1809883	CCDC134
ILMN_1809895	FNBP1L
ILMN_1809928	COL6A2
ILMN_1809931	NDRG1
ILMN_1809944	TRMT12
ILMN_1809951	ZNF200
ILMN_1809957	AP2S1
ILMN_1809959	AADAT
ILMN_1809963	RSAD1
ILMN_1810000	RDH16
ILMN_1810011	PTPDC1
ILMN_1810037	RUSC2
ILMN_1810045	NLRP1
ILMN_1810053	SLC16A7
ILMN_1810054	CNN1
ILMN_1810055	ITFG3
ILMN_1810085	ABCF3
ILMN_1810100	PBX3
ILMN_1810115	KCTD2
ILMN_1810116	INPP5B
ILMN_1810120	SYT7
ILMN_1810127	ZNF789
ILMN_1810147	ZNF524
ILMN_1810159	FLJ90650
ILMN_1810176	MAP3K7
ILMN_1810181	PCGF6
ILMN_1810191	PLA2G4C
ILMN_1810200	ARPC2
ILMN_1810214	JUND
ILMN_1810225	KIAA1530
ILMN_1810228	TTF2
ILMN_1810229	ARID4A
ILMN_1810235	ATP6V1E2
ILMN_1810254	MEI1
ILMN_1810267	DNHD1
ILMN_1810274	HOXB2
ILMN_1810275	SLC7A7
ILMN_1810289	FER1L3
ILMN_1810334	COMMD7
ILMN_1810335	DGKB
ILMN_1810385	ATR
ILMN_1810387	PLAA
ILMN_1810392	ZNHIT2
ILMN_1810418	LBR
ILMN_1810420	DYSF
ILMN_1810423	RPP40
ILMN_1810436	DNAJC27
ILMN_1810441	TRIM3
ILMN_1810467	PPP2R1A
ILMN_1810474	UBE2I
ILMN_1810486	RAB34
ILMN_1810488	NFYC
ILMN_1810514	SLC25A44
ILMN_1810531	DRG2
ILMN_1810533	SLC6A15
ILMN_1810540	SDK1
ILMN_1810559	RHOQ
ILMN_1810560	P8
ILMN_1810584	IL1R1
ILMN_1810591	PUS10
ILMN_1810628	KIAA0367
ILMN_1810639	REXO1L1
ILMN_1810657	STXBP1
ILMN_1810684	TINAG
ILMN_1810691	ADCY2
ILMN_1810712	ARHGEF12
ILMN_1810716	GFRA3
ILMN_1810725	FAM129A
ILMN_1810727	SLC25A45
ILMN_1810729	UBL3
ILMN_1810782	SH3KBP1
ILMN_1810797	WASF3
ILMN_1810810	EEF1A1
ILMN_1810832	ZNF343
ILMN_1810834	MSH5
ILMN_1810835	SPRR3
ILMN_1810836	PDE5A
ILMN_1810838	MTDH
ILMN_1810844	RARRES2
ILMN_1810852	LAMC1
ILMN_1810855	C15orf58
ILMN_1810856	HDAC5
ILMN_1810864	PMP22
ILMN_1810875	SYNGR1
ILMN_1810891	ZNF629
ILMN_1810901	RNASEH2A
ILMN_1810915	FAAH
ILMN_1810922	PCNT
ILMN_1810941	COMT
ILMN_1810942	CYP3A5
ILMN_1810962	PTPRK
ILMN_1810977	CDV3
ILMN_1810992	CAD
ILMN_1810996	COL24A1
ILMN_1811006	E2F8
ILMN_1811029	TLK1
ILMN_1811048	GPR107
ILMN_1811049	POU2AF1
ILMN_1811050	CCDC88A
ILMN_1811102	LRSAM1
ILMN_1811103	PCDHGB5
ILMN_1811114	SDS
ILMN_1811117	LOC400986
ILMN_1811121	CXorf39
ILMN_1811171	GPR132
ILMN_1811178	SCAPER
ILMN_1811188	BCCIP
ILMN_1811195	ZNF211
ILMN_1811221	SLC5A8
ILMN_1811235	SLC25A25
ILMN_1811238	ALPK2
ILMN_1811258	RELB
ILMN_1811264	CCDC32
ILMN_1811277	TRIM13
ILMN_1811278	RNF186
ILMN_1811289	COL4A6
ILMN_1811301	INPP5E
ILMN_1811303	NR5A2
ILMN_1811313	SLIT3
ILMN_1811327	MRPL27
ILMN_1811328	DPP7
ILMN_1811330	FAM134B
ILMN_1811362	LOC653746
ILMN_1811363	NOVA1
ILMN_1811367	MAT2B
ILMN_1811370	HSD11B1
ILMN_1811373	FAM20B
ILMN_1811378	GTPBP1
ILMN_1811387	TFF3
ILMN_1811392	HMHA1
ILMN_1811426	TMTC1
ILMN_1811433	RPL8
ILMN_1811437	C11orf9
ILMN_1811468	IRX3
ILMN_1811470	PLEK2
ILMN_1811472	KIF23
ILMN_1811478	MFI2
ILMN_1811480	ADPRHL2
ILMN_1811481	BRD9
ILMN_1811489	OXSR1
ILMN_1811515	DLG3
ILMN_1811535	JUB
ILMN_1811551	DERA
ILMN_1811560	SF4
ILMN_1811572	TAS2R46
ILMN_1811574	MAPK8IP3
ILMN_1811579	HOMER3
ILMN_1811588	PML
ILMN_1811592	ARHGAP21
ILMN_1811593	NPAL1
ILMN_1811598	ADH1B
ILMN_1811608	FLJ14107
ILMN_1811615	COPA
ILMN_1811616	EEPD1
ILMN_1811624	THADA
ILMN_1811632	FMO5
ILMN_1811636	IFT57
ILMN_1811648	DCAKD
ILMN_1811650	DUS2L
ILMN_1811682	CYLN2
ILMN_1811702	GRN
ILMN_1811719	MYO7A
ILMN_1811729	CBLC
ILMN_1811754	NDUFB10
ILMN_1811758	CNP
ILMN_1811765	ADAMTS2
ILMN_1811775	CCDC124
ILMN_1811786	CCDC102B
ILMN_1811790	FOXS1
ILMN_1811823	MED25
ILMN_1811836	DYNC2LI1
ILMN_1811851	PRRX1
ILMN_1811877	ANTXR1
ILMN_1811890	RGS10
ILMN_1811921	CSRP1
ILMN_1811933	SHMT1
ILMN_1811955	PRMT5
ILMN_1811957	CAMSAP1
ILMN_1811972	MYCBP2
ILMN_1811973	PPARD
ILMN_1811991	FLJ22222
ILMN_1811997	ZNF364
ILMN_1812001	VASP
ILMN_1812031	PALM
ILMN_1812062	SGPP2
ILMN_1812067	RER1
ILMN_1812073	ATP6V1B1
ILMN_1812080	PARP16
ILMN_1812091	FAM20A
ILMN_1812096	CADM4
ILMN_1812118	ZNF570
ILMN_1812139	RASSF2
ILMN_1812191	C12orf57
ILMN_1812222	ZNF2
ILMN_1812233	KALRN
ILMN_1812256	GANC
ILMN_1812262	DDR1
ILMN_1812273	EHMT1
ILMN_1812278	LY9
ILMN_1812289	CDK5RAP1
ILMN_1812297	CYP26B1
ILMN_1812312	NDUFS4
ILMN_1812327	RNF19A
ILMN_1812359	FBXW8
ILMN_1812362	ME3
ILMN_1812384	NR3C1
ILMN_1812392	TMSB10
ILMN_1812395	LARP1
ILMN_1812403	BCAP31
ILMN_1812441	C17orf63
ILMN_1812452	S1PR2
ILMN_1812461	WISP2
ILMN_1812478	ZNHIT3
ILMN_1812489	CCDC21
ILMN_1812494	GDA
ILMN_1812503	PHKA1
ILMN_1812526	TGFB2
ILMN_1812552	PHCA
ILMN_1812557	CDK5RAP3
ILMN_1812559	SLC7A6
ILMN_1812570	SHC1
ILMN_1812571	RAB35
ILMN_1812580	YDJC
ILMN_1812581	RNF14
ILMN_1812616	MYO1C
ILMN_1812618	CENTD3
ILMN_1812622	NEIL1
ILMN_1812666	DNAJC15
ILMN_1812688	C2orf18
ILMN_1812701	C4orf33
ILMN_1812726	MORF4L1
ILMN_1812769	UBXN1
ILMN_1812777	MRPL35
ILMN_1812795	RUNX1T1
ILMN_1812824	SST
ILMN_1812856	ZSWIM1
ILMN_1812859	GAD1
ILMN_1812898	ZNF132
ILMN_1812902	CYYR1
ILMN_1812915	TNFRSF10B
ILMN_1812926	ANTXR2
ILMN_1812934	DIDO1
ILMN_1812940	TRMT1
ILMN_1812967	CNPY3
ILMN_1812968	SOX18
ILMN_1812970	RWDD1
ILMN_1812973	RRP1B
ILMN_1812976	DDX54
ILMN_1812980	OR2H2
ILMN_1812995	CTSL1
ILMN_1813010	VTA1
ILMN_1813027	TRIM41
ILMN_1813028	CBX5
ILMN_1813091	ARL1
ILMN_1813100	KIAA1244
ILMN_1813104	GALNTL2
ILMN_1813120	MAP4K3
ILMN_1813139	ANKDD1A
ILMN_1813175	LPHN1
ILMN_1813206	CP
ILMN_1813207	MRPS9
ILMN_1813236	C6orf136
ILMN_1813240	EIF1AX
ILMN_1813243	ANAPC2
ILMN_1813256	CRIPT
ILMN_1813260	TIMM17B
ILMN_1813264	ZMAT1
ILMN_1813277	SUPT3H
ILMN_1813295	LMO3
ILMN_1813314	HIST1H2BK
ILMN_1813338	LAG3
ILMN_1813344	C20orf7
ILMN_1813350	HSD11B2
ILMN_1813374	C19orf28
ILMN_1813379	TNFRSF9
ILMN_1813386	CORO6
ILMN_1813389	MRPS7
ILMN_1813400	CBR4
ILMN_1813423	NAT15
ILMN_1813430	TRIM69
ILMN_1813475	HERC2
ILMN_1813489	RAF1
ILMN_1813503	SEMA6C
ILMN_1813517	DISP2
ILMN_1813530	AGT
ILMN_1813544	OXCT1
ILMN_1813561	SCIN
ILMN_1813568	TRPV1
ILMN_1813590	KIAA1026
ILMN_1813594	PREI3
ILMN_1813604	NDUFB7
ILMN_1813620	PARP6
ILMN_1813625	TRIM25
ILMN_1813641	C9orf167
ILMN_1813650	INPP5F
ILMN_1813657	PHF20
ILMN_1813669	ANKS1A
ILMN_1813670	SLC25A2
ILMN_1813671	SLC25A1
ILMN_1813682	MRPL53
ILMN_1813685	RAB7L1
ILMN_1813688	GKN2
ILMN_1813701	RASAL2
ILMN_1813703	RALGPS2
ILMN_1813704	KIAA1199
ILMN_1813735	CSNK1G3
ILMN_1813746	CORO2A
ILMN_1813753	PTN
ILMN_1813763	SLC20A2
ILMN_1813766	RCL1
ILMN_1813775	GAK
ILMN_1813795	RASSF5
ILMN_1813817	MRPL55
ILMN_1813833	NARFL
ILMN_1813836	DARS
ILMN_1813837	C9orf9
ILMN_1813840	AOF2
ILMN_1813846	P2RX4
ILMN_1813881	APOBEC1
ILMN_1813911	HEXA
ILMN_1813938	CHCHD4
ILMN_1813955	SERTAD3
ILMN_1813957	CEACAM7
ILMN_1813975	ADI1
ILMN_1814002	TEAD3
ILMN_1814015	CDH17
ILMN_1814022	NR1H3
ILMN_1814044	CABIN1
ILMN_1814074	PHKA2
ILMN_1814077	ZFPM2
ILMN_1814106	C9orf169
ILMN_1814113	ZFR
ILMN_1814120	PECR
ILMN_1814122	MDC1
ILMN_1814151	AGR2
ILMN_1814156	PSMB7
ILMN_1814173	SMARCA4
ILMN_1814194	TCF4
ILMN_1814200	BMP2K
ILMN_1814213	PQLC3
ILMN_1814221	NPTX1
ILMN_1814230	MTCP1
ILMN_1814247	TCFL5
ILMN_1814270	LY6D
ILMN_1814282	ISG20L1
ILMN_1814296	TRPM6
ILMN_1814305	SAMD9
ILMN_1814315	PBXIP1
ILMN_1814316	A2BP1
ILMN_1814327	AGTR1
ILMN_1814402	NFIC
ILMN_1814465	UBE2G1
ILMN_1814526	ADD3
ILMN_1814557	TRPS1
ILMN_1814573	FTSJD1
ILMN_1814611	HCG9
ILMN_1814619	ZNF33A
ILMN_1814622	FLJ20125
ILMN_1814629	ZC3H12B
ILMN_1814650	TRAPPC4
ILMN_1814657	TFAP4
ILMN_1814661	PHLPP
ILMN_1814686	BCMO1
ILMN_1814701	COL9A1
ILMN_1814710	PCDHB5
ILMN_1814719	RBP4
ILMN_1814726	SCARB2
ILMN_1814737	LNPEP
ILMN_1814787	ICA1
ILMN_1814789	UBAP2L
ILMN_1814790	SHANK2
ILMN_1814799	S100A13
ILMN_1814808	BFAR
ILMN_1814856	C9orf7
ILMN_1814859	DDX47
ILMN_1814917	TLE2
ILMN_1814924	FAM55C
ILMN_1814952	FLCN
ILMN_1814966	PIAS3
ILMN_1814971	TCF25
ILMN_1814985	PDLIM7
ILMN_1814994	YY2
ILMN_1815010	RNF141
ILMN_1815012	EXOC7
ILMN_1815023	PIM1
ILMN_1815024	PRDX5
ILMN_1815033	HPCA
ILMN_1815039	C6orf153
ILMN_1815043	MRPS2
ILMN_1815051	API5
ILMN_1815054	GPR97
ILMN_1815057	PDGFRB
ILMN_1815063	PXK
ILMN_1815079	TICAM1
ILMN_1815083	WHSC2
ILMN_1815086	NINJ1
ILMN_1815102	LCAT
ILMN_1815107	MATR3
ILMN_1815115	CYC1
ILMN_1815118	ZNF554
ILMN_1815121	PLAGL1
ILMN_1815130	MICALL1
ILMN_1815148	MAN2A2
ILMN_1815154	MYH10
ILMN_1815158	GPS2
ILMN_1815168	HVCN1
ILMN_1815184	ASPM
ILMN_1815190	METTL1
ILMN_1815203	HMGCS2
ILMN_1815238	MAP2K3
ILMN_1815261	PDIA4
ILMN_1815264	RHBDD3
ILMN_1815292	RPL7
ILMN_1815306	AP2A1
ILMN_1815308	SDC1
ILMN_1815313	EPGN
ILMN_1815319	CMTM4
ILMN_1815345	EIF3J
ILMN_1815346	TMEM136
ILMN_1815361	XIAP
ILMN_1815366	FLJ21865
ILMN_1815385	SMAD9
ILMN_1815445	IDS
ILMN_1815479	NOLA3
ILMN_1815480	NAT8
ILMN_1815500	ITPR3
ILMN_1815519	EPN2
ILMN_1815552	NTAN1
ILMN_1815556	PRAP1
ILMN_1815570	HOXA6
ILMN_1815578	ZNF223
ILMN_1815619	CDX1
ILMN_1815639	GIGYF1
ILMN_1815649	POU5F2
ILMN_1815656	SERINC3
ILMN_1815666	ATP2A2
ILMN_1815673	DKK3
ILMN_1815682	C3orf37
ILMN_1815690	TIE1
ILMN_1815700	WNT3A
ILMN_1815705	LZTFL1
ILMN_1815707	CALML4
ILMN_1815716	LMLN
ILMN_1815719	PLCG2
ILMN_1815723	NUP35
ILMN_1815733	EIF5
ILMN_1815734	FCHSD2
ILMN_1815745	SOX4
ILMN_1815758	GAB2
ILMN_1815759	CTDP1
ILMN_1815812	C16orf5
ILMN_1815859	ERCC2
ILMN_1815874	NANS
ILMN_1815878	C11orf59
ILMN_1815882	HNRNPA1
ILMN_1815890	IL12RB1
ILMN_1815924	NUP107
ILMN_1815933	FTSJ2
ILMN_1815937	TMEM184A
ILMN_2038777	ACTB
ILMN_2038778	GAPDH
ILMN_2041046	CKS1B
ILMN_2041101	ANXA2P1
ILMN_2041161	DENND4A
ILMN_2041190	F2RL1
ILMN_2041222	FLJ40504
ILMN_2041293	SQLE
ILMN_2041327	MRPL37
ILMN_2041368	RN7SL1
ILMN_2041577	GPR172A
ILMN_2041788	PLS3
ILMN_2041971	TRMT2B
ILMN_2042343	MRPL42P5
ILMN_2042595	PCM1
ILMN_2042651	EVI2B
ILMN_2042771	PTTG1
ILMN_2042941	TMEM159
ILMN_2043007	DDI2
ILMN_2043060	PLCH1
ILMN_2043079	ILDR1
ILMN_2043126	CSAG3A
ILMN_2043265	ZFP106
ILMN_2043360	KIAA1143
ILMN_2043452	FANCE
ILMN_2043615	C17orf90
ILMN_2043728	ZNF341
ILMN_2043809	PFKM
ILMN_2043816	ARPC5L
ILMN_2043828	UTP23
ILMN_2043845	IMPACT
ILMN_2043918	DLEU1
ILMN_2044027	C20orf191
ILMN_2044085	RQCD1
ILMN_2044226	PPP3CA
ILMN_2044293	KBTBD7
ILMN_2044453	LPAR5
ILMN_2044572	TBC1D20
ILMN_2044617	MTERFD1
ILMN_2044645	CGB1
ILMN_2044813	TUBB2A
ILMN_2044832	NOL5A
ILMN_2044927	RNF5
ILMN_2045175	ZNF691
ILMN_2045324	CCL16
ILMN_2045419	BNIP3L
ILMN_2045576	GAS2L2
ILMN_2045729	WDR12
ILMN_2045800	C11orf65
ILMN_2045911	FBXO28
ILMN_2045975	ORMDL1
ILMN_2045994	SEPW1
ILMN_2046003	ZDHHC6
ILMN_2046024	DUSP11
ILMN_2046199	SNRPE
ILMN_2046315	GABARAPL2
ILMN_2046344	NFKBIL1
ILMN_2046470	DAAM1
ILMN_2046611	MCOLN3
ILMN_2046730	S100A10
ILMN_2046856	LOC401019
ILMN_2046896	ESRRAP2
ILMN_2047112	RP11-529I10.4
ILMN_2047206	TXNDC10
ILMN_2047240	ARSA
ILMN_2047354	C1orf97
ILMN_2047430	March 5
ILMN_2047511	CENTA1
ILMN_2047599	TMEM50B
ILMN_2047885	PCDHB9
ILMN_2048011	ST8SIA1
ILMN_2048119	TBX19
ILMN_2048223	TTTY2
ILMN_2048326	RPS27A
ILMN_2048414	UGT2B15
ILMN_2048507	KLF3
ILMN_2048607	ANKRD9
ILMN_2048636	ME2
ILMN_2048647	NBEA
ILMN_2048700	ATAD2
ILMN_2048793	CIAO1
ILMN_2048811	NUBPL
ILMN_2048982	ZBTB25
ILMN_2049021	PTTG3
ILMN_2049184	DNASE1L3
ILMN_2049274	ARHGDIG
ILMN_2049303	DCI
ILMN_2049343	LOC642947
ILMN_2049364	FAM119A
ILMN_2049417	TMEM86B
ILMN_2049423	KLHL11
ILMN_2049536	TRPV2
ILMN_2049642	RPA1
ILMN_2049693	C11orf71
ILMN_2049727	C20orf111
ILMN_2049766	NFE2L3
ILMN_2050023	CCDC23
ILMN_2050109	GABARAP
ILMN_2050112	LOC388524
ILMN_2050183	MYLK2
ILMN_2050246	AGR3
ILMN_2050255	UCKL1
ILMN_2050434	MGC16703
ILMN_2050617	CCT6P1
ILMN_2050654	SAV1
ILMN_2050761	EIF4E
ILMN_2050911	SLC22A4
ILMN_2050921	SNHG8
ILMN_2051232	SDHA
ILMN_2051373	NEK2
ILMN_2051381	ALDH16A1
ILMN_2051408	PNPT1
ILMN_2051469	E2F1
ILMN_2051483	DPRXP4
ILMN_2051519	RPL37A
ILMN_2051684	LOC401152
ILMN_2051867	PTCD2
ILMN_2051972	GPC3
ILMN_2052135	LOH3CR2A
ILMN_2052163	YIPF1
ILMN_2052208	GADD45A
ILMN_2052331	MYOC
ILMN_2052373	RAB17
ILMN_2052383	R3HDM1
ILMN_2052433	CYorf14
ILMN_2052495	DNHL1
ILMN_2052598	ARMC10
ILMN_2052686	LCA5
ILMN_2052790	NONO
ILMN_2052863	RNF5P1
ILMN_2052871	TMEM116
ILMN_2053103	SLC40A1
ILMN_2053178	ACTG1
ILMN_2053281	C14orf149
ILMN_2053345	KCNT2
ILMN_2053377	FLJ16734
ILMN_2053415	LDLR
ILMN_2053546	LOC653314
ILMN_2053567	FASTKD2
ILMN_2053679	ACADM
ILMN_2053829	CBLN3
ILMN_2053921	CAPZB
ILMN_2053992	HIST4H4
ILMN_2054019	ISG15
ILMN_2054053	TMEM67
ILMN_2054145	PAK1IP1
ILMN_2054213	MPHOSPH8
ILMN_2054236	SENP6
ILMN_2054271	GPR135
ILMN_2054297	PTGS2
ILMN_2054362	SLC25A40
ILMN_2054392	PPIL1
ILMN_2054442	ZNF146
ILMN_2054461	ZCWPW2
ILMN_2054510	BCAS3
ILMN_2054554	DTWD2
ILMN_2054576	EP400NL
ILMN_2054607	CYP4V2
ILMN_2054725	SUGT1
ILMN_2054827	ZNF407
ILMN_2054928	XPNPEP3
ILMN_2055156	PAG1
ILMN_2055165	MRFAP1
ILMN_2055271	A1BG
ILMN_2055310	MBD4
ILMN_2055477	EXOSC7
ILMN_2055523	CSGALNACT1
ILMN_2055634	TIAF1
ILMN_2055700	SLBP
ILMN_2055760	KIAA1715
ILMN_2055781	KLRF1
ILMN_2055930	FARSB
ILMN_2056032	CD99
ILMN_2056074	RGPD2
ILMN_2056087	IGF1
ILMN_2056167	DC2
ILMN_2056479	TXNL2
ILMN_2056551	RBMX2
ILMN_2056606	PPP1R1A
ILMN_2056687	C17orf56
ILMN_2056760	MKRN2
ILMN_2056795	USP9Y
ILMN_2056815	LINGO4
ILMN_2056975	HPRT1
ILMN_2057196	CT47.7
ILMN_2057369	ZNF396
ILMN_2057389	PEX3
ILMN_2057399	ZBTB8OS
ILMN_2057408	LOC388503
ILMN_2057479	EGFL6
ILMN_2057566	PGP
ILMN_2057573	FAM62B
ILMN_2057768	SLC35D1
ILMN_2057826	PHF3
ILMN_2057836	RNU2-1
ILMN_2057981	FAM164A
ILMN_2058070	NEDD8
ILMN_2058141	HMGN2
ILMN_2058251	VIM
ILMN_2058327	HERC2P4
ILMN_2058337	ROCK2
ILMN_2058347	NT5DC1
ILMN_2058512	PSMA2
ILMN_2058782	IFI27
ILMN_2058841	LILRA6
ILMN_2058975	KIAA0776
ILMN_2059173	SLC35E1
ILMN_2059211	KIAA0195
ILMN_2059294	RTCD1
ILMN_2059423	RAB40AL
ILMN_2059452	SLC12A2
ILMN_2059505	ARPP-19
ILMN_2059535	PPM1F
ILMN_2059549	SYK
ILMN_2059689	TMEM54
ILMN_2059797	NOL3
ILMN_2059844	ANKRD44
ILMN_2059886	TTC38
ILMN_2059996	MEGF8
ILMN_2060086	ADAM23
ILMN_2060115	SORL1
ILMN_2060145	GRHL2
ILMN_2060212	TBC1D24
ILMN_2060413	CD24
ILMN_2060652	BET1L
ILMN_2060770	RAI1
ILMN_2060891	PPP4R2
ILMN_2061043	CD48
ILMN_2061185	SH2B1
ILMN_2061310	ZNF280C
ILMN_2061318	TAF13
ILMN_2061405	NUP54
ILMN_2061419	CYCSL1
ILMN_2061435	MEG3
ILMN_2061446	AADACL1
ILMN_2061452	ORC2L
ILMN_2061565	PLCH2
ILMN_2061732	YRDC
ILMN_2061950	RABGAP1
ILMN_2062001	HOOK3
ILMN_2062112	ZC3H15
ILMN_2062370	NOL8
ILMN_2062381	LCOR
ILMN_2062468	IGFBP7
ILMN_2062524	RBBP4
ILMN_2062687	FARP2
ILMN_2062701	GAS1
ILMN_2062714	PTGDR
ILMN_2062754	SRA1
ILMN_2063051	C11orf55
ILMN_2063114	JOSD3
ILMN_2063168	MALL
ILMN_2063500	IFT52
ILMN_2063586	CLIC4
ILMN_2063687	ZNF624
ILMN_2063925	CTNNBL1
ILMN_2064132	NANP
ILMN_2064150	PRRG2
ILMN_2064311	C1orf151
ILMN_2064355	MCF2L2
ILMN_2064606	TBC1D2B
ILMN_2064655	CXorf40A
ILMN_2064694	STIM1
ILMN_2064725	METTL7B
ILMN_2064898	CCDC56
ILMN_2064902	HAND2
ILMN_2064917	AGGF1
ILMN_2064926	ITFG1
ILMN_2065022	KIAA0672
ILMN_2065273	NPY6R
ILMN_2065299	EDEM3
ILMN_2065606	TOMM40L
ILMN_2065690	GRAMD3
ILMN_2065745	RAMP3
ILMN_2065773	SCG5
ILMN_2065783	EXOC2
ILMN_2066020	TCEB1
ILMN_2066066	HLA-DRB6
ILMN_2066124	AFG3L2
ILMN_2066151	TEK
ILMN_2066348	HERPUD2
ILMN_2066667	KIAA0409
ILMN_2066756	NCAPG2
ILMN_2066858	TNFSF13B
ILMN_2067032	TRAF3IP1
ILMN_2067269	RECK
ILMN_2067370	SNRPF
ILMN_2067408	CLRN3
ILMN_2067421	PP8961
ILMN_2067444	ONECUT3
ILMN_2067520	SNORD116-4
ILMN_2067656	CCND2
ILMN_2067709	TFB2M
ILMN_2067852	SLC30A1
ILMN_2068122	TMEM65
ILMN_2068202	MEF2B
ILMN_2068257	MXRA8
ILMN_2068435	ZNF700
ILMN_2068698	RSHL3
ILMN_2068747	OAT
ILMN_2068874	AATK
ILMN_2068991	TBC1D3G
ILMN_2069128	EPB41L2
ILMN_2069196	CAPZA3
ILMN_2069399	PGM5P2
ILMN_2069446	SAFB2
ILMN_2069593	SFRS2IP
ILMN_2069615	CHID1
ILMN_2069945	RY1
ILMN_2070003	SLC18A2
ILMN_2070013	SLC25A15
ILMN_2070043	PPM1K
ILMN_2070052	LOC613037
ILMN_2070210	RNF219
ILMN_2070300	LSM2
ILMN_2070355	LOC644096
ILMN_2070477	TAF8
ILMN_2070570	ABCA10
ILMN_2070815	MPDU1
ILMN_2070896	BMPR2
ILMN_2070940	CD302
ILMN_2071446	PI15
ILMN_2071641	KCNK1
ILMN_2071682	C10orf141
ILMN_2071809	MGP
ILMN_2071826	RNF152
ILMN_2071937	ATP6V0E1
ILMN_2072045	ANKRD56
ILMN_2072091	HNRNPUL2
ILMN_2072140	BTF3L4
ILMN_2072178	ECHDC3
ILMN_2072296	CKS2
ILMN_2072357	IRF6
ILMN_2072401	OR11H1
ILMN_2072541	RAB11FIP2
ILMN_2072598	LOC401357
ILMN_2072603	MRPL14
ILMN_2072875	SUPT7L
ILMN_2072973	TOP3A
ILMN_2073012	TMEM203
ILMN_2073157	AMY2B
ILMN_2073184	S1PR5
ILMN_2073235	FTHL12
ILMN_2073263	C11orf61
ILMN_2073289	MTSS1
ILMN_2073307	IL10
ILMN_2073446	C1orf116
ILMN_2073543	HYPK
ILMN_2073592	CAND2
ILMN_2073604	EBP
ILMN_2073732	CBLL1
ILMN_2073758	MMP12
ILMN_2073969	ABHD13
ILMN_2074044	PLS1
ILMN_2074258	BARD1
ILMN_2074401	LYSMD3
ILMN_2074432	OR2A1
ILMN_2074477	GPR4
ILMN_2074773	KCNK6
ILMN_2074801	RGL3
ILMN_2074860	RN7SK
ILMN_2075051	PGS1
ILMN_2075065	FADS2
ILMN_2075189	SLC35F2
ILMN_2075334	HIST1H4C
ILMN_2075436	PDIA3P
ILMN_2075476	GIPC2
ILMN_2075507	MAN1A2
ILMN_2075603	MRGPRF
ILMN_2075643	ANKRD29
ILMN_2075714	ZNF284
ILMN_2075757	LRIG3
ILMN_2075794	NLRP8
ILMN_2075800	PTK6
ILMN_2075818	ZNF598
ILMN_2075847	ZC3H10
ILMN_2075892	LRP5
ILMN_2075927	STK40
ILMN_2075962	DSCAML1
ILMN_2076250	GPBP1L1
ILMN_2076429	GALNT17
ILMN_2076463	SLC15A4
ILMN_2076567	UBE2V2
ILMN_2076602	ITM2A
ILMN_2076640	KHDRBS1
ILMN_2076658	MRPL1
ILMN_2076940	C1orf149
ILMN_2077008	WDR38
ILMN_2077094	C11orf2
ILMN_2077130	MSH3
ILMN_2077160	C9orf41
ILMN_2077406	CCDC18
ILMN_2077550	RACGAP1
ILMN_2077623	RRAS2
ILMN_2077680	CLDND2
ILMN_2077733	C12orf30
ILMN_2077758	CTDSPL2
ILMN_2077886	C1orf109
ILMN_2077905	PTGFRN
ILMN_2077952	GALNTL1
ILMN_2078074	MUT
ILMN_2078141	ZNF587
ILMN_2078264	C3orf38
ILMN_2078334	CNOT10
ILMN_2078389	SLC4A2
ILMN_2078404	ZNF765
ILMN_2078466	DZIP1L
ILMN_2078592	C6orf105
ILMN_2078599	ACP5
ILMN_2078659	DHFRL1
ILMN_2078697	ALPK1
ILMN_2078724	C14orf153
ILMN_2078975	GRM3
ILMN_2078995	FAM130A2
ILMN_2079004	MDH2
ILMN_2079098	C9orf80
ILMN_2079225	LOC650293
ILMN_2079285	ATP5L
ILMN_2079386	RPL22
ILMN_2079508	ZNF204
ILMN_2079655	KLRB1
ILMN_2079786	NUAK1
ILMN_2079803	LSM14A
ILMN_2079890	G6PC
ILMN_2080080	MAP7D2
ILMN_2080158	FAM10A7
ILMN_2080342	LGALS9C
ILMN_2080637	ZBTB44
ILMN_2080751	ADNP2
ILMN_2080760	SNX22
ILMN_2081070	BTC
ILMN_2081087	HSPA12A
ILMN_2081210	RAB12
ILMN_2081269	OR2A20P
ILMN_2081335	C7orf44
ILMN_2081344	PJCG6
ILMN_2081398	KIF3B
ILMN_2081465	APLP2
ILMN_2081682	SMAP2
ILMN_2081883	IQCK
ILMN_2081988	LANCL1
ILMN_2082005	GIPR
ILMN_2082130	C1orf123
ILMN_2082209	C20orf100
ILMN_2082244	FOXK1
ILMN_2082273	RGS5
ILMN_2082314	TOM1
ILMN_2082324	SLC36A4
ILMN_2082489	PRMT7
ILMN_2082585	SNAI2
ILMN_2082593	KIR3DL3
ILMN_2082699	C8ORFK36
ILMN_2082810	BRD7
ILMN_2082865	PLLP
ILMN_2082893	LOC440157
ILMN_2083066	IGLL3
ILMN_2083243	MNAT1
ILMN_2083334	PMS2L5
ILMN_2083559	KIAA0415
ILMN_2083567	PHLPPL
ILMN_2083588	TTC32
ILMN_2083833	CNOT6L
ILMN_2083946	TGFA
ILMN_2084031	PRTG
ILMN_2084043	TCEAL7
ILMN_2084059	SLC12A4
ILMN_2084073	UCN
ILMN_2084353	M6PR
ILMN_2084391	RAD18
ILMN_2084489	ZNF595
ILMN_2084836	CORO2B
ILMN_2085012	TMEM176B
ILMN_2085236	SNX24
ILMN_2085525	SNORA32
ILMN_2085659	C12orf64
ILMN_2085722	ING2
ILMN_2085760	ARPC1B
ILMN_2085844	GLT8D4
ILMN_2085862	SLC15A3
ILMN_2086064	SNRPC
ILMN_2086077	JUNB
ILMN_2086095	ID2
ILMN_2086105	SPRY4
ILMN_2086143	CCR4
ILMN_2086222	BRWD2
ILMN_2086238	SMYD4
ILMN_2086417	NDUFV2
ILMN_2086470	PDGFRA
ILMN_2086612	CMAH
ILMN_2087060	TOMM7
ILMN_2087080	RPL5
ILMN_2087303	XKR8
ILMN_2087528	CPSF3
ILMN_2087575	ZC3H4
ILMN_2087646	HLX
ILMN_2087656	SLCO2B1
ILMN_2087692	CYBRD1
ILMN_2087702	MYH9
ILMN_2087941	ENTPD3
ILMN_2087989	ZFAND1
ILMN_2088124	TMEM154
ILMN_2088172	POLR2B
ILMN_2088234	GTF2IRD2P
ILMN_2088410	PSMG2
ILMN_2088612	XPO4
ILMN_2088847	OTUD5
ILMN_2088990	CXorf21
ILMN_2089073	ATP9A
ILMN_2089167	RHOD
ILMN_2089175	SYAP1
ILMN_2089329	SPRY2
ILMN_2089340	FAM127B
ILMN_2089458	SASS6
ILMN_2089616	FBXO10
ILMN_2089752	LOC285016
ILMN_2089875	TNFSF4
ILMN_2089902	NUS1
ILMN_2089977	FKBP9L
ILMN_2090004	AQP10
ILMN_2090040	KIAA0495
ILMN_2090059	ZFY
ILMN_2090105	TAGLN2
ILMN_2090123	DHX29
ILMN_2090397	ISG20L2
ILMN_2090558	C2orf25
ILMN_2090607	IRF2
ILMN_2090641	FAM110C
ILMN_2090782	GCSH
ILMN_2090802	TMEM79
ILMN_2090949	NAG18
ILMN_2091084	C8orf37
ILMN_2091310	TMEM16A
ILMN_2091347	IDH1
ILMN_2091375	KRCC1
ILMN_2091412	FLT3LG
ILMN_2091590	ANKRD41
ILMN_2091792	ENTPD6
ILMN_2091920	PTCRA
ILMN_2091978	FREM2
ILMN_2092118	FPR1
ILMN_2092160	KIAA1704
ILMN_2092223	TMEM92
ILMN_2092333	GPR141
ILMN_2092516	HSP90B3P
ILMN_2092536	HSPE1
ILMN_2092664	ADSS
ILMN_2092756	TMEM109
ILMN_2092933	ADAMTS4
ILMN_2093027	MYO1B
ILMN_2093188	USP43
ILMN_2093203	HTR3D
ILMN_2093231	WBP1
ILMN_2093343	PLAC8
ILMN_2093389	SNAPC1
ILMN_2093427	SHF
ILMN_2093500	ZBED5
ILMN_2093508	FOXD4L3
ILMN_2093674	GMFB
ILMN_2093720	THG1L
ILMN_2093748	ZNF669
ILMN_2093775	ZNF831
ILMN_2093980	TMEM38B
ILMN_2094061	IMPA2
ILMN_2094106	HSD17B12
ILMN_2094166	CHMP5
ILMN_2094262	AMY1B
ILMN_2094266	HES2
ILMN_2094313	ZDHHC1
ILMN_2094332	CYorf15B
ILMN_2094351	NUDT9P1
ILMN_2094360	NR2F2
ILMN_2094396	LRRC8C
ILMN_2094416	PLGLB1
ILMN_2094424	TNRC6C
ILMN_2094587	USP8
ILMN_2094718	TPT1
ILMN_2094776	CCNL1
ILMN_2094856	RANBP3L
ILMN_2094905	COMMD10
ILMN_2094938	OMA1
ILMN_2094942	March 1
ILMN_2094952	NUAK2
ILMN_2095133	SPTAN1
ILMN_2095273	KIAA1407
ILMN_2095577	BMPR1A
ILMN_2095597	CDH16
ILMN_2095653	AFMID
ILMN_2095660	TMEM156
ILMN_2095704	SYCP2
ILMN_2095759	OGFRL1
ILMN_2095820	UTP14A
ILMN_2095840	MYST3
ILMN_2096012	UHMK1
ILMN_2096031	LOC283392
ILMN_2096083	PLEKHA5
ILMN_2096116	HSP90B1
ILMN_2096191	AASDHPPT
ILMN_2096322	ADIPOR1
ILMN_2096372	ALDH1A1
ILMN_2096442	LOC260339
ILMN_2096604	NIP30
ILMN_2096654	COMMD4
ILMN_2096719	GRK5
ILMN_2096743	TBC1D22A
ILMN_2096759	PSMC6
ILMN_2096784	TFAP2C
ILMN_2097185	PUS3
ILMN_2097410	DAPP1
ILMN_2097421	MRPL51
ILMN_2097546	NUDC
ILMN_2097790	C1orf86
ILMN_2097793	ZBTB4
ILMN_2097858	KIAA1737
ILMN_2097954	TSFM
ILMN_2098013	CETP
ILMN_2098119	SKIL
ILMN_2098126	CCL5
ILMN_2098297	FLJ10324
ILMN_2098325	C8orf33
ILMN_2098418	LOC652968
ILMN_2098433	FAM10A4
ILMN_2098446	PMAIP1
ILMN_2098571	MYNN
ILMN_2098616	C5orf39
ILMN_2098643	FADS3
ILMN_2098726	LOC440350
ILMN_2098743	THEM2
ILMN_2098947	LOC338799
ILMN_2099045	KIAA1524
ILMN_2099256	MTERF
ILMN_2099259	MSTP9
ILMN_2099277	HTRA4
ILMN_2099301	UNC84B
ILMN_2099487	LOC201229
ILMN_2099528	BTLA
ILMN_2099586	CCDC28B
ILMN_2099594	SRP9
ILMN_2099783	ATP6V1F
ILMN_2100000	DHX36
ILMN_2100209	CCL4L1
ILMN_2100437	HBB
ILMN_2100689	MAP2K4
ILMN_2100815	TMEM9B
ILMN_2100834	ZNF528
ILMN_2101025	ZNF75D
ILMN_2101034	CAPN12
ILMN_2101278	RGS18
ILMN_2101375	CCDC77
ILMN_2101410	ZNF625
ILMN_2101526	GGCT
ILMN_2101650	MBTD1
ILMN_2101719	C10orf84
ILMN_2101832	LAPTM4B
ILMN_2101885	TUBB
ILMN_2101928	HNRPH1
ILMN_2101930	POLG
ILMN_2102069	SLC16A4
ILMN_2102422	ABCB8
ILMN_2102515	PGAM4
ILMN_2102580	UTP20
ILMN_2102670	GATA2
ILMN_2102693	NUFIP2
ILMN_2102702	FCHSD1
ILMN_2102721	LOC728358
ILMN_2102787	HDAC10
ILMN_2102951	FAHD2A
ILMN_2102960	KIAA1370
ILMN_2103014	CCDC104
ILMN_2103024	RBP5
ILMN_2103107	ADAMDEC1
ILMN_2103295	TINP1
ILMN_2103362	ARHGAP27
ILMN_2103388	ZNF509
ILMN_2103397	ZNF234
ILMN_2103480	ZNF320
ILMN_2103547	GOLGA8B
ILMN_2103591	MORC2
ILMN_2103646	OR4F21
ILMN_2103685	DEPDC1B
ILMN_2103720	MRPL15
ILMN_2103761	TLE4
ILMN_2103774	PIP5KL1
ILMN_2103841	AIP
ILMN_2103919	LRFN3
ILMN_2104106	XPR1
ILMN_2104141	FGD5
ILMN_2104295	TMEM178
ILMN_2104356	COL1A2
ILMN_2104696	ERICH1
ILMN_2104732	DEFB124
ILMN_2104784	FKBP3
ILMN_2104830	ACP2
ILMN_2104877	CMPK1
ILMN_2104924	C21orf70
ILMN_2104967	ZNF443
ILMN_2105033	PLDN
ILMN_2105177	SAMD8
ILMN_2105223	FCRL5
ILMN_2105308	DPM1
ILMN_2105438	ZNF517
ILMN_2105441	IGJ
ILMN_2105549	TMEM220
ILMN_2105573	CCL3L3
ILMN_2105919	FGF2
ILMN_2105923	C12orf32
ILMN_2105960	KIF12
ILMN_2105966	SLC35A4
ILMN_2105983	XRCC5
ILMN_2106002	ACBD7
ILMN_2106107	FAM127C
ILMN_2106167	RAP1GDS1
ILMN_2106227	KIAA2026
ILMN_2106265	GDPD1
ILMN_2106331	H3F3A
ILMN_2106380	TNFSF15
ILMN_2106449	PLEKHF2
ILMN_2106725	NCF1B
ILMN_2106818	MBIP
ILMN_2106902	CHES1
ILMN_2106931	PPP1R15B
ILMN_2106994	RABIF
ILMN_2107068	HOXA2
ILMN_2107184	SNRK
ILMN_2107482	TXLNB
ILMN_2107607	RCN2
ILMN_2107613	RHOJ
ILMN_2107655	SNORD116-2
ILMN_2107933	ZNF285A
ILMN_2107991	HABP4
ILMN_2108025	KRTAP3-2
ILMN_2108029	LATS1
ILMN_2108135	TAS1R3
ILMN_2108150	LOC284441
ILMN_2108339	THUMPD1
ILMN_2108357	RPL39L
ILMN_2108366	RBM41
ILMN_2108493	TMEM120B
ILMN_2108699	IL2RA
ILMN_2108709	ANKRD11
ILMN_2108735	EEF1A2
ILMN_2108808	TYRO3P
ILMN_2108823	FZD7
ILMN_2108938	FNBP4
ILMN_2109156	RANBP1
ILMN_2109197	EPB41L3
ILMN_2109343	SGTB
ILMN_2109416	NAPSB
ILMN_2109489	GZMB
ILMN_2109526	CSNK2A1P
ILMN_2109536	FLJ32679
ILMN_2109708	ECGF1
ILMN_2109994	RAB4B
ILMN_2110050	ZNF460
ILMN_2110057	GOLGA6
ILMN_2110084	ZNF124
ILMN_2110110	FGF10
ILMN_2110167	POLR1E
ILMN_2110206	GNPTAB
ILMN_2110252	NPM3
ILMN_2110271	OLFM2
ILMN_2110281	UFC1
ILMN_2110422	PKD1L1
ILMN_2110496	C21orf91
ILMN_2110532	RPL26L1
ILMN_2110561	IFNA8
ILMN_2110829	LOC441743
ILMN_2110908	MYC
ILMN_2111187	ELOVL6
ILMN_2111229	BZRAP1
ILMN_2111237	MN1
ILMN_2111255	VIT
ILMN_2111294	NUDT10
ILMN_2111739	MAN2C1
ILMN_2111918	C14orf135
ILMN_2111932	SERINC2
ILMN_2112049	DNLZ
ILMN_2112128	MAPK4
ILMN_2112256	TNFRSF4
ILMN_2112301	DRAP1
ILMN_2112357	CD300LF
ILMN_2112402	PHF5A
ILMN_2112417	PGAM1
ILMN_2112460	MAD2L1
ILMN_2112493	DAP
ILMN_2112524	RNF149
ILMN_2112580	FCGR3A
ILMN_2112599	C16orf80
ILMN_2112638	SVEP1
ILMN_2112730	SLC9A4
ILMN_2112755	HSDL1
ILMN_2112829	ANKAR
ILMN_2112915	DRD4
ILMN_2112988	NCF1C
ILMN_2113016	C17orf39
ILMN_2113049	QPCT
ILMN_2113074	UFM1
ILMN_2113333	LGALS9B
ILMN_2113340	AIM1L
ILMN_2113362	ARL6IP1
ILMN_2113470	GSTA1
ILMN_2113490	NTN4
ILMN_2113535	PCYOX1
ILMN_2113938	TOR1AIP2
ILMN_2113957	PEX13
ILMN_2114422	NOD1
ILMN_2114568	GBP5
ILMN_2114720	SLPI
ILMN_2114876	RPL11
ILMN_2115011	FGD2
ILMN_2115125	CTGF
ILMN_2115154	NUPL2
ILMN_2115218	ANKRD10
ILMN_2115336	GNB3
ILMN_2115340	HIST2H4A
ILMN_2115350	TNXA
ILMN_2115379	TXNDC4
ILMN_2115421	SLC25A16
ILMN_2115434	RAB32
ILMN_2115453	LOC285033
ILMN_2115490	NBPF20
ILMN_2115591	KLHDC10
ILMN_2115633	CD320
ILMN_2115696	USP42
ILMN_2115752	MEFV
ILMN_2115813	DUX5
ILMN_2115862	ESPNL
ILMN_2115949	ZNF394
ILMN_2115974	GSDM1
ILMN_2116075	TRUB2
ILMN_2116127	NPEPPS
ILMN_2116242	ZNF808
ILMN_2116299	GRRP1
ILMN_2116366	RPL12
ILMN_2116516	SCRN3
ILMN_2116556	LSM5
ILMN_2116594	GPR89A
ILMN_2116661	PRPSAP2
ILMN_2116714	SLC39A1
ILMN_2116811	MGC12966
ILMN_2116827	RGPD1
ILMN_2116877	OLFM4
ILMN_2117171	LMO4
ILMN_2117223	ROD1
ILMN_2117240	DCK
ILMN_2117323	PIK3C2B
ILMN_2117330	NDUFB2
ILMN_2117508	CTHRC1
ILMN_2117613	PDE4C
ILMN_2117623	PLXNC1
ILMN_2117642	CAPN7
ILMN_2117716	SFRS17A
ILMN_2117809	DUXAP3
ILMN_2117904	ZNF22
ILMN_2117987	TFDP1
ILMN_2118129	ITLN2
ILMN_2118201	SPAG11A
ILMN_2118472	C10orf58
ILMN_2118663	ERV3
ILMN_2118773	ASAH2B
ILMN_2118864	RAB1A
ILMN_2119123	GRPR
ILMN_2119224	KIFAP3
ILMN_2119297	SAMD4A
ILMN_2119307	CENPI
ILMN_2119320	HIST1H4F
ILMN_2119486	DMTF1
ILMN_2119535	RIPK1
ILMN_2119555	TMTC3
ILMN_2119692	CSAD
ILMN_2119774	CYP2R1
ILMN_2119793	ANKRD34A
ILMN_2119945	NDUFB3
ILMN_2120022	ARL5B
ILMN_2120072	FLJ13305
ILMN_2120103	AGAP7
ILMN_2120210	RCAN2
ILMN_2120247	SLC2A10
ILMN_2120273	AP1S2
ILMN_2120340	RUVBL2
ILMN_2120547	ZMYND17
ILMN_2120555	ADCY1
ILMN_2120575	HTATSF1
ILMN_2120917	CTR9
ILMN_2120965	NPAT
ILMN_2120982	ALG11
ILMN_2121068	ADAM17
ILMN_2121207	FAM125A
ILMN_2121272	PDE10A
ILMN_2121282	MRPS18B
ILMN_2121408	HBEGF
ILMN_2121437	NCL
ILMN_2121568	GBP6
ILMN_2121816	GPR137B
ILMN_2122103	ETS1
ILMN_2122300	DNAL1
ILMN_2122374	FAM49B
ILMN_2122420	HMGCL
ILMN_2122511	CCBE1
ILMN_2122760	TTC22
ILMN_2122848	FAM83G
ILMN_2122953	CISD1
ILMN_2123119	MFSD8
ILMN_2123312	LRAP
ILMN_2123402	TMEM4
ILMN_2123415	BMP8B
ILMN_2123431	RPS6KC1
ILMN_2123450	FLJ43093
ILMN_2123567	SENP2
ILMN_2123665	SBF2
ILMN_2123730	TBC1D22B
ILMN_2123743	FCER1G
ILMN_2123871	TMEM18
ILMN_2124064	REL
ILMN_2124082	PPP2R5B
ILMN_2124155	ATP11B
ILMN_2124187	TSC22D2
ILMN_2124236	C3orf42
ILMN_2124352	DCUN1D5
ILMN_2124361	LEAP2
ILMN_2124386	RGL2
ILMN_2124471	SLC36A1
ILMN_2124523	KIAA1627
ILMN_2124585	GREM1
ILMN_2124757	RPL23AP13
ILMN_2124769	YBX1
ILMN_2124790	dJ222E13.2
ILMN_2124802	MT1H
ILMN_2124816	ZNF34
ILMN_2124920	KLRG1
ILMN_2124951	RBMX
ILMN_2125010	SKAP2
ILMN_2125017	VSTM3
ILMN_2125346	MUC16
ILMN_2125374	CMAS
ILMN_2125395	GPR128
ILMN_2125451	TRIM49
ILMN_2125590	LOC401252
ILMN_2125675	LOC728643
ILMN_2125747	LOC606724
ILMN_2126038	STMN2
ILMN_2126055	ASB5
ILMN_2126239	SMG5
ILMN_2126344	SEC16A
ILMN_2126399	psiTPTE22
ILMN_2126408	UNKL
ILMN_2126423	ZNF480
ILMN_2126461	OR4K2
ILMN_2126706	LMNB1
ILMN_2126802	RPS27L
ILMN_2126832	SEC24A
ILMN_2126957	NOMO1
ILMN_2127298	F2RL3
ILMN_2127328	PURA
ILMN_2127416	GSR
ILMN_2127477	G6PC3
ILMN_2127605	LRP3
ILMN_2127624	UBE2CBP
ILMN_2127767	GAGE5
ILMN_2127842	HBA2
ILMN_2127936	ZNF100
ILMN_2128087	NAT12
ILMN_2128128	SHFM1
ILMN_2128162	SIPA1L1
ILMN_2128293	APIP
ILMN_2128358	TPP2
ILMN_2128428	DAB2
ILMN_2128484	LYPLA2P1
ILMN_2128489	UQCRB
ILMN_2128623	LOC285359
ILMN_2128639	C10orf47
ILMN_2128668	FOXJ3
ILMN_2128741	RDH11
ILMN_2128750	PTTG1IP
ILMN_2128770	CDR2L
ILMN_2128795	LRIG1
ILMN_2128923	HCCS
ILMN_2128967	C11orf1
ILMN_2129015	AFF1
ILMN_2129102	FLJ40453
ILMN_2129161	LRRC32
ILMN_2129234	TMEM47
ILMN_2129273	STRN
ILMN_2129309	SEC23A
ILMN_2129349	TSSC1
ILMN_2129388	KIAA1128
ILMN_2129505	CYBASC3
ILMN_2129545	GNB4
ILMN_2129563	LDLRAD3
ILMN_2129572	F3
ILMN_2129668	TGFB1
ILMN_2129715	COG3
ILMN_2129859	FASTKD3
ILMN_2129877	PARP11
ILMN_2129886	ABCA8
ILMN_2129927	EXT1
ILMN_2130003	CCBL2
ILMN_2130078	CDKN2AIPNL
ILMN_2130180	RPL13L
ILMN_2130409	PEX26
ILMN_2130411	KDELR1
ILMN_2130441	HLA-H
ILMN_2130514	FAM76B
ILMN_2130525	TSPAN13
ILMN_2130635	FOXRED2
ILMN_2130838	UTP11L
ILMN_2131103	PPP1R3B
ILMN_2131177	GUCY1A3
ILMN_2131293	LOC200810
ILMN_2131336	TMEM194
ILMN_2131381	PDE3B
ILMN_2131392	WDR70
ILMN_2131467	GNAI1
ILMN_2131493	VISA
ILMN_2131732	CTNNA3
ILMN_2131828	KIR3DL1
ILMN_2131861	SOCS2
ILMN_2131880	DPY30
ILMN_2131936	ATAD3B
ILMN_2132082	SNORD107
ILMN_2132458	CLDN4
ILMN_2132809	ARHGEF10
ILMN_2132982	IGFBP5
ILMN_2133100	LPIN2
ILMN_2133146	NUDT21
ILMN_2133187	POL3S
ILMN_2133205	GPX2
ILMN_2133316	GIMAP7
ILMN_2133360	LOC91561
ILMN_2133534	SMA4
ILMN_2133638	DULLARD
ILMN_2133675	SGSH
ILMN_2133713	FAM76A
ILMN_2133799	ACAT2
ILMN_2133996	SHE
ILMN_2134039	ACN9
ILMN_2134062	ALKBH3
ILMN_2134110	SELK
ILMN_2134176	CXorf15
ILMN_2134224	ATP13A1
ILMN_2134381	C14orf85
ILMN_2134555	KCTD3
ILMN_2134723	OR7E91P
ILMN_2134765	C6orf26
ILMN_2134855	LOC728758
ILMN_2134888	TUBE1
ILMN_2134974	RAB38
ILMN_2135175	SNORD36A
ILMN_2135258	RAPGEF3
ILMN_2135306	KRTAP10-10
ILMN_2135321	CHDH
ILMN_2135339	C3orf70
ILMN_2135456	FLJ32784
ILMN_2135709	C8orf47
ILMN_2135756	HSF2BP
ILMN_2135798	NR2C2AP
ILMN_2135984	MASTL
ILMN_2135991	C16orf69
ILMN_2136010	ADH4
ILMN_2136068	SEC63
ILMN_2136133	PABPC1
ILMN_2136177	CNOT6
ILMN_2136446	CTNNAL1
ILMN_2136455	C3orf64
ILMN_2136615	HUS1
ILMN_2136635	ISCA2
ILMN_2136971	FABP3
ILMN_2137066	ZNF7
ILMN_2137084	LIN9
ILMN_2137208	GOLT1A
ILMN_2137312	KCNJ5
ILMN_2137464	DVL3
ILMN_2137499	LOC401010
ILMN_2137536	ZZZ3
ILMN_2137544	ALOX12P2
ILMN_2137625	LOC150763
ILMN_2137789	KLF4
ILMN_2138435	MRPS27
ILMN_2138589	MERTK
ILMN_2138622	DKFZp686I15217
ILMN_2138689	TFAMP1
ILMN_2138765	ADFP
ILMN_2138856	YOD1
ILMN_2139035	CASD1
ILMN_2139052	ZKSCAN1
ILMN_2139100	SHISA5
ILMN_2139351	ZNF232
ILMN_2139396	NOPE
ILMN_2139761	LIMCH1
ILMN_2139816	GPSM2
ILMN_2139827	FAM54A
ILMN_2139943	RPS3A
ILMN_2139970	ALDH1A3
ILMN_2140059	LAMA4
ILMN_2140207	ATPBD4
ILMN_2140342	CCDC57
ILMN_2140380	ZBTB12
ILMN_2140389	TMEM185A
ILMN_2140510	KLHL13
ILMN_2140559	IRX5
ILMN_2140623	FAM108A1
ILMN_2140700	CRIPAK
ILMN_2140799	FAM24B
ILMN_2140990	CAMK1
ILMN_2140999	ZFYVE16
ILMN_2141030	LOC641522
ILMN_2141118	C15orf59
ILMN_2141157	RANBP9
ILMN_2141259	SPAG5
ILMN_2141398	VEZT
ILMN_2141444	RPL18A
ILMN_2141482	SERPINF1
ILMN_2141523	MRPL44
ILMN_2141650	MALAT1
ILMN_2141790	HYOU1
ILMN_2141807	C15orf23
ILMN_2141941	TOR1AIP1
ILMN_2142117	LYPLAL1
ILMN_2142185	CLEC14A
ILMN_2142284	SLC25A43
ILMN_2142353	GRTP1
ILMN_2142554	NENF
ILMN_2142695	RNF4
ILMN_2142752	MANSC1
ILMN_2142815	RPL35
ILMN_2142979	PTBP2
ILMN_2143011	DLEU2L
ILMN_2143148	TM2D1
ILMN_2143155	KIF11
ILMN_2143250	FAR1
ILMN_2143261	CXorf40B
ILMN_2143314	SPIB
ILMN_2143383	TTTY14
ILMN_2143427	LGSN
ILMN_2143487	TAF1B
ILMN_2143566	SLC39A6
ILMN_2143671	KPTN
ILMN_2143685	CLDN7
ILMN_2143795	MGC4677
ILMN_2143822	ZNF148
ILMN_2144088	FDFT1
ILMN_2144116	CPSF2
ILMN_2144162	FLJ25006
ILMN_2144401	GLB1L2
ILMN_2144426	HIST2H2AA3
ILMN_2144573	CTBS
ILMN_2144663	GUCY2C
ILMN_2144791	GOLGA6B
ILMN_2145033	CCR5
ILMN_2145044	LOC134145
ILMN_2145050	POM121
ILMN_2145116	TMEM173
ILMN_2145143	FKBP9
ILMN_2145280	DEF6
ILMN_2145396	AKR7A3
ILMN_2145423	DET1
ILMN_2145518	TMEM126B
ILMN_2145670	TNC
ILMN_2145708	NPAL2
ILMN_2145997	SP4
ILMN_2146372	KCTD6
ILMN_2146418	CRIM1
ILMN_2146495	GPR153
ILMN_2146566	SFRS16
ILMN_2146614	C20orf74
ILMN_2146657	FAHD2B
ILMN_2146968	ZNF510
ILMN_2147078	PIWIL4
ILMN_2147105	LOC440348
ILMN_2147114	PSPH
ILMN_2147133	NBPF15
ILMN_2147251	MGC10997
ILMN_2147306	PNRC2
ILMN_2147345	C14orf45
ILMN_2147471	PI4K2B
ILMN_2147503	ALG13
ILMN_2147517	CD58
ILMN_2147863	QSER1
ILMN_2147993	ZNF23
ILMN_2148150	CHAC2
ILMN_2148290	PDCD7
ILMN_2148360	ADAM10
ILMN_2148452	BCAS2
ILMN_2148459	B2M
ILMN_2148469	RASL11B
ILMN_2148507	ANKRD13C
ILMN_2148527	H19
ILMN_2148668	RCBTB2
ILMN_2148679	SDHAP3
ILMN_2148785	GBP1
ILMN_2148796	MND1
ILMN_2148819	TUBA1A
ILMN_2148847	AKIRIN2
ILMN_2148944	ADCY4
ILMN_2149053	RIF1
ILMN_2149164	SFRP1
ILMN_2149226	CAV1
ILMN_2149400	SPC25
ILMN_2149494	NPL
ILMN_2149566	VPS25
ILMN_2149624	IL29
ILMN_2149766	APPBP2
ILMN_2149782	RAMP2
ILMN_2149935	CC2D1B
ILMN_2149952	FLJ45256
ILMN_2150000	C15orf24
ILMN_2150019	SUCLA2
ILMN_2150095	CES4
ILMN_2150161	ZRANB3
ILMN_2150187	KCTD18
ILMN_2150196	LRRC25
ILMN_2150258	ZFP36L2
ILMN_2150284	RNPC3
ILMN_2150294	FKBP14
ILMN_2150352	CBWD5
ILMN_2150402	TMEM64
ILMN_2150465	C5orf28
ILMN_2150654	ZSWIM4
ILMN_2150661	NUB1
ILMN_2150787	HLA-C
ILMN_2150802	FLJ22795
ILMN_2150856	SERPINB2
ILMN_2150894	ALDH1B1
ILMN_2151048	STAG1
ILMN_2151056	C10orf32
ILMN_2151075	ZNF821
ILMN_2151114	VSNL1
ILMN_2151168	SLC30A6
ILMN_2151277	LPGAT1
ILMN_2151281	GABARAPL1
ILMN_2151368	NOL12
ILMN_2151441	FAM103A1
ILMN_2151488	RMI1
ILMN_2151541	DNAJC10
ILMN_2151579	HMGN1
ILMN_2151739	CAT
ILMN_2151817	PFN1
ILMN_2151818	PSMA6
ILMN_2152010	CBWD1
ILMN_2152095	RNASEN
ILMN_2152131	ACTB
ILMN_2152178	MTMR15
ILMN_2152257	SSTR2
ILMN_2152387	DOCK7
ILMN_2152402	BAT5
ILMN_2152429	FLJ40142
ILMN_2152465	PIP5K2A
ILMN_2152581	STK38
ILMN_2152828	KIF16B
ILMN_2153029	CGB
ILMN_2153061	FGF20
ILMN_2153280	KIAA0090
ILMN_2153332	ATXN1
ILMN_2153373	LRBA
ILMN_2153466	FAM50B
ILMN_2153485	NMNAT3
ILMN_2153495	WNT7B
ILMN_2153581	NKAPL
ILMN_2153679	TBC1D3B
ILMN_2153787	ARRDC5
ILMN_2153916	HSPA2
ILMN_2154053	FVT1
ILMN_2154094	STX7
ILMN_2154101	UPRT
ILMN_2154115	PSD4
ILMN_2154287	PHACS
ILMN_2154455	ZNF330
ILMN_2154566	RPL10A
ILMN_2154603	CCDC16
ILMN_2154654	PTP4A1
ILMN_2154671	COX6B1
ILMN_2154836	BTG3
ILMN_2154950	ZNF423
ILMN_2155025	ZNF681
ILMN_2155172	BXDC2
ILMN_2155228	CRLF3
ILMN_2155272	PIF1
ILMN_2155312	RP11-45B20.2
ILMN_2155322	ZNF652
ILMN_2155480	RAB43
ILMN_2155708	TLR3
ILMN_2155719	NBPF10
ILMN_2155998	PSMD6
ILMN_2156172	HK2
ILMN_2156250	SOCS3
ILMN_2156267	EIF2AK1
ILMN_2156786	PGGT1B
ILMN_2156982	IMP4
ILMN_2157020	SNORD48
ILMN_2157075	LRCH4
ILMN_2157141	OR2A42
ILMN_2157240	MNS1
ILMN_2157277	AKR1D1
ILMN_2157421	STUB1
ILMN_2157435	DYNLRB1
ILMN_2157441	HLA-DRA
ILMN_2157510	BLOC1S1
ILMN_2157544	GBF1
ILMN_2157932	FKSG44
ILMN_2157951	STX6
ILMN_2157957	GTF2H1
ILMN_2158003	KIAA1683
ILMN_2158164	ZNF430
ILMN_2158242	SHOC2
ILMN_2158336	SH3GLB2
ILMN_2158587	EEF1E1
ILMN_2158594	C10orf28
ILMN_2158705	ACYP2
ILMN_2159044	PDF
ILMN_2159152	TP53TG3
ILMN_2159300	C10orf114
ILMN_2159322	SLK
ILMN_2159384	SBDSP
ILMN_2159453	STXBP2
ILMN_2159694	HLA-DRB4
ILMN_2159721	DUX4
ILMN_2159730	GABRB1
ILMN_2159859	LYSMD4
ILMN_2160005	NUMA1
ILMN_2160124	C4orf15
ILMN_2160160	SNORD36C
ILMN_2160209	TACSTD1
ILMN_2160388	RPL24
ILMN_2160428	IL1RAPL1
ILMN_2160476	CCL22
ILMN_2160577	TMIGD2
ILMN_2160727	CYTH3
ILMN_2160819	RPS27
ILMN_2160929	FEN1
ILMN_2161007	GABPB2
ILMN_2161286	FAM40B
ILMN_2161330	SPDEF
ILMN_2161357	C6orf111
ILMN_2161508	PHTF2
ILMN_2161556	C12orf49
ILMN_2161577	CXCL6
ILMN_2161746	TRIP10
ILMN_2161832	VPS37A
ILMN_2161848	GPR81
ILMN_2161971	WIPF3
ILMN_2162234	NEK1
ILMN_2162253	NMU
ILMN_2162328	PTS
ILMN_2162358	ZNF597
ILMN_2162367	DMC1
ILMN_2162454	FLJ40113
ILMN_2162564	DYNLT3
ILMN_2162603	SMPX
ILMN_2162799	AHR
ILMN_2162972	LYZ
ILMN_2162989	TMEM189
ILMN_2163187	FLJ35776
ILMN_2163306	FAM120A
ILMN_2163324	PGA3
ILMN_2163723	KRT7
ILMN_2163732	ATG3
ILMN_2163790	CGB5
ILMN_2163796	RABGGTB
ILMN_2163819	KIF21B
ILMN_2163873	FNDC1
ILMN_2163906	FUT10
ILMN_2164152	ENPEP
ILMN_2164242	UBE2F
ILMN_2165251	RGPD7
ILMN_2165289	DEFA3
ILMN_2165354	DCLK1
ILMN_2165369	HIST1H4B
ILMN_2165473	MID1IP1
ILMN_2165753	HLA-A29.1
ILMN_2165867	DHCR7
ILMN_2165975	CES3
ILMN_2165993	ITLN1
ILMN_2166093	PIK3C2A
ILMN_2166275	NOTUM
ILMN_2166457	HPGD
ILMN_2166506	XRCC6
ILMN_2166524	CCNYL1
ILMN_2166534	STK17B
ILMN_2166831	RPS4X
ILMN_2166865	ENY2
ILMN_2166972	BBS12
ILMN_2167011	ECHDC1
ILMN_2167416	MR1
ILMN_2167426	ASPHD2
ILMN_2167616	NACA
ILMN_2167758	CILP
ILMN_2167805	LUM
ILMN_2167808	TM4SF5
ILMN_2167915	DSEL
ILMN_2168166	ASPN
ILMN_2168215	HSFX1
ILMN_2168217	EBI2
ILMN_2168314	PGM3
ILMN_2168347	EPOR
ILMN_2168449	DHX15
ILMN_2168758	RNF11
ILMN_2168766	BAGE2
ILMN_2168866	C6orf62
ILMN_2168933	TNIP2
ILMN_2168952	DENR
ILMN_2168992	FBXO30
ILMN_2169025	JOSD2
ILMN_2169152	SRGN
ILMN_2169261	TNNI2
ILMN_2169383	REG4
ILMN_2169439	ITGAV
ILMN_2169490	TDRD9
ILMN_2169761	CPNE8
ILMN_2169801	TPSAB1
ILMN_2169839	CNBP
ILMN_2169983	ATAD1
ILMN_2170080	CIDECP
ILMN_2170209	RASD2
ILMN_2170353	PTPLB
ILMN_2170515	METTL11A
ILMN_2170595	RRM2B
ILMN_2170625	LOC389286
ILMN_2170643	FLJ45032
ILMN_2170814	LAMP3
ILMN_2170930	STRC
ILMN_2170949	SNX10
ILMN_2171102	MSL2L1
ILMN_2171289	SAMSN1
ILMN_2171295	PFTK1
ILMN_2171384	CXCL5
ILMN_2171461	ZNF322A
ILMN_2171588	SLC6A1
ILMN_2171789	TRAF1
ILMN_2172124	ZNF630
ILMN_2172174	NP
ILMN_2172202	NUDT15
ILMN_2172269	TMEM183B
ILMN_2172497	LPPR4
ILMN_2172547	TRIM74
ILMN_2172588	IKBKB
ILMN_2172755	DEPDC6
ILMN_2172969	STXBP6
ILMN_2173004	RAB8B
ILMN_2173291	CYP4B1
ILMN_2173294	FLJ10916
ILMN_2173451	GPI
ILMN_2173500	C18orf51
ILMN_2173524	FOXD4
ILMN_2173611	MT1E
ILMN_2173740	ASB8
ILMN_2173835	FTHL3P
ILMN_2173919	MYO9A
ILMN_2173975	RTP4
ILMN_2174045	RNF126P1
ILMN_2174081	ZNF133
ILMN_2174127	DCBLD2
ILMN_2174296	DNAJC2
ILMN_2174369	ELOVL5
ILMN_2174380	KIAA1804
ILMN_2174394	MMS19L
ILMN_2174437	CIDEC
ILMN_2174612	CNOT8
ILMN_2174658	FAM155A
ILMN_2174702	HIP2
ILMN_2174711	C21orf129
ILMN_2174729	ZNF318
ILMN_2174805	CD300LG
ILMN_2175020	RPL32P3
ILMN_2175075	SFRS4
ILMN_2175114	KCNS3
ILMN_2175131	TMEM14C
ILMN_2175220	CYP39A1
ILMN_2175236	PRLR
ILMN_2175265	TMEM11
ILMN_2175317	CYP4X1
ILMN_2175447	ZNF767
ILMN_2175465	C15orf15
ILMN_2175474	MTRF1L
ILMN_2175601	VDAC1
ILMN_2175712	NDUFA11
ILMN_2175727	ZNF550
ILMN_2175737	ZNF826
ILMN_2175831	MTFMT
ILMN_2175894	HNRPR
ILMN_2175912	ITGB2
ILMN_2176037	GNA13
ILMN_2176063	FCGR1A
ILMN_2176251	C20orf72
ILMN_2176450	CA3
ILMN_2176467	COX6B2
ILMN_2176502	UNC5B
ILMN_2176755	LOC653319
ILMN_2176768	SEPHS1
ILMN_2176882	ZNF69
ILMN_2176931	PELI3
ILMN_2176955	CUL5
ILMN_2177090	NBPF11
ILMN_2177413	TBL3
ILMN_2177460	AQR
ILMN_2177832	TOR2A
ILMN_2177965	RPS19BP1
ILMN_2178088	ZNF131
ILMN_2178186	PIGW
ILMN_2178226	KRT86
ILMN_2178244	NAT11
ILMN_2178587	ANKRD6
ILMN_2178618	WDR44
ILMN_2178775	ZNF585B
ILMN_2179018	NDUFAB1
ILMN_2179063	DDHD2
ILMN_2179083	LOXL4
ILMN_2179229	PYGO1
ILMN_2179397	TATDN1
ILMN_2179533	C4A
ILMN_2179579	SNHG3
ILMN_2179652	PRELID1
ILMN_2179717	C9orf61
ILMN_2179726	LOC90835
ILMN_2179739	HCRT
ILMN_2179778	PHLDB2
ILMN_2179837	BANF1
ILMN_2179873	PHC3
ILMN_2179915	FLJ20184
ILMN_2180232	UTS2D
ILMN_2180239	DOPEY2
ILMN_2180252	FAM70A
ILMN_2180315	ATG4D
ILMN_2180352	DIP2B
ILMN_2180371	C12orf24
ILMN_2180519	LOC729603
ILMN_2180582	PNPLA8
ILMN_2180606	NAT13
ILMN_2180624	TMCO6
ILMN_2180682	MTPN
ILMN_2180773	FAM168A
ILMN_2180827	MEPCE
ILMN_2180929	SLC16A12
ILMN_2180997	GTF2IRD2B
ILMN_2181060	CKAP2
ILMN_2181064	GBA3
ILMN_2181089	VPRBP
ILMN_2181125	NAPB
ILMN_2181191	TPI1
ILMN_2181363	UBE3C
ILMN_2181432	SPC24
ILMN_2181445	BCL2L13
ILMN_2181469	ZNF611
ILMN_2181540	YY1
ILMN_2181867	ANKRD20B
ILMN_2181883	C14orf129
ILMN_2181892	BEX2
ILMN_2181968	CBL
ILMN_2181992	MTRF1
ILMN_2182101	HCN2
ILMN_2182120	SF3B14
ILMN_2182198	ICT1
ILMN_2182348	SMC3
ILMN_2182482	SHCBP1
ILMN_2182531	C18orf55
ILMN_2182647	PINX1
ILMN_2182656	APBA1
ILMN_2182704	BIRC2
ILMN_2182750	DDX1
ILMN_2182980	ALDH1L2
ILMN_2183216	TTRAP
ILMN_2183261	THAP4
ILMN_2183389	TTC9C
ILMN_2183409	SCARB1
ILMN_2183510	ARMET
ILMN_2183610	SERAC1
ILMN_2183687	LIME1
ILMN_2183728	INTU
ILMN_2183784	TTC12
ILMN_2183856	TSPAN6
ILMN_2183885	C7orf11
ILMN_2183938	LEMD3
ILMN_2184007	LOC440354
ILMN_2184049	COX7B
ILMN_2184064	ARRDC4
ILMN_2184184	ANXA1
ILMN_2184231	CHRDL1
ILMN_2184250	SERPINB9
ILMN_2184373	IL8
ILMN_2184556	SLC4A4
ILMN_2184602	HIST1H2AG
ILMN_2184612	C3orf52
ILMN_2184640	NOLC1
ILMN_2184789	HSCB
ILMN_2184869	ZMYM6
ILMN_2184884	FAM154B
ILMN_2184966	ZHX2
ILMN_2185022	LOC339240
ILMN_2185339	LRRC51
ILMN_2185563	ANKRA2
ILMN_2185604	C17orf77
ILMN_2185665	PGAP1
ILMN_2185675	FAM159A
ILMN_2185845	BRSK1
ILMN_2185866	PCDHB17
ILMN_2185884	DHRS4
ILMN_2185984	SASH1
ILMN_2186061	PFKFB3
ILMN_2186108	DGCR6
ILMN_2186137	RRAD
ILMN_2186216	GOLPH4
ILMN_2186369	NCOR1
ILMN_2186482	TMED7
ILMN_2186597	RPP21
ILMN_2186715	CENPH
ILMN_2186806	HLA-F
ILMN_2186858	C14orf131
ILMN_2186877	FLJ10213
ILMN_2186983	ANXA8L2
ILMN_2187058	LOC93349
ILMN_2187206	STYK1
ILMN_2187487	HEATR5B
ILMN_2187533	FAM130A1
ILMN_2187718	COX17
ILMN_2187727	NOC3L
ILMN_2187830	CCNH
ILMN_2188119	ARL16
ILMN_2188204	ATG12
ILMN_2188264	CYR61
ILMN_2188374	XPOT
ILMN_2188451	HIST1H2AH
ILMN_2188521	PVRL3
ILMN_2188533	CICK0721Q.1
ILMN_2188722	GLS
ILMN_2188862	GDF15
ILMN_2188909	FANCL
ILMN_2188966	IGFALS
ILMN_2189007	CTGLF1
ILMN_2189027	LIPG
ILMN_2189037	WDR52
ILMN_2189222	KLHL8
ILMN_2189306	ROBO2
ILMN_2189406	C15orf38
ILMN_2189424	MRPL20
ILMN_2189458	SHQ1
ILMN_2189605	FAM122B
ILMN_2189614	ANKRD36B
ILMN_2189668	NUDT11
ILMN_2189859	FLJ38482
ILMN_2189870	FCF1
ILMN_2189915	THAP5
ILMN_2189933	RPL36AL
ILMN_2189993	MRPS35
ILMN_2190084	VAMP8
ILMN_2190266	C1orf91
ILMN_2190292	UGT8
ILMN_2190414	ZNF83
ILMN_2190598	FGD6
ILMN_2190684	CRYBG3
ILMN_2190842	KIR3DL2
ILMN_2190850	PPID
ILMN_2190942	FIP1L1
ILMN_2191067	DUX3
ILMN_2191167	SLC30A4
ILMN_2191313	FAM21A
ILMN_2191331	RPS4Y2
ILMN_2191428	UBB
ILMN_2191436	POLA1
ILMN_2191568	TUSC4
ILMN_2191634	RPL37
ILMN_2191681	CHCHD2
ILMN_2191720	ZNF471
ILMN_2191759	LOC440396
ILMN_2191803	MYPN
ILMN_2191822	ALG14
ILMN_2191929	C9orf6
ILMN_2192032	SRP19
ILMN_2192072	MMP7
ILMN_2192245	PLN
ILMN_2192385	TTC19
ILMN_2192394	ERCC4
ILMN_2192469	UNK
ILMN_2192620	LOC90379
ILMN_2192683	DHX37
ILMN_2192694	EIF3M
ILMN_2193175	C3orf1
ILMN_2193214	MPND
ILMN_2193233	MGC29506
ILMN_2193315	C14orf143
ILMN_2193325	MMP23B
ILMN_2193443	TRIM16L
ILMN_2193498	C1orf25
ILMN_2193553	SLC7A5P1
ILMN_2193591	UNC93B1
ILMN_2193817	CLEC4G
ILMN_2193980	ABCB6
ILMN_2194009	ABCC4
ILMN_2194108	RBMY1J
ILMN_2194229	TMEM128
ILMN_2194448	STT3B
ILMN_2194561	PLEKHG1
ILMN_2194577	PLVAP
ILMN_2194627	GMCL1
ILMN_2194649	TADA1L
ILMN_2194678	LOC153328
ILMN_2194828	C16orf53
ILMN_2194852	FLJ46309
ILMN_2195138	SAMD11
ILMN_2195236	PGRMC2
ILMN_2195385	GAGE4
ILMN_2195397	C19orf55
ILMN_2195482	CACNB3
ILMN_2195665	PANK3
ILMN_2195703	PPARGC1B
ILMN_2195821	C5orf41
ILMN_2195914	GGH
ILMN_2195957	RHOBTB2
ILMN_2196078	SLAMF6
ILMN_2196097	PPP2CA
ILMN_2196232	C1orf210
ILMN_2196328	POSTN
ILMN_2196335	C12orf11
ILMN_2196347	CDKN1B
ILMN_2196550	C13orf18
ILMN_2196569	NUP93
ILMN_2196588	C18orf32
ILMN_2196734	HRB
ILMN_2196984	OIP5
ILMN_2197030	ZFYVE21
ILMN_2197101	DDX19A
ILMN_2197128	OSR1
ILMN_2197247	POLR3A
ILMN_2197365	RGS2
ILMN_2197519	ZNF627
ILMN_2197846	HADHB
ILMN_2197946	SCG3
ILMN_2198185	CXorf12
ILMN_2198239	HGD
ILMN_2198270	C20orf106
ILMN_2198376	PSMA4
ILMN_2198393	KATNA1
ILMN_2198408	MFF
ILMN_2198413	MYEOV
ILMN_2198499	MCART1
ILMN_2198515	ARRDC3
ILMN_2198812	FDX1
ILMN_2198823	H6PD
ILMN_2198878	INPP4B
ILMN_2198893	LOC407835
ILMN_2198912	TTR
ILMN_2199022	SAP30BP
ILMN_2199284	ANAPC7
ILMN_2199298	C19orf20
ILMN_2199313	NPDC1
ILMN_2199362	FBXL22
ILMN_2199389	VIPR1
ILMN_2199439	CA2
ILMN_2199516	ZNF28
ILMN_2199554	LOC388692
ILMN_2199574	SCARNA15
ILMN_2199658	ANKS4B
ILMN_2199676	CEP152
ILMN_2199926	OR7E37P
ILMN_2199947	REV3L
ILMN_2200331	H2AFX
ILMN_2200503	NIT2
ILMN_2200562	LOC595101
ILMN_2200636	KIAA1267
ILMN_2200659	SNHG5
ILMN_2200714	OR4F3
ILMN_2200836	HSPB7
ILMN_2200880	ZNF367
ILMN_2200917	SLC4A7
ILMN_2201347	ZDHHC3
ILMN_2201533	C17orf61
ILMN_2201580	GSTM2
ILMN_2201668	SLC19A2
ILMN_2201678	FSTL1
ILMN_2201966	N4BP1
ILMN_2202423	HELLS
ILMN_2202481	UBLCP1
ILMN_2202637	CRY1
ILMN_2202790	MCFD2
ILMN_2202894	F2RL2
ILMN_2202915	FAR2
ILMN_2202940	CHPT1
ILMN_2202948	BUB1
ILMN_2202967	ARL15
ILMN_2203266	FRG2B
ILMN_2203271	FPR3
ILMN_2203453	MSH2
ILMN_2203463	SPATS2
ILMN_2203491	ECEL1
ILMN_2203544	OR2A9P
ILMN_2203588	MYL5
ILMN_2203807	MRP63
ILMN_2203876	CCDC68
ILMN_2203896	SMAD7
ILMN_2203950	HLA-A
ILMN_2203987	LACE1
ILMN_2204215	HHIP
ILMN_2204280	GPR52
ILMN_2204332	FRYL
ILMN_2204545	ST3GAL4
ILMN_2204664	NBPF14
ILMN_2204726	UBR5
ILMN_2204754	TXNDC13
ILMN_2204826	SEPP1
ILMN_2204876	FLVCR2
ILMN_2204940	KRT79
ILMN_2204983	DCTN6
ILMN_2205032	MAGEE1
ILMN_2205050	PRKX
ILMN_2205162	ZNF699
ILMN_2205245	GPN2
ILMN_2205350	C6orf66
ILMN_2205470	FAM153B
ILMN_2205622	MUC2
ILMN_2205695	C4orf28
ILMN_2205785	C1orf62
ILMN_2205882	NSUN7
ILMN_2205935	SFXN1
ILMN_2205963	C10orf54
ILMN_2205999	OSMR
ILMN_2206009	FCAMR
ILMN_2206098	ATG10
ILMN_2206151	NEDD1
ILMN_2206272	D2HGDH
ILMN_2206282	GEN1
ILMN_2206344	NDST2
ILMN_2206420	UGT1A3
ILMN_2206554	SLC35F5
ILMN_2206645	ECD
ILMN_2206716	JTB
ILMN_2206722	FER1L4
ILMN_2206746	BGN
ILMN_2207170	WWC2
ILMN_2207328	C18orf10
ILMN_2207363	RABAC1
ILMN_2207393	CNOT3
ILMN_2207419	DDX26B
ILMN_2207505	LEP
ILMN_2207533	RPS17
ILMN_2207720	ITM2B
ILMN_2207816	DTWD1
ILMN_2207865	HIST1H3I
ILMN_2207997	DEFB131
ILMN_2208373	TMEM164
ILMN_2208413	ARHGAP15
ILMN_2208455	DDHD1
ILMN_2208491	RPLP0P2
ILMN_2208495	LASS5
ILMN_2208802	NPIP
ILMN_2208812	TCP11L1
ILMN_2208903	CD52
ILMN_2209027	RPS26
ILMN_2209163	CHD6
ILMN_2209180	P15RS
ILMN_2209299	ZNF333
ILMN_2209417	ATP4A
ILMN_2209515	SNORD56
ILMN_2209551	SIGLECP3
ILMN_2209578	CTGLF3
ILMN_2209614	LOC440836
ILMN_2209671	DCDC5
ILMN_2209748	DERL1
ILMN_2209766	RHBDD1
ILMN_2209993	LSDP5
ILMN_2210129	PRIM1
ILMN_2210199	NLGN4Y
ILMN_2210298	CCDC61
ILMN_2210386	TMEM17
ILMN_2210482	MRPS34
ILMN_2210519	HAPLN1
ILMN_2210534	PRH1
ILMN_2210581	B3GAT3
ILMN_2210601	RNASEL
ILMN_2210729	STYXL1
ILMN_2210739	CDH12P
ILMN_2210753	XLKD1
ILMN_2210837	CDC26
ILMN_2211003	GAS2L3
ILMN_2211032	SPANXB1
ILMN_2211065	TMEM91
ILMN_2211122	SEDLP
ILMN_2211189	IKBKAP
ILMN_2211534	TMC8
ILMN_2211672	TSNAX
ILMN_2211724	C21orf24
ILMN_2211728	GUCA1B
ILMN_2211739	SLC15A2
ILMN_2211780	SLC25A4
ILMN_2211800	HMG1L1
ILMN_2211922	PPP4R1L
ILMN_2211950	SRP14P1
ILMN_2212156	PPIG
ILMN_2212354	WDR46
ILMN_2212590	TMEM170A
ILMN_2212714	TMEM39B
ILMN_2212763	ICAM3
ILMN_2212780	GGTA1
ILMN_2212823	ZNF577
ILMN_2212878	ESM1
ILMN_2212999	KIF5C
ILMN_2213008	ARMC2
ILMN_2213136	LEF1
ILMN_2213199	KIAA1712
ILMN_2213247	SPCS2
ILMN_2213297	C11orf54
ILMN_2213558	TMED10P
ILMN_2213680	ZCCHC10
ILMN_2213834	PRO0628
ILMN_2214098	BIVM
ILMN_2214144	TWSG1
ILMN_2214197	TP53INP1
ILMN_2214232	AIM2
ILMN_2214278	ANKRD32
ILMN_2214355	RAB30
ILMN_2214473	FLJ43692
ILMN_2214603	PPP2R3C
ILMN_2214678	MXD1
ILMN_2214734	FRRS1
ILMN_2214790	LAMB1
ILMN_2214910	EPHB4
ILMN_2214947	LOC619207
ILMN_2214955	CCDC127
ILMN_2214997	LRRFIP1
ILMN_2215061	ORC6L
ILMN_2215119	SYNJ2
ILMN_2215194	GCLC
ILMN_2215211	ZNF514
ILMN_2215370	WWP1
ILMN_2215382	DDX51
ILMN_2215545	C3orf26
ILMN_2215631	OTUD6B
ILMN_2215656	MAGOH
ILMN_2215824	ANKRD20A1
ILMN_2215862	SLFN13
ILMN_2215881	ARHGAP11B
ILMN_2215965	CYP2B6
ILMN_2216157	GNA12
ILMN_2216265	LONP2
ILMN_2216582	LYL1
ILMN_2216637	STK32B
ILMN_2216815	MAP7
ILMN_2216838	DKFZP586I1420
ILMN_2216852	PGK1
ILMN_2216918	SHPK
ILMN_2217212	ZNF564
ILMN_2217329	IAH1
ILMN_2217601	ANXA9
ILMN_2217661	SREBF2
ILMN_2217809	TMEM126A
ILMN_2217935	RFC1
ILMN_2217955	TTC21B
ILMN_2218002	LIPC
ILMN_2218024	HBS1L
ILMN_2218208	SPARCL1
ILMN_2218277	RPS2
ILMN_2218450	LSM1
ILMN_2218780	PPM2C
ILMN_2218856	CCL3L1
ILMN_2219002	KRT6A
ILMN_2219134	RPS15
ILMN_2219246	LOC162073
ILMN_2219351	CENPO
ILMN_2219466	APOBEC3B
ILMN_2219512	NPHP4
ILMN_2219556	ISCA1
ILMN_2219618	LOC90586
ILMN_2219628	SSB
ILMN_2219681	RBP2
ILMN_2219683	NEU4
ILMN_2219712	HMGB2
ILMN_2219767	MYCN
ILMN_2219867	KRT20
ILMN_2220187	GFPT1
ILMN_2220283	HNRPA1L-2
ILMN_2220320	RPL7L1
ILMN_2220518	HBXIP
ILMN_2220739	TMCO3
ILMN_2220978	NR0B2
ILMN_2221006	RAD21
ILMN_2221014	BAG4
ILMN_2221046	GM2A
ILMN_2221076	C17orf85
ILMN_2221507	F2R
ILMN_2221564	LYAR
ILMN_2221673	ASNSD1
ILMN_2221784	C17orf76
ILMN_2221808	DGCR5
ILMN_2222008	KIFC1
ILMN_2222074	PTPN12
ILMN_2222101	N4BP2
ILMN_2222163	HIST1H3B
ILMN_2222234	PRDX4
ILMN_2222651	MAK10
ILMN_2222688	TMSB4X
ILMN_2222695	ZNF491
ILMN_2222750	RPL23AP7
ILMN_2222768	REPS1
ILMN_2222786	ZNF192
ILMN_2222872	RBM18
ILMN_2222880	SLC25A42
ILMN_2222984	RDH14
ILMN_2222992	ETF1
ILMN_2223010	VBP1
ILMN_2223056	TBX10
ILMN_2223130	SMARCA5
ILMN_2223313	CYS1
ILMN_2223359	ADH7
ILMN_2223380	PPWD1
ILMN_2223561	CRHBP
ILMN_2223720	ATMIN
ILMN_2223805	TSGA14
ILMN_2223836	CHORDC1
ILMN_2223903	PPIC
ILMN_2223922	AGTPBP1
ILMN_2223941	FBLN5
ILMN_2224103	PAPSS1
ILMN_2224143	MCM3
ILMN_2224290	ZNF322B
ILMN_2224444	SNX25
ILMN_2224486	C3orf14
ILMN_2224833	ADIPOR2
ILMN_2224907	C4orf34
ILMN_2224990	HIST1H4J
ILMN_2225135	GCNT1
ILMN_2225144	EIF4E3
ILMN_2225254	ZNF740
ILMN_2225318	SMS
ILMN_2225348	ZNF805
ILMN_2225537	PTGR1
ILMN_2225548	ZNF521
ILMN_2225577	C5orf37
ILMN_2225595	ACAD8
ILMN_2225698	NDUFA10
ILMN_2225709	PTCD1
ILMN_2225735	CRBN
ILMN_2225746	C17orf59
ILMN_2225887	ATP5EP2
ILMN_2226015	LRRK2
ILMN_2226223	GJB6
ILMN_2226304	ANKRD50
ILMN_2226314	DBR1
ILMN_2226324	BRP44L
ILMN_2226343	RASSF3
ILMN_2226415	LOC440145
ILMN_2226628	ZNF184
ILMN_2226753	ZC3HAV1L
ILMN_2226763	H2AFB2
ILMN_2226917	KIAA0247
ILMN_2226955	ECOP
ILMN_2227011	ACSBG1
ILMN_2227120	KIF5A
ILMN_2227368	SELT
ILMN_2227473	PIBF1
ILMN_2227533	ABHD14B
ILMN_2227573	GSTO1
ILMN_2227757	PCDHB2
ILMN_2227790	GRIN2C
ILMN_2227800	ARFGAP3
ILMN_2227968	NTHL1
ILMN_2228035	HS3ST1
ILMN_2228044	TBC1D23
ILMN_2228132	LOC126536
ILMN_2228162	KRT16
ILMN_2228180	MSRA
ILMN_2228196	C6orf170
ILMN_2228453	KIAA0562
ILMN_2228463	DDC
ILMN_2228538	IRAK1BP1
ILMN_2228710	PDCD5
ILMN_2228809	YWHAG
ILMN_2228845	CCL28
ILMN_2228873	STARD3NL
ILMN_2228938	ECM2
ILMN_2229032	NME6
ILMN_2229170	CRSP9
ILMN_2229242	LSM3
ILMN_2229261	SIGLEC16
ILMN_2229379	KIT
ILMN_2229464	LRRC37A2
ILMN_2229610	ZNF568
ILMN_2229649	KCTD12
ILMN_2229839	RAP2B
ILMN_2229877	PCDH18
ILMN_2229922	C12orf35
ILMN_2229950	MPHOSPH10
ILMN_2229969	ERO1LB
ILMN_2230016	HIGD1A
ILMN_2230025	PDLIM3
ILMN_2230035	BBS2
ILMN_2230117	AVP
ILMN_2230162	FLJ44124
ILMN_2230178	DAND5
ILMN_2230530	PHF8
ILMN_2230566	RAB40B
ILMN_2230579	RABGEF1
ILMN_2230624	RPL18
ILMN_2230672	MRPL18
ILMN_2230683	CDCA7L
ILMN_2230862	GYG1
ILMN_2230892	IL10RB
ILMN_2230902	CTNNA1
ILMN_2230998	TMEM186
ILMN_2231020	TMEM185B
ILMN_2231051	TCP11L2
ILMN_2231189	HIAT1
ILMN_2231242	HMGB1
ILMN_2231478	TSPYL3
ILMN_2231569	ATAD3C
ILMN_2231608	LOC441294
ILMN_2231911	AUH
ILMN_2231928	MX2
ILMN_2231985	STCH
ILMN_2232036	EFCAB7
ILMN_2232121	GPR65
ILMN_2232166	CCDC90B
ILMN_2232177	ACTN1
ILMN_2232368	PCIF1
ILMN_2232430	NMD3
ILMN_2232463	ARL14
ILMN_2232494	C5orf42
ILMN_2232630	PGA4
ILMN_2232712	MYO10
ILMN_2232854	FAP
ILMN_2232936	UQCRH
ILMN_2233050	PLA2G2D
ILMN_2233099	SSRP1
ILMN_2233180	RFXAP
ILMN_2233279	C19orf31
ILMN_2233366	DDEF1
ILMN_2233454	SPTLC3
ILMN_2233493	GPBP1
ILMN_2233513	LRRIQ4
ILMN_2233539	SLC39A8
ILMN_2233552	POLD3
ILMN_2233604	ECSIT
ILMN_2233783	CD38
ILMN_2234016	FTHL7
ILMN_2234187	CDO1
ILMN_2234229	PRMT6
ILMN_2234310	GLTPD1
ILMN_2234343	ACP6
ILMN_2234412	TLE3
ILMN_2234515	IMAA
ILMN_2234605	AGRN
ILMN_2234697	BEX1
ILMN_2234758	SRP14
ILMN_2234873	NME2
ILMN_2234956	LEPR
ILMN_2234970	SLC39A3
ILMN_2235086	CCDC4
ILMN_2235137	FANCD2
ILMN_2235283	MAPK1
ILMN_2235354	PWWP2
ILMN_2235454	COMMD5
ILMN_2235602	CCDC150
ILMN_2235707	ITIH5
ILMN_2235785	KCNH6
ILMN_2236655	HM13
ILMN_2236714	CSTF1
ILMN_2236800	SON
ILMN_2237252	LY6H
ILMN_2237428	SCD5
ILMN_2237601	KCNMB2
ILMN_2237746	ING3
ILMN_2238132	TTYH2
ILMN_2238506	POMT1
ILMN_2238640	RFX3
ILMN_2239408	RNASE4
ILMN_2239754	IFIT3
ILMN_2239772	FAM108A3
ILMN_2239774	FAM83A
ILMN_2240003	ABL2
ILMN_2240009	ADSSL1
ILMN_2240221	SYTL2
ILMN_2240457	HPCAL1
ILMN_2240597	TCEA2
ILMN_2240923	CACNB1
ILMN_2241168	MAFF
ILMN_2241187	CRYM
ILMN_2241317	FOXK2
ILMN_2241750	KALRN
ILMN_2241775	TROVE2
ILMN_2241953	PILRA
ILMN_2242068	GSTCD
ILMN_2242403	DGUOK
ILMN_2242463	CTSC
ILMN_2242491	CLUAP1
ILMN_2242900	IL1RL1
ILMN_2242998	ZNF682
ILMN_2243308	ACVR1B
ILMN_2243516	C11orf63
ILMN_2243553	ZNF275
ILMN_2243687	LAMP2
ILMN_2243697	ZDHHC13
ILMN_2243912	RAB37
ILMN_2244004	ZMYM3
ILMN_2244009	LBH
ILMN_2244108	ITGB1
ILMN_2244484	CCBL2
ILMN_2244547	ETNK1
ILMN_2244699	MAPK7
ILMN_2244841	ALDH4A1
ILMN_2244889	ELMO2
ILMN_2245087	MFAP2
ILMN_2245223	AGAP1
ILMN_2245292	TGIF1
ILMN_2245305	ABHD12
ILMN_2245676	BTF3
ILMN_2245686	GYG2
ILMN_2245814	RUFY2
ILMN_2246083	C7orf28B
ILMN_2246134	PDE4DIP
ILMN_2246188	SLC45A2
ILMN_2246256	RGPD5
ILMN_2246382	MAGED1
ILMN_2246410	CXCR4
ILMN_2246510	TSC1
ILMN_2246548	GSTTP2
ILMN_2246555	MUC4
ILMN_2246563	COL8A1
ILMN_2246661	FAHD1
ILMN_2246882	SP140
ILMN_2246894	EDF1
ILMN_2246956	BCL2
ILMN_2247084	TENC1
ILMN_2247226	BAIAP2
ILMN_2247229	RORA
ILMN_2247360	POFUT1
ILMN_2247572	SSX1
ILMN_2247594	RPLP1
ILMN_2247664	SON
ILMN_2247842	TGIF1
ILMN_2247868	NFKB2
ILMN_2247988	MOCS1
ILMN_2248093	FAM110A
ILMN_2248112	TBX1
ILMN_2248192	PML
ILMN_2248589	DHX40
ILMN_2248725	TYSND1
ILMN_2248863	ZBTB38
ILMN_2248912	BCAS4
ILMN_2248970	OAS2
ILMN_2249018	LOC389816
ILMN_2249288	TIPRL
ILMN_2249473	SPTLC1
ILMN_2249551	NRF1
ILMN_2249677	LSR
ILMN_2249720	LAT2
ILMN_2249920	FYN
ILMN_2250048	KIF18B
ILMN_2250126	RERE
ILMN_2250344	DACT1
ILMN_2250521	INS-IGF2
ILMN_2250853	C1orf84
ILMN_2250923	FOXP1
ILMN_2251047	SMARCC2
ILMN_2251062	ANKMY1
ILMN_2251184	ERP29
ILMN_2251225	WDR78
ILMN_2251253	ALDOA
ILMN_2251279	WDR45
ILMN_2251375	ZFP64
ILMN_2251452	RPS6KA1
ILMN_2251759	FRMD6
ILMN_2251766	IL1R2
ILMN_2251784	NSF
ILMN_2251804	SMC4
ILMN_2251895	CBFA2T2
ILMN_2251961	PCDHGA5
ILMN_2251978	C21orf66
ILMN_2252021	RBM44
ILMN_2252136	YWHAE
ILMN_2252178	FBXO22
ILMN_2252186	CAPN10
ILMN_2252295	ELF2
ILMN_2252309	DPP7
ILMN_2252408	CNPY4
ILMN_2252554	MANBAL
ILMN_2252621	ACOT7
ILMN_2252701	SLC6A9
ILMN_2252705	VPS13B
ILMN_2252813	TAF5L
ILMN_2253017	LGMN
ILMN_2253065	H2AFJ
ILMN_2253145	NEK3
ILMN_2253286	PRKCZ
ILMN_2253300	TM9SF1
ILMN_2253648	PRKDC
ILMN_2253720	DHX30
ILMN_2253732	ST8SIA4
ILMN_2253759	IL18BP
ILMN_2253822	NAP5
ILMN_2254123	IFT81
ILMN_2254562	FRS2
ILMN_2254583	SNX14
ILMN_2254635	ITGAX
ILMN_2254994	NNT
ILMN_2255133	BCL11A
ILMN_2255142	TRIM34
ILMN_2255256	MARVELD3
ILMN_2255310	RPS15A
ILMN_2255382	PVRL2
ILMN_2255579	RAB37
ILMN_2255605	TULP4
ILMN_2255877	OSGIN1
ILMN_2256050	SERPINA1
ILMN_2256295	GNLY
ILMN_2256359	HSZFP36
ILMN_2256687	SOX6
ILMN_2256765	CDC16
ILMN_2256868	NCOR2
ILMN_2256894	BTN2A2
ILMN_2256907	MAPK10
ILMN_2256953	CASZ1
ILMN_2257015	AGER
ILMN_2257432	RAD51
ILMN_2257587	CD34
ILMN_2257607	STARD13
ILMN_2257665	PARL
ILMN_2257749	March 8
ILMN_2257833	BBS7
ILMN_2258004	METRNL
ILMN_2258234	KLHL5
ILMN_2258268	GLRX2
ILMN_2258409	P2RY14
ILMN_2258471	SLC30A5
ILMN_2258543	PRDM2
ILMN_2258689	SORBS1
ILMN_2258749	BAIAP2
ILMN_2258774	MRPL43
ILMN_2258958	Septin 10
ILMN_2259119	PRMT2
ILMN_2259223	TMTC4
ILMN_2259292	C7orf28A
ILMN_2259319	ABCA7
ILMN_2259495	BID
ILMN_2259633	MLL5
ILMN_2260058	APTX
ILMN_2260082	NAIP
ILMN_2260120	DDX11
ILMN_2260224	RGS3
ILMN_2260392	ACTR3B
ILMN_2260500	KIAA0319L
ILMN_2260725	WTAP
ILMN_2260756	GSDMB
ILMN_2260813	TSPYL2
ILMN_2260833	CCNB1IP1
ILMN_2260926	DPP8
ILMN_2260991	TSPO
ILMN_2261076	NEDD9
ILMN_2261099	SORBS3
ILMN_2261122	G6PD
ILMN_2261379	SRGAP2
ILMN_2261416	CD3D
ILMN_2261519	AIRE
ILMN_2261600	FCGR1B
ILMN_2261627	CTLA4
ILMN_2261784	CCNY
ILMN_2261876	MDK
ILMN_2261882	KIAA0368
ILMN_2261973	DPH3
ILMN_2262044	PARP10
ILMN_2262177	SULT1A3
ILMN_2262198	PMS2CL
ILMN_2262275	TRIM13
ILMN_2262288	EEF1G
ILMN_2262444	PDE7A
ILMN_2262462	C19orf29
ILMN_2262510	TBX1
ILMN_2262749	SOCS5
ILMN_2262901	RUFY3
ILMN_2262930	MAPK8IP2
ILMN_2262957	WIPF1
ILMN_2263054	FEZ1
ILMN_2263144	MGC3196
ILMN_2263236	HFE
ILMN_2263466	ACADVL
ILMN_2263718	SPAG9
ILMN_2263829	PIGN
ILMN_2264011	GRAP
ILMN_2264177	UPK3B
ILMN_2264205	ZBTB8
ILMN_2264482	DIDO1
ILMN_2264597	MID2
ILMN_2264625	NIPBL
ILMN_2264681	LETMD1
ILMN_2264788	PPP2R2B
ILMN_2264916	EDNRB
ILMN_2265093	C14orf118
ILMN_2265222	OTUB1
ILMN_2265654	UBE2C
ILMN_2265759	SLC2A11
ILMN_2265783	FHL2
ILMN_2265995	NBPF3
ILMN_2266005	C21orf51
ILMN_2266224	SORBS1
ILMN_2266228	VPS13D
ILMN_2266309	CEPT1
ILMN_2266334	BCAP29
ILMN_2266573	SLC12A6
ILMN_2266595	LILRA5
ILMN_2266948	SLC38A1
ILMN_2267104	PAIP2
ILMN_2267131	MAGEA11
ILMN_2267135	ST3GAL1
ILMN_2267365	C11orf17
ILMN_2267488	ITGA6
ILMN_2267535	NET1
ILMN_2267787	HPS1
ILMN_2267914	CD68
ILMN_2268068	MAPKAP1
ILMN_2268156	LFNG
ILMN_2268241	ABL1
ILMN_2268381	RRBP1
ILMN_2268409	VPS13B
ILMN_2268529	KCNK10
ILMN_2268593	C11orf63
ILMN_2268618	PHF20L1
ILMN_2268921	GOLGA7
ILMN_2269002	PDCD10
ILMN_2269136	AGAP3
ILMN_2269380	FNDC3A
ILMN_2269392	RFX3
ILMN_2269564	ARID4B
ILMN_2269977	GLUL
ILMN_2270015	AADAT
ILMN_2270100	C6orf204
ILMN_2270299	TP53BP2
ILMN_2270443	LIMK2
ILMN_2270607	RGP1
ILMN_2270845	WDR74
ILMN_2270900	ZNF197
ILMN_2270909	ICA1
ILMN_2271014	ALG8
ILMN_2271149	PGM5
ILMN_2271304	CACNB1
ILMN_2271336	March 2
ILMN_2271379	SDCCAG3
ILMN_2271584	FARP1
ILMN_2271627	ATXN2L
ILMN_2271699	LOC126075
ILMN_2271762	SCN2A
ILMN_2272074	TROVE2
ILMN_2272120	PKN1
ILMN_2272270	COL4A3
ILMN_2272708	GIYD1
ILMN_2272857	GCOM1
ILMN_2272867	WDR33
ILMN_2272876	SYT15
ILMN_2272967	TRAPPC6B
ILMN_2273053	IL15
ILMN_2273103	ELK4
ILMN_2273224	SLC4A5
ILMN_2273331	CCDC46
ILMN_2273572	C1orf102
ILMN_2273595	TEX11
ILMN_2273609	KIAA1543
ILMN_2273683	EBAG9
ILMN_2273700	ZNF706
ILMN_2273911	ACSL5
ILMN_2273921	RAD51L3
ILMN_2274180	MKKS
ILMN_2274199	SUPT3H
ILMN_2274306	NRP2
ILMN_2274355	PCDHGB6
ILMN_2274420	SPTLC1
ILMN_2274531	ZNF586
ILMN_2274571	GAS7
ILMN_2274775	SLC44A4
ILMN_2274923	MOCS2
ILMN_2275098	DTX2
ILMN_2275126	RHBDF2
ILMN_2275297	SFRS12
ILMN_2275399	RORC
ILMN_2275455	RNF6
ILMN_2275502	RAPH1
ILMN_2275533	DIAPH3
ILMN_2275583	LOC344405
ILMN_2275760	TFAP2A
ILMN_2275803	LRRC45
ILMN_2276002	CPNE1
ILMN_2276290	RALGPS2
ILMN_2276397	RASGRP2
ILMN_2276431	DPH2
ILMN_2276461	MAP2
ILMN_2276504	SCMH1
ILMN_2276598	AP1G2
ILMN_2276688	DIXDC1
ILMN_2276750	ALKBH1
ILMN_2276758	POFUT1
ILMN_2276820	NSL1
ILMN_2276933	GDAP1
ILMN_2276952	TSC22D3
ILMN_2276987	UBXN11
ILMN_2276996	CCR2
ILMN_2277025	RUFY1
ILMN_2277077	PRKAR1A
ILMN_2277099	YWHAB
ILMN_2277252	PPFIBP1
ILMN_2277419	SLC38A10
ILMN_2277426	LCK
ILMN_2277523	DIP2A
ILMN_2277537	MUTYH
ILMN_2277676	ERCC1
ILMN_2278152	TPM1
ILMN_2278235	CTBP1
ILMN_2278265	PAOX
ILMN_2278433	LOC285074
ILMN_2278512	NFATC2IP
ILMN_2278550	MBOAT1
ILMN_2278590	MEST
ILMN_2278636	CUTL1
ILMN_2278653	ZNF493
ILMN_2278686	HISPPD2A
ILMN_2278729	EIF3B
ILMN_2278819	PDE7A
ILMN_2278850	RAB24
ILMN_2278908	GGA1
ILMN_2279099	PHACTR4
ILMN_2279144	PHF16
ILMN_2279182	LOC57228
ILMN_2279339	WTAP
ILMN_2279413	SIAH1
ILMN_2279484	MGC13057
ILMN_2279635	EIF4G2
ILMN_2279873	WHDC1
ILMN_2279961	LAMP2
ILMN_2280053	RCP9
ILMN_2280135	P4HA2
ILMN_2280189	AKAP11
ILMN_2280441	PACRG
ILMN_2280480	TCF19
ILMN_2280568	ANKRD36
ILMN_2280731	C17orf95
ILMN_2280911	VPS41
ILMN_2280960	DEPDC7
ILMN_2281069	GPATCH4
ILMN_2281089	STEAP3
ILMN_2281128	PSMD10
ILMN_2281167	WDR7
ILMN_2281186	RGNEF
ILMN_2281320	LAT
ILMN_2281404	ZNF74
ILMN_2281486	CNGA3
ILMN_2281502	DHRS9
ILMN_2281529	STAP2
ILMN_2281734	DYNC2LI1
ILMN_2281786	RTN1
ILMN_2281810	PSG4
ILMN_2282077	MIB2
ILMN_2282081	QRICH1
ILMN_2282282	MLH3
ILMN_2282352	PHYH
ILMN_2282366	IQSEC3
ILMN_2282477	TFAP2A
ILMN_2282641	TBXAS1
ILMN_2282959	DNA2
ILMN_2283001	DSE
ILMN_2283185	PALM
ILMN_2283195	APOL3
ILMN_2283196	ZSWIM3
ILMN_2283325	GPR177
ILMN_2283388	C20orf24
ILMN_2283597	FAM134B
ILMN_2283726	SPATA7
ILMN_2283814	C21orf34
ILMN_2283915	MAP2
ILMN_2284113	C1orf183
ILMN_2284157	CLDN18
ILMN_2284181	UGP2
ILMN_2284327	WDR23
ILMN_2284591	OPA3
ILMN_2284667	AP3D1
ILMN_2284706	PHF11
ILMN_2284744	HNMT
ILMN_2284794	PSMB8
ILMN_2284998	SP100
ILMN_2285091	ZNF3
ILMN_2285112	FBXO11
ILMN_2285141	USP48
ILMN_2285213	DNAJB2
ILMN_2285375	SORD
ILMN_2285404	DMKN
ILMN_2285490	PPIL3
ILMN_2285568	NAAA
ILMN_2285603	DMPK
ILMN_2285618	DIP2A
ILMN_2285708	C6orf48
ILMN_2285713	TDP1
ILMN_2285802	SEC14L1
ILMN_2285817	FAM89A
ILMN_2285996	KIAA0101
ILMN_2286024	CTPS2
ILMN_2286334	SR140
ILMN_2286400	CAPS
ILMN_2286514	GTPBP8
ILMN_2286574	EPHA3
ILMN_2286783	LRRC37A4
ILMN_2286800	DNM1L
ILMN_2286870	CSNK1D
ILMN_2286987	BTBD17
ILMN_2287147	UBTF
ILMN_2287157	DST
ILMN_2287168	SAR1B
ILMN_2287276	FAM177A1
ILMN_2287296	SYF2
ILMN_2287543	SHISA3
ILMN_2287604	OTUD4
ILMN_2287653	PLAG1
ILMN_2287707	POT1
ILMN_2287888	PSMC4
ILMN_2287911	CMTM1
ILMN_2287958	SOX6
ILMN_2288070	FTO
ILMN_2288148	TTYH2
ILMN_2288175	AGPAT3
ILMN_2288232	PHKB
ILMN_2288254	UNC45A
ILMN_2288297	CEP63
ILMN_2288402	HIP1R
ILMN_2288582	PCDHA12
ILMN_2288740	ZNF266
ILMN_2288784	CCDC34
ILMN_2288915	DNAJB14
ILMN_2289093	KIAA1618
ILMN_2289381	DKK3
ILMN_2289433	PIK3R1
ILMN_2289533	KCNIP1
ILMN_2289576	VWA1
ILMN_2289593	FXYD2
ILMN_2289623	TTC36
ILMN_2289775	HAX1
ILMN_2289840	SERHL
ILMN_2289887	SEPN1
ILMN_2289924	TRAK1
ILMN_2290007	COBRA1
ILMN_2290025	SIL1
ILMN_2290068	VAV3
ILMN_2290118	MEGF9
ILMN_2290251	FBF1
ILMN_2290338	RCAN1
ILMN_2290547	DDR1
ILMN_2290618	SEC22C
ILMN_2290628	IL16
ILMN_2290686	SNX7
ILMN_2290732	ZNF626
ILMN_2290776	AGBL5
ILMN_2290808	RPL21
ILMN_2290877	ICA1L
ILMN_2290998	CCS
ILMN_2291092	FAM13A1
ILMN_2291407	PDE4DIP
ILMN_2291455	FAM102A
ILMN_2291619	RAB3IP
ILMN_2291644	SIRT5
ILMN_2291871	GLIS3
ILMN_2292123	COL4A3BP
ILMN_2292178	CLEC12A
ILMN_2292187	CHN2
ILMN_2292334	UBTF
ILMN_2292387	TANK
ILMN_2292592	PCSK6
ILMN_2292686	SLC26A6
ILMN_2292696	COX15
ILMN_2292748	ING5
ILMN_2292863	RASA1
ILMN_2292875	EFTUD1
ILMN_2292963	UBE2D3
ILMN_2293131	ARHGEF1
ILMN_2293322	MTHFD2
ILMN_2293374	TOP1MT
ILMN_2293393	ZNF623
ILMN_2293511	CTNND1
ILMN_2293529	AKAP7
ILMN_2293677	STAG2
ILMN_2293692	CREBBP
ILMN_2293744	MARVELD2
ILMN_2293758	AKAP11
ILMN_2293992	RAB28
ILMN_2294123	Septin 4
ILMN_2294274	S100PBP
ILMN_2294294	CEP63
ILMN_2294411	CTDP1
ILMN_2294431	CDC25C
ILMN_2294442	SNURF
ILMN_2294644	RFWD2
ILMN_2294653	PDE5A
ILMN_2294684	CEP170
ILMN_2294762	AMY1A
ILMN_2294784	PRDM1
ILMN_2294878	NSUN5
ILMN_2294978	RNASE4
ILMN_2294989	FAM129B
ILMN_2295183	MLL3
ILMN_2295213	PDE8A
ILMN_2295280	FAM13C1
ILMN_2295290	BMP1
ILMN_2295318	RGPD5
ILMN_2295506	LUC7L
ILMN_2295518	TRO
ILMN_2295620	MAZ
ILMN_2295747	OR2A7
ILMN_2295844	VAMP1
ILMN_2295879	NGDN
ILMN_2295918	PCNXL2
ILMN_2295980	ACBD5
ILMN_2295987	NBPF1
ILMN_2296011	BRWD1
ILMN_2296037	PTPN2
ILMN_2296057	CASP2
ILMN_2296101	PCDHA9
ILMN_2296284	MGC3207
ILMN_2296290	ATG9A
ILMN_2296335	WHSC1
ILMN_2296369	MATR3
ILMN_2296422	SMC2
ILMN_2296644	PCDHGA9
ILMN_2296697	MAP3K3
ILMN_2296776	PTPRA
ILMN_2296803	CAPN3
ILMN_2296843	GCDH
ILMN_2296860	EMR4
ILMN_2296950	APOBEC3F
ILMN_2297069	FAM115A
ILMN_2297096	ARHGAP8
ILMN_2297161	NCBP2
ILMN_2297205	ATRN
ILMN_2297352	CSAG3B
ILMN_2297353	TRPV4
ILMN_2297373	C14orf43
ILMN_2297453	ST6GALNAC4
ILMN_2297511	PODXL
ILMN_2297626	PEG10
ILMN_2297644	PLEKHG5
ILMN_2297710	PLEKHB2
ILMN_2297765	KCNMA1
ILMN_2297824	UBE2G2
ILMN_2297864	MTMR14
ILMN_2297887	SEZ6L2
ILMN_2297961	RALGDS
ILMN_2297997	LIPT1
ILMN_2298159	PRDM1
ILMN_2298160	OTUD7A
ILMN_2298261	RBM3
ILMN_2298365	PPP2R2B
ILMN_2298511	BOLA2
ILMN_2298567	ARID5A
ILMN_2298624	RREB1
ILMN_2298727	MAPT
ILMN_2298818	RPS29
ILMN_2298860	HAGHL
ILMN_2298936	THOC3
ILMN_2298958	MRRF
ILMN_2298988	ENTPD8
ILMN_2299045	BMP2K
ILMN_2299072	CROP
ILMN_2299221	RABGGTA
ILMN_2299260	ZNF41
ILMN_2299450	P2RX2
ILMN_2299612	TMEM150
ILMN_2299661	TNFRSF25
ILMN_2299737	BBS5
ILMN_2299795	CPM
ILMN_2299843	ATP5S
ILMN_2299862	KCNH1
ILMN_2300186	DYNLL1
ILMN_2300396	COMMD5
ILMN_2300526	FRMPD2L1
ILMN_2300636	HMG2L1
ILMN_2300664	CACNA1I
ILMN_2300695	IKZF3
ILMN_2300970	ETFB
ILMN_2301083	UBE2C
ILMN_2301163	C10orf78
ILMN_2301193	ATP8B2
ILMN_2301624	MACF1
ILMN_2301677	MEIS3
ILMN_2301722	PDE8B
ILMN_2302075	MSI2
ILMN_2302118	CCDC50
ILMN_2302358	ABCC5
ILMN_2302716	ALDH18A1
ILMN_2302757	FCGBP
ILMN_2302947	CSF1
ILMN_2302983	TRPM3
ILMN_2303669	SLC4A8
ILMN_2303912	SCD5
ILMN_2303955	FKBP1B
ILMN_2304186	MITF
ILMN_2304404	PBLD
ILMN_2304495	PPP1R1B
ILMN_2304512	SAA1
ILMN_2304624	EIF4H
ILMN_2305112	CTH
ILMN_2305225	NDRG4
ILMN_2305407	ZBTB16
ILMN_2305416	PCDHGA5
ILMN_2305544	DBI
ILMN_2305599	LDB3
ILMN_2305721	POMT1
ILMN_2306066	FUS
ILMN_2306077	USP33
ILMN_2306189	MAGED1
ILMN_2306540	PDE9A
ILMN_2306565	MTX2
ILMN_2306661	UNC13C
ILMN_2306692	MINK1
ILMN_2306955	ACPL2
ILMN_2307025	CPNE1
ILMN_2307032	OSBPL5
ILMN_2307455	UBE2A
ILMN_2307598	SLC37A3
ILMN_2307656	AGTRAP
ILMN_2307740	CD46
ILMN_2307861	COL6A3
ILMN_2307883	ATP5J2
ILMN_2307903	VCAM1
ILMN_2307978	FAM108A3
ILMN_2308338	BMF
ILMN_2308582	CYB5R3
ILMN_2308689	AGBL5
ILMN_2308806	MAPK8
ILMN_2308849	MYADM
ILMN_2308903	WFDC3
ILMN_2308950	AKAP12
ILMN_2309156	PMEPA1
ILMN_2309180	SMARCD3
ILMN_2309228	GPS1
ILMN_2309245	BIN1
ILMN_2309449	RBBP6
ILMN_2309534	RDM1
ILMN_2309733	FRMPD2L2
ILMN_2309848	FXYD5
ILMN_2309926	ZDHHC14
ILMN_2310019	ZNF565
ILMN_2310075	TRMT2A
ILMN_2310253	TARBP2
ILMN_2310295	C21orf58
ILMN_2310589	DIABLO
ILMN_2310621	ATP5J2
ILMN_2310703	RPS26L
ILMN_2310896	NLRP3
ILMN_2310909	ATP2A3
ILMN_2310968	RUFY1
ILMN_2311041	MRPL52
ILMN_2311052	COL13A1
ILMN_2311089	BRCA1
ILMN_2311166	ITGB5
ILMN_2311278	ADD3
ILMN_2311456	COL11A2
ILMN_2311497	SNHG3-RCC1
ILMN_2311518	TROVE2
ILMN_2311537	HMGA1
ILMN_2311548	PTRH2
ILMN_2311674	ADCY6
ILMN_2311761	AP3S1
ILMN_2311779	TMUB2
ILMN_2311796	TES
ILMN_2311826	USP6NL
ILMN_2311873	GP2
ILMN_2311989	CUTA
ILMN_2312149	ZNF160
ILMN_2312194	CYB5A
ILMN_2312275	SRP54
ILMN_2312296	PCBP2
ILMN_2312304	INTS6
ILMN_2312340	LILRB2
ILMN_2312498	SEMG1
ILMN_2312606	IRF5
ILMN_2312709	LCMT1
ILMN_2312719	EXOSC9
ILMN_2312732	DPP8
ILMN_2312897	DGUOK
ILMN_2312906	MIA3
ILMN_2313074	DEDD
ILMN_2313079	NLRP1
ILMN_2313158	MBNL1
ILMN_2313330	FAM98B
ILMN_2313672	IL1RL1
ILMN_2313730	RHOC
ILMN_2313782	ATG4A
ILMN_2313821	AIFM1
ILMN_2313851	OSBPL9
ILMN_2313889	ZNF682
ILMN_2313901	PAM
ILMN_2313926	CDC42SE2
ILMN_2313946	CPNE7
ILMN_2314007	TCF12
ILMN_2314080	CTAGE5
ILMN_2314140	PAX6
ILMN_2314169	PTHLH
ILMN_2314208	S100PBP
ILMN_2314417	HYAL1
ILMN_2314998	ZNF275
ILMN_2315289	PEX10
ILMN_2315569	N6AMT1
ILMN_2315694	STRADA
ILMN_2315780	TACC2
ILMN_2315964	PSRC1
ILMN_2315979	LBH
ILMN_2316083	DNAJC28
ILMN_2316104	IQCB1
ILMN_2316173	AP1S1
ILMN_2316236	HOPX
ILMN_2316386	GPBAR1
ILMN_2316540	MRPL11
ILMN_2316599	ZNF629
ILMN_2316740	FOXP4
ILMN_2316778	ETNK1
ILMN_2316806	RWDD1
ILMN_2316844	RBPJ
ILMN_2316918	PANK1
ILMN_2316974	LILRB1
ILMN_2317186	ANK1
ILMN_2317348	APTX
ILMN_2317446	CXorf48
ILMN_2317457	HSD11B1L
ILMN_2317463	INTS1
ILMN_2317543	ITGB4
ILMN_2317580	SHANK3
ILMN_2317618	TCF19
ILMN_2317658	SLC3A2
ILMN_2317701	MMP23A
ILMN_2317730	ELMO2
ILMN_2317739	ITSN2
ILMN_2317751	REC8
ILMN_2317923	TMEM132A
ILMN_2318011	PSMA3
ILMN_2318430	EIF5
ILMN_2318481	AGAP1
ILMN_2318568	HCFC1R1
ILMN_2318638	TGIF1
ILMN_2318685	ABHD12
ILMN_2318725	EEF1B2
ILMN_2318733	BNIP1
ILMN_2318811	RANBP3
ILMN_2319000	MATK
ILMN_2319077	FAS
ILMN_2319292	PAX8
ILMN_2319326	ADARB1
ILMN_2319344	APEX1
ILMN_2319414	BTF3
ILMN_2319544	CAMK2D
ILMN_2319588	OSGIN1
ILMN_2319766	RUFY2
ILMN_2319825	ACYP1
ILMN_2319910	DGKA
ILMN_2319913	DGKA
ILMN_2319919	MAGEA2
ILMN_2319952	VDR
ILMN_2319994	RPL3
ILMN_2319996	RPL3
ILMN_2320250	NOL6
ILMN_2320280	BCAM
ILMN_2320330	MAL
ILMN_2320336	CLK3
ILMN_2320349	BACE1
ILMN_2320377	MAPK8IP3
ILMN_2320480	LOC400464
ILMN_2320513	APBB3
ILMN_2320850	UBE2D3
ILMN_2320853	UBE2D3
ILMN_2320888	CXCR4
ILMN_2320906	RTN3
ILMN_2320964	ADAR
ILMN_2321064	BAX
ILMN_2321153	MUC4
ILMN_2321292	WIPI2
ILMN_2321339	POLR3H
ILMN_2321416	DIAPH1
ILMN_2321451	HNRNPD
ILMN_2321485	PPP1R8
ILMN_2321578	P2RY10
ILMN_2321634	RAD17
ILMN_2321648	SH2D3C
ILMN_2321720	CASP10
ILMN_2321931	DCLRE1C
ILMN_2322375	MAFF
ILMN_2322498	RORA
ILMN_2322499	RORA
ILMN_2322552	NCKAP1
ILMN_2322597	LYPD5
ILMN_2322768	CSF3
ILMN_2322806	CAST
ILMN_2322831	NOS2A
ILMN_2322842	PPHLN1
ILMN_2322935	MAPKAPK5
ILMN_2322972	ZFYVE27
ILMN_2322996	EYA2
ILMN_2323007	CDH26
ILMN_2323048	ERP29
ILMN_2323087	RBPMS
ILMN_2323172	CSF3R
ILMN_2323302	SON
ILMN_2323338	NR1I2
ILMN_2323366	SDHC
ILMN_2323385	TRIM4
ILMN_2323427	EPB41
ILMN_2323491	NUP62
ILMN_2323508	C9orf58
ILMN_2323526	WAC
ILMN_2323633	TPD52L2
ILMN_2323774	RPAIN
ILMN_2323801	MOCS1
ILMN_2323848	PARD6A
ILMN_2323933	LAIR2
ILMN_2323944	FAM110A
ILMN_2323992	CLEC7A
ILMN_2324029	SCRIB
ILMN_2324056	GNL3
ILMN_2324109	SLC6A20
ILMN_2324157	UBA3
ILMN_2324202	GABRE
ILMN_2324375	CHCHD7
ILMN_2324421	TXNRD1
ILMN_2324561	SLC7A6
ILMN_2324574	GARNL1
ILMN_2324672	USF2
ILMN_2324776	TAS1R1
ILMN_2324909	PARD3B
ILMN_2324989	IKIP
ILMN_2324998	NGDN
ILMN_2325008	DHX40
ILMN_2325028	ODF2L
ILMN_2325056	SLC29A4
ILMN_2325112	C22orf40
ILMN_2325168	ARRB1
ILMN_2325194	PHF6
ILMN_2325234	PQBP1
ILMN_2325337	APOL2
ILMN_2325347	B3GALNT1
ILMN_2325394	MSH5
ILMN_2325506	BCAS4
ILMN_2325534	KCNIP2
ILMN_2325574	CASC4
ILMN_2325610	AKT3
ILMN_2325837	CD3D
ILMN_2325978	HDGF2
ILMN_2326071	MYL6
ILMN_2326262	SORBS1
ILMN_2326282	C19orf6
ILMN_2326512	CASP1
ILMN_2326578	NRF1
ILMN_2326591	ANXA6
ILMN_2326675	NR2C1
ILMN_2326712	BACE2
ILMN_2326713	CD151
ILMN_2326793	NUP98
ILMN_2326953	LAT2
ILMN_2326997	DHPS
ILMN_2327090	MAEA
ILMN_2327186	KIF9
ILMN_2327203	POT1
ILMN_2327276	STAU1
ILMN_2327346	SSBP4
ILMN_2327625	PLEKHM3
ILMN_2327655	KIF18B
ILMN_2327795	RERE
ILMN_2327860	MAL
ILMN_2327947	SLC25A25
ILMN_2327974	CORO2A
ILMN_2327994	AZIN1
ILMN_2328029	EXT2
ILMN_2328094	DACT1
ILMN_2328224	MADD
ILMN_2328280	ACTL6A
ILMN_2328327	SMTN
ILMN_2328363	CMTM1
ILMN_2328378	OSBPL3
ILMN_2328433	NOL1
ILMN_2328666	CD83
ILMN_2328776	MST4
ILMN_2328813	DMAP1
ILMN_2328835	IHPK2
ILMN_2328972	DNMT3B
ILMN_2328986	SREBF1
ILMN_2329114	COLQ
ILMN_2329165	MYO1C
ILMN_2329263	NFIC
ILMN_2329290	TRIM10
ILMN_2329309	POGZ
ILMN_2329429	GIMAP6
ILMN_2329569	C9orf116
ILMN_2329667	MYO7B
ILMN_2329679	TPST2
ILMN_2329735	ECM1
ILMN_2329744	PMS2
ILMN_2329773	RAB27A
ILMN_2329834	RBM12
ILMN_2329885	CEP170
ILMN_2329927	ABCG1
ILMN_2329958	ABI1
ILMN_2330112	CNIH
ILMN_2330213	CUX1
ILMN_2330243	NUDT1
ILMN_2330267	ABCE1
ILMN_2330307	SLC43A3
ILMN_2330341	TCEAL4
ILMN_2330371	TATDN3
ILMN_2330382	PAQR6
ILMN_2330410	EIF3C
ILMN_2330495	OCIAD1
ILMN_2330552	CDC2L2
ILMN_2330570	LEPR
ILMN_2330597	PQLC2
ILMN_2330787	FRMD6
ILMN_2330806	MYO18A
ILMN_2330845	NSF
ILMN_2330861	SMC4
ILMN_2330948	ARF1
ILMN_2330966	PTK2B
ILMN_2330994	NKTR
ILMN_2331010	TNFRSF10B
ILMN_2331062	CBFA2T2
ILMN_2331082	MS4A7
ILMN_2331163	CUL4A
ILMN_2331197	C21orf66
ILMN_2331205	CHKB
ILMN_2331231	TNFRSF6B
ILMN_2331266	NUMB
ILMN_2331348	TCOF1
ILMN_2331501	UBC
ILMN_2331525	PRKD2
ILMN_2331544	MBP
ILMN_2331553	CAPN10
ILMN_2331636	ACACA
ILMN_2331658	C3orf17
ILMN_2331701	GABPB2
ILMN_2331729	TRIM17
ILMN_2331735	AP2B1
ILMN_2331890	RPL41
ILMN_2332105	WRNIP1
ILMN_2332250	ACOT7
ILMN_2332267	CSNK1G3
ILMN_2332368	VPS13B
ILMN_2332553	MSRB3
ILMN_2332691	CAPN3
ILMN_2332713	SLC25A3
ILMN_2332795	ZNF16
ILMN_2332964	LGMN
ILMN_2332990	DIABLO
ILMN_2333107	AES
ILMN_2333146	BCR
ILMN_2333219	ACHE
ILMN_2333319	PTBP1
ILMN_2333367	FKBP1A
ILMN_2333440	TM9SF1
ILMN_2333594	SUMO2
ILMN_2333670	RNASE1
ILMN_2333766	HISPPD2A
ILMN_2333774	TAGAP
ILMN_2333865	DNAJB12
ILMN_2334042	THYN1
ILMN_2334121	PRKDC
ILMN_2334210	ITGB4
ILMN_2334296	IL18BP
ILMN_2334303	SEC24B
ILMN_2334322	MIER1
ILMN_2334350	BTBD3
ILMN_2334359	GFRA1
ILMN_2334531	GJB3
ILMN_2334587	HNRNPC
ILMN_2334693	NARF
ILMN_2334760	ARMCX3
ILMN_2334989	CCT3
ILMN_2335072	TAF1C
ILMN_2335123	DUB3
ILMN_2335302	ABCC1
ILMN_2335398	CECR5
ILMN_2335557	ITIH5
ILMN_2335604	SKAP1
ILMN_2335669	ZC3H14
ILMN_2335704	NCF4
ILMN_2335718	HNRNPAB
ILMN_2335754	CD1E
ILMN_2335813	GCH1
ILMN_2335893	FRS2
ILMN_2336037	EPN2
ILMN_2336094	ODZ3
ILMN_2336109	L3MBTL2
ILMN_2336130	SULT1A4
ILMN_2336186	LCMT1
ILMN_2336220	ERAP1
ILMN_2336280	QKI
ILMN_2336335	March 8
ILMN_2336393	SMN2
ILMN_2336595	ACSS2
ILMN_2336609	SYTL2
ILMN_2336647	NNT
ILMN_2336728	DLG3
ILMN_2336781	SOD2
ILMN_2336803	RPGR
ILMN_2336902	TRIM34
ILMN_2336970	MUTYH
ILMN_2336982	NPTN
ILMN_2337058	PORCN
ILMN_2337241	RPS15A
ILMN_2337263	PKIB
ILMN_2337336	PVRL2
ILMN_2337492	RCE1
ILMN_2337551	HIPK3
ILMN_2337618	GPRASP2
ILMN_2337655	WARS
ILMN_2337740	TULP4
ILMN_2337789	March 2
ILMN_2337835	ZNF182
ILMN_2337856	KCND3
ILMN_2337923	TPD52L1
ILMN_2337928	CXCR5
ILMN_2337931	CXCR5
ILMN_2337955	ZMAT5
ILMN_2337974	PKIA
ILMN_2338038	AK3L1
ILMN_2338197	LINS1
ILMN_2338268	ABHD11
ILMN_2338323	CDC25B
ILMN_2338348	UBASH3A
ILMN_2338447	ARID4A
ILMN_2338452	SERPINA1
ILMN_2338480	RHOT1
ILMN_2338565	DBNDD2
ILMN_2338593	C20orf142
ILMN_2338785	RPS14
ILMN_2338809	KCNH2
ILMN_2338921	C4orf41
ILMN_2338963	SLC29A1
ILMN_2338997	PTP4A2
ILMN_2339006	KIAA0564
ILMN_2339028	PKD1
ILMN_2339202	KTN1
ILMN_2339234	TRIM16
ILMN_2339266	LAMA2
ILMN_2339284	CHD2
ILMN_2339294	LILRB5
ILMN_2339377	DNM2
ILMN_2339627	COPE
ILMN_2339655	MAPK7
ILMN_2339691	SYVN1
ILMN_2339705	MED8
ILMN_2339748	RNF13
ILMN_2339779	ATP6V1E1
ILMN_2339796	CDC16
ILMN_2339825	YME1L1
ILMN_2339835	PTGS1
ILMN_2339863	VPS28
ILMN_2339955	NR4A2
ILMN_2340027	TSPAN4
ILMN_2340052	NCOR2
ILMN_2340065	UBL5
ILMN_2340131	MAPK10
ILMN_2340202	CASZ1
ILMN_2340217	PTPRC
ILMN_2340259	PDE4B
ILMN_2340347	PC
ILMN_2340439	ZFP64
ILMN_2340565	ATP2C1
ILMN_2340643	INSC
ILMN_2340721	TMEM134
ILMN_2340815	CACNA1A
ILMN_2340877	MEN1
ILMN_2340908	SCML1
ILMN_2340919	GRB10
ILMN_2340935	WBP5
ILMN_2340974	ANKS1B
ILMN_2341006	SCARF2
ILMN_2341067	NLGN4X
ILMN_2341132	TNNT2
ILMN_2341229	CD34
ILMN_2341254	STARD13
ILMN_2341343	AGTR1
ILMN_2341363	ATP5A1
ILMN_2341382	ANKHD1
ILMN_2341467	PARL
ILMN_2341487	C11orf49
ILMN_2341524	TSPAN11
ILMN_2341548	MYO5B
ILMN_2341595	KITLG
ILMN_2341611	CDCP1
ILMN_2341645	HNRPH3
ILMN_2341661	ETV4
ILMN_2341690	C17orf81
ILMN_2341793	CCT7
ILMN_2341815	TFG
ILMN_2341952	MRPL35
ILMN_2342033	F11R
ILMN_2342066	METRNL
ILMN_2342068	ERC1
ILMN_2342084	BCAP29
ILMN_2342121	PSMD13
ILMN_2342174	WASF1
ILMN_2342240	MGAT2
ILMN_2342250	ZXDA
ILMN_2342271	BCL11A
ILMN_2342437	KLHL5
ILMN_2342455	PPA2
ILMN_2342515	FXN
ILMN_2342554	TAGLN3
ILMN_2342579	IL7R
ILMN_2342630	LPHN1
ILMN_2342651	OR11H12
ILMN_2342695	PDGFA
ILMN_2342762	KCNAB2
ILMN_2342793	FBXW8
ILMN_2342835	P2RY14
ILMN_2342841	AFTPH
ILMN_2342851	ARHGAP8
ILMN_2342903	GIPC1
ILMN_2343010	BOLA3
ILMN_2343036	ZMYM5
ILMN_2343047	ABCB9
ILMN_2343048	ABCB9
ILMN_2343097	NCALD
ILMN_2343105	LIPT1
ILMN_2343264	PRDM16
ILMN_2343273	FAM70B
ILMN_2343278	PPAP2A
ILMN_2343310	DYNC2H1
ILMN_2343332	TAF9
ILMN_2343563	ANAPC11
ILMN_2343618	SAMD3
ILMN_2343624	KIAA0859
ILMN_2343757	Septin 10
ILMN_2343775	RPL38
ILMN_2343917	ABCD4
ILMN_2344002	SIP1
ILMN_2344047	ZNF398
ILMN_2344079	ZGPAT
ILMN_2344130	PSMD4
ILMN_2344182	TMTC4
ILMN_2344204	PRR13
ILMN_2344216	STX2
ILMN_2344221	IGSF5
ILMN_2344298	STEAP2
ILMN_2344373	MVP
ILMN_2344455	G3BP1
ILMN_2344650	N4BP2L1
ILMN_2344662	HMGA2
ILMN_2344956	ACP1
ILMN_2344971	FOXM1
ILMN_2344988	MLL5
ILMN_2345015	PTGES2
ILMN_2345016	PTGES2
ILMN_2345142	SULF2
ILMN_2345292	FXYD1
ILMN_2345319	PREPL
ILMN_2345353	LST1
ILMN_2345512	PPP4R1
ILMN_2345739	CAPRIN2
ILMN_2345824	PCDHGC3
ILMN_2345837	CLTA
ILMN_2345872	SUMF2
ILMN_2345898	SLA
ILMN_2345908	DDX11
ILMN_2346137	ZNF557
ILMN_2346316	PTPN20A
ILMN_2346339	FOLR1
ILMN_2346358	TAF1
ILMN_2346479	HOMER2
ILMN_2346562	ZNF273
ILMN_2346573	PSME3
ILMN_2346649	ZNF473
ILMN_2346727	MTUS1
ILMN_2346769	C1orf2
ILMN_2346856	GGPS1
ILMN_2346997	RAB23
ILMN_2347044	SLC25A14
ILMN_2347068	MKNK2
ILMN_2347145	DCN
ILMN_2347234	PRMT1
ILMN_2347298	TSPYL2
ILMN_2347314	ARNT
ILMN_2347323	DNAJC21
ILMN_2347349	CCNB1IP1
ILMN_2347380	ARHGEF11
ILMN_2347541	NIN
ILMN_2347592	NMB
ILMN_2347693	NCOA3
ILMN_2347748	FLJ12949
ILMN_2347789	C4BPB
ILMN_2347798	IFI6
ILMN_2347805	EXOC1
ILMN_2347807	EXOC1
ILMN_2347888	LARP4
ILMN_2347917	EED
ILMN_2347949	G6PD
ILMN_2347999	IFNAR2
ILMN_2348050	MRPL21
ILMN_2348090	MRPL55
ILMN_2348093	ATP5J
ILMN_2348146	ERCC8
ILMN_2348243	STRADA
ILMN_2348259	ZNF92
ILMN_2348268	IFFO1
ILMN_2348367	FGFRL1
ILMN_2348403	VRK3
ILMN_2348448	SRGAP2
ILMN_2348487	EMR3
ILMN_2348503	PPIE
ILMN_2348512	ZXDC
ILMN_2348788	CD44
ILMN_2348808	SNX16
ILMN_2348905	CTLA4
ILMN_2348975	NASP
ILMN_2349006	USP21
ILMN_2349061	IRF7
ILMN_2349124	OSBPL2
ILMN_2349129	DPP3
ILMN_2349138	CDC42SE1
ILMN_2349366	PCDHGA2
ILMN_2349393	MDK
ILMN_2349444	NUDT2
ILMN_2349459	BIRC5
ILMN_2349600	BRD8
ILMN_2349610	DPH3
ILMN_2349633	TNFRSF18
ILMN_2349658	TSPO
ILMN_2349831	DICER1
ILMN_2349982	FGF1
ILMN_2349992	PMS2CL
ILMN_2350122	TRIM13
ILMN_2350183	ST5
ILMN_2350240	GTF2I
ILMN_2350266	FBXO46
ILMN_2350296	AURKC
ILMN_2350315	ST3GAL3
ILMN_2350421	C19orf29
ILMN_2350574	MYADM
ILMN_2350607	C20orf7
ILMN_2350634	EFEMP1
ILMN_2350801	SLC25A29
ILMN_2350823	KCNIP3
ILMN_2350970	SOCS5
ILMN_2351029	MTMR2
ILMN_2351230	RUFY3
ILMN_2351241	RNF14
ILMN_2351269	TTYH1
ILMN_2351272	DZIP1
ILMN_2351309	TIAL1
ILMN_2351466	HNT
ILMN_2351548	FAIM
ILMN_2351611	UBQLN1
ILMN_2351638	BEX4
ILMN_2351795	C18orf1
ILMN_2351916	EXO1
ILMN_2351930	TRIM33
ILMN_2352009	ACADVL
ILMN_2352023	RIPK5
ILMN_2352036	RTN4
ILMN_2352042	MRPL4
ILMN_2352077	KL
ILMN_2352090	GPRC5C
ILMN_2352097	GPR56
ILMN_2352121	NT5C3
ILMN_2352131	ERBB2
ILMN_2352190	CLIP2
ILMN_2352216	FBXL6
ILMN_2352245	RASSF6
ILMN_2352303	RASSF2
ILMN_2352326	COASY
ILMN_2352380	TRPM2
ILMN_2352563	CLDND1
ILMN_2352574	ZNF274
ILMN_2352580	MBD1
ILMN_2352590	ZNF33A
ILMN_2352609	OGG1
ILMN_2352724	PIGN
ILMN_2352881	NR6A1
ILMN_2352917	LTBP4
ILMN_2352921	BPGM
ILMN_2352934	ASPH
ILMN_2353027	GRAP
ILMN_2353033	FUBP3
ILMN_2353110	PTGER3
ILMN_2353129	EYA2
ILMN_2353143	FBLIM1
ILMN_2353161	MSLN
ILMN_2353202	PTK7
ILMN_2353240	USF1
ILMN_2353276	UPK3B
ILMN_2353327	RNF38
ILMN_2353358	LGALS8
ILMN_2353431	ANKRD16
ILMN_2353633	EMR2
ILMN_2353642	ATP6V0B
ILMN_2353697	MIZF
ILMN_2353732	CD8A
ILMN_2353754	TPM3
ILMN_2353978	ACOT11
ILMN_2353997	NUDT4
ILMN_2354140	NAT5
ILMN_2354191	CD8B
ILMN_2354211	RCC1
ILMN_2354222	SPAG8
ILMN_2354237	PARP2
ILMN_2354269	FAM164C
ILMN_2354285	GNRH2
ILMN_2354334	ATXN2L
ILMN_2354381	PON2
ILMN_2354391	EGLN2
ILMN_2354478	CYFIP2
ILMN_2354515	C3orf60
ILMN_2354547	TUSC3
ILMN_2354617	DYRK1B
ILMN_2354649	FUSIP1
ILMN_2354673	PAK4
ILMN_2354855	OTUB1
ILMN_2355004	HMGN3
ILMN_2355033	KIAA1147
ILMN_2355042	CLUAP1
ILMN_2355168	MGST1
ILMN_2355225	LSP1
ILMN_2355423	TPO
ILMN_2355462	CYFIP1
ILMN_2355486	FAM3B
ILMN_2355549	GSTT2
ILMN_2355559	PSAP
ILMN_2355586	ATRN
ILMN_2355665	MTP18
ILMN_2355738	INCENP
ILMN_2355776	GIT2
ILMN_2355786	BTNL3
ILMN_2355831	FHL2
ILMN_2355953	LILRB4
ILMN_2355971	HSD17B10
ILMN_2356031	RNF121
ILMN_2356068	CDC2L5
ILMN_2356111	SLC41A3
ILMN_2356284	PFDN5
ILMN_2356311	C21orf51
ILMN_2356559	WTAP
ILMN_2356574	GTF3C2
ILMN_2356578	TH
ILMN_2356632	NCK2
ILMN_2356654	LGALS8
ILMN_2356672	EIF2B4
ILMN_2356745	BTBD7
ILMN_2356838	CEPT1
ILMN_2356890	MRPL42
ILMN_2356909	MOSPD3
ILMN_2356955	PLAGL1
ILMN_2356991	CD47
ILMN_2357015	GRK6
ILMN_2357062	IL1RAP
ILMN_2357134	SPHK1
ILMN_2357155	TPO
ILMN_2357193	DDX59
ILMN_2357260	CPSF4
ILMN_2357272	BCLAF1
ILMN_2357334	CPN2
ILMN_2357361	THYN1
ILMN_2357377	TERF1
ILMN_2357382	TERF1
ILMN_2357386	FKTN
ILMN_2357438	AURKA
ILMN_2357471	CASC5
ILMN_2357542	VIP
ILMN_2357577	PRKAA1
ILMN_2357682	CCNT2
ILMN_2357701	FOXP2
ILMN_2357730	CCRK
ILMN_2357770	TCEA1
ILMN_2357777	RNF214
ILMN_2357781	ZNF436
ILMN_2357809	G3BP1
ILMN_2357855	NTRK2
ILMN_2357976	BAT1
ILMN_2358041	NBN
ILMN_2358069	MAD1L1
ILMN_2358134	ADAMTS14
ILMN_2358202	ARS2
ILMN_2358272	HAP1
ILMN_2358277	RSRC2
ILMN_2358382	ZFYVE1
ILMN_2358457	ATF4
ILMN_2358474	TMPRSS3
ILMN_2358540	RBMS1
ILMN_2358560	TIAM2
ILMN_2358647	FBXO21
ILMN_2358652	NXF1
ILMN_2358718	CHRM2
ILMN_2358733	TAZ
ILMN_2358783	ASB3
ILMN_2358801	PLEKHG5
ILMN_2358842	PCBP4
ILMN_2358886	EDN3
ILMN_2358914	SLC35C2
ILMN_2358919	TP53I3
ILMN_2358980	ILK
ILMN_2359014	TBCE
ILMN_2359029	C11orf17
ILMN_2359078	PCDHAC1
ILMN_2359096	SS18
ILMN_2359168	A2BP1
ILMN_2359211	AP2A1
ILMN_2359345	NET1
ILMN_2359453	ERGIC3
ILMN_2359456	ERGIC3
ILMN_2359500	NCDN
ILMN_2359601	CAMK2G
ILMN_2359627	BCL2L11
ILMN_2359710	PTP4A3
ILMN_2359742	CTSB
ILMN_2359789	RAC1
ILMN_2359800	MS4A6A
ILMN_2359887	PPP2R5D
ILMN_2359907	CD68
ILMN_2359935	CDC2L1
ILMN_2359945	CES1
ILMN_2360028	NFATC3
ILMN_2360184	INVS
ILMN_2360229	MAPKAP1
ILMN_2360291	UGCGL1
ILMN_2360315	SNX21
ILMN_2360362	CCDC132
ILMN_2360401	LFNG
ILMN_2360415	PRNP
ILMN_2360705	ACSL3
ILMN_2360710	TPM1
ILMN_2360730	CAV2
ILMN_2360784	RRBP1
ILMN_2361104	ZMAT3
ILMN_2361163	SSBP3
ILMN_2361181	C1QTNF6
ILMN_2361185	PHF20L1
ILMN_2361186	PHF20L1
ILMN_2361311	ZNF107
ILMN_2361324	WDR20
ILMN_2361427	PMS2L3
ILMN_2361478	PDLIM5
ILMN_2361570	SNX14
ILMN_2361603	NDRG2
ILMN_2361643	RRAGB
ILMN_2361695	BAG5
ILMN_2361807	OS9
ILMN_2361862	VLDLR
ILMN_2361920	SGK2
ILMN_2361991	TRIM15
ILMN_2362122	AP3M1
ILMN_2362126	AGAP3
ILMN_2362232	ZNF331
ILMN_2362245	HNRNPH2
ILMN_2362293	FBXO38
ILMN_2362341	L1CAM
ILMN_2362368	U2AF1
ILMN_2362439	C19orf12
ILMN_2362457	ZDHHC16
ILMN_2362477	TRIM31
ILMN_2362545	ZWINT
ILMN_2362581	FNDC3A
ILMN_2362681	CES2
ILMN_2362809	TCL6
ILMN_2362832	STAG3L1
ILMN_2362847	PPARA
ILMN_2362858	PILRA
ILMN_2362902	RASSF5
ILMN_2362911	CLK2
ILMN_2362974	CASP7
ILMN_2362982	ARID4B
ILMN_2363027	RAD51
ILMN_2363058	PAOX
ILMN_2363065	RTN3
ILMN_2363097	SLC9A6
ILMN_2363106	RBM23
ILMN_2363165	TACC2
ILMN_2363231	SMAP1
ILMN_2363250	BCL2
ILMN_2363273	ZNF226
ILMN_2363361	SFXN4
ILMN_2363392	TNFSF14
ILMN_2363426	MAX
ILMN_2363439	RYK
ILMN_2363450	NOXO1
ILMN_2363489	BRE
ILMN_2363498	LSR
ILMN_2363586	SDCBP
ILMN_2363621	RBBP8
ILMN_2363634	ADHFE1
ILMN_2363658	PXDN
ILMN_2363668	YIF1B
ILMN_2364022	SLC16A3
ILMN_2364062	THOC4
ILMN_2364072	CLCNKA
ILMN_2364088	GEMIN8
ILMN_2364110	GBA
ILMN_2364131	TTPAL
ILMN_2364174	CSNK1A1
ILMN_2364272	MBNL2
ILMN_2364357	RPS6KB2
ILMN_2364376	ILK
ILMN_2364384	PPARG
ILMN_2364529	EZH2
ILMN_2364535	SNUPN
ILMN_2364574	MAPK8
ILMN_2364674	TRPT1
ILMN_2364700	ENSA
ILMN_2364768	MYLK
ILMN_2364828	OGT
ILMN_2364852	BTN2A1
ILMN_2364901	FSCN2
ILMN_2364928	APBA2BP
ILMN_2364971	PPP2R5C
ILMN_2365091	FCAR
ILMN_2365176	ALDH8A1
ILMN_2365196	PDCD10
ILMN_2365223	NEK11
ILMN_2365248	HVCN1
ILMN_2365307	CD276
ILMN_2365383	ENO3
ILMN_2365410	TRNAU1AP
ILMN_2365465	XBP1
ILMN_2365479	SNX1
ILMN_2365528	NY-SAR-48
ILMN_2365544	NOLA2
ILMN_2365549	BRPF1
ILMN_2365569	ICA1
ILMN_2365595	GMPR2
ILMN_2365644	PTPRS
ILMN_2365686	ALG8
ILMN_2365711	Septin 2
ILMN_2365881	ATG16L1
ILMN_2366041	ITM2C
ILMN_2366177	IFT122
ILMN_2366192	FGL1
ILMN_2366212	CD79B
ILMN_2366246	SEC23B
ILMN_2366330	FERMT3
ILMN_2366334	FERMT3
ILMN_2366388	PRDX1
ILMN_2366391	PRDX1
ILMN_2366445	KRT80
ILMN_2366463	FN1
ILMN_2366473	ABCC9
ILMN_2366490	ZNF706
ILMN_2366634	PKM2
ILMN_2366642	VCX3A
ILMN_2366654	NR5A2
ILMN_2366703	SGK3
ILMN_2366710	UCRC
ILMN_2366714	UCRC
ILMN_2366719	NSFL1C
ILMN_2366785	DDX52
ILMN_2366795	KIF27
ILMN_2366864	JUP
ILMN_2366967	WT1
ILMN_2366972	NUDT6
ILMN_2366998	CTF8
ILMN_2367010	GPR126
ILMN_2367020	SEC61G
ILMN_2367070	ACOT9
ILMN_2367113	CASP6
ILMN_2367126	ALAS2
ILMN_2367141	TCF7
ILMN_2367165	ABTB1
ILMN_2367172	AMACR
ILMN_2367191	PSMF1
ILMN_2367215	PRCP
ILMN_2367258	SMOX
ILMN_2367275	BCL7B
ILMN_2367290	C4orf44
ILMN_2367300	ANKRD5
ILMN_2367384	EPHB2
ILMN_2367418	OSCAR
ILMN_2367428	FAM96A
ILMN_2367440	WDR17
ILMN_2367458	UFD1L
ILMN_2367469	CARS
ILMN_2367487	ABHD12B
ILMN_2367530	ZNF280D
ILMN_2367638	CAMKK2
ILMN_2367671	LIMK2
ILMN_2367681	SPAG1
ILMN_2367707	PKN1
ILMN_2367710	PKN1
ILMN_2367743	TUBG1
ILMN_2367753	ATP2B4
ILMN_2367782	STARD7
ILMN_2367818	CD40
ILMN_2367883	GEM
ILMN_2368068	TCF20
ILMN_2368145	GRINL1A
ILMN_2368292	TSEN34
ILMN_2368318	FGR
ILMN_2368434	CUX1
ILMN_2368530	IL32
ILMN_2368535	FBXO17
ILMN_2368575	GIYD1
ILMN_2368576	UBA52
ILMN_2368585	GGT1
ILMN_2368597	SMG7
ILMN_2368617	FKRP
ILMN_2368713	TMEM189-UBE2V1
ILMN_2368718	CENPM
ILMN_2368721	CENPM
ILMN_2368773	FAM3C
ILMN_2368834	MYH11
ILMN_2368971	PSMD12
ILMN_2369018	EVI2A
ILMN_2369104	TRAPPC6B
ILMN_2369221	IL15
ILMN_2369403	PALM2
ILMN_2369580	C16orf35
ILMN_2369603	CPEB1
ILMN_2369666	CR2
ILMN_2369682	HNRPA2B1
ILMN_2369756	CCDC46
ILMN_2369785	SNRPD2
ILMN_2369826	C16orf13
ILMN_2369919	IL17RC
ILMN_2369924	NDUFB6
ILMN_2369953	ARL4A
ILMN_2370091	NGFRAP1
ILMN_2370135	HNRNPU
ILMN_2370160	HERC4
ILMN_2370208	CMTM3
ILMN_2370241	TEX11
ILMN_2370336	MS4A4A
ILMN_2370365	RFC4
ILMN_2370414	CHD3
ILMN_2370464	ATRIP
ILMN_2370535	GAS2L1
ILMN_2370573	XAF1
ILMN_2370588	TRIOBP
ILMN_2370624	COL13A1
ILMN_2370685	C6orf1
ILMN_2370692	ANKZF1
ILMN_2370772	EIF4G1
ILMN_2370825	ATM
ILMN_2370872	GRINA
ILMN_2370882	ACSL5
ILMN_2370907	RAD51L3
ILMN_2370910	RAD51L3
ILMN_2370916	POTE2
ILMN_2370976	FER1L3
ILMN_2371053	EFNA1
ILMN_2371055	EFNA1
ILMN_2371079	HTR3A
ILMN_2371147	BCL7C
ILMN_2371152	KLC4
ILMN_2371169	ZYX
ILMN_2371251	MPG
ILMN_2371280	CSF3R
ILMN_2371379	ACLY
ILMN_2371397	SLC25A45
ILMN_2371433	MID1
ILMN_2371458	CXCR7
ILMN_2371590	DDX17
ILMN_2371685	UBE2E1
ILMN_2371700	UCHL5IP
ILMN_2371724	CEACAM1
ILMN_2371825	AGL
ILMN_2371911	MUC1
ILMN_2371964	MRPS12
ILMN_2371984	SMAD5
ILMN_2372011	SCAND1
ILMN_2372040	MTP18
ILMN_2372082	SNRPN
ILMN_2372124	HNF4A
ILMN_2372136	PH-4
ILMN_2372200	ZNF586
ILMN_2372241	C15orf21
ILMN_2372379	MGA
ILMN_2372398	ALDH5A1
ILMN_2372413	BID
ILMN_2372639	TRAPPC5
ILMN_2372698	RGN
ILMN_2372773	TANK
ILMN_2372795	TTLL1
ILMN_2372915	P2RY2
ILMN_2372922	PPP2R4
ILMN_2372974	SIRPA
ILMN_2373010	TMEM70
ILMN_2373062	RHBDF2
ILMN_2373099	ZCCHC11
ILMN_2373106	DMD
ILMN_2373177	PANK2
ILMN_2373266	SFRS12
ILMN_2373285	MSR1
ILMN_2373377	RTN2
ILMN_2373495	H2AFY
ILMN_2373515	HSP90AA1
ILMN_2373556	SPAST
ILMN_2373566	PJA1
ILMN_2373632	IDH3B
ILMN_2373728	ASB9
ILMN_2373755	IFT88
ILMN_2373763	CASP7
ILMN_2373779	COPS8
ILMN_2373791	ENPP2
ILMN_2373830	ATN1
ILMN_2373831	BTN3A3
ILMN_2373982	PICK1
ILMN_2374036	CTSL1
ILMN_2374076	C14orf102
ILMN_2374115	TFAP2A
ILMN_2374159	HERPUD1
ILMN_2374234	PRKACB
ILMN_2374244	DYRK2
ILMN_2374293	DYRK1A
ILMN_2374340	PLAUR
ILMN_2374352	DBNDD1
ILMN_2374362	FAM108B1
ILMN_2374383	TSPAN17
ILMN_2374425	CCNE1
ILMN_2374449	SPP1
ILMN_2374633	ZWILCH
ILMN_2374683	PTPN13
ILMN_2374692	WAC
ILMN_2374770	TAX1BP1
ILMN_2374778	DUT
ILMN_2374865	ATF3
ILMN_2375002	MAP4K4
ILMN_2375032	KIAA1553
ILMN_2375156	PHF7
ILMN_2375160	PHF7
ILMN_2375319	RASGRP2
ILMN_2375360	COL4A5
ILMN_2375386	RNPS1
ILMN_2375418	DPH2
ILMN_2375484	CPEB2
ILMN_2375557	SCMH1
ILMN_2375599	RNH1
ILMN_2375651	SCNM1
ILMN_2375825	CD37
ILMN_2375879	VEGFA
ILMN_2375973	ALKBH1
ILMN_2375992	SPINT1
ILMN_2376050	FXYD3
ILMN_2376108	PSMB9
ILMN_2376133	KIAA1191
ILMN_2376142	UBE2W
ILMN_2376160	NSL1
ILMN_2376194	CAMK2B
ILMN_2376204	LTB
ILMN_2376205	LTB
ILMN_2376258	SMARCA1
ILMN_2376289	DBNL
ILMN_2376313	MSMB
ILMN_2376403	TSC22D3
ILMN_2376408	DPM3
ILMN_2376416	UBXN11
ILMN_2376431	CCR2
ILMN_2376455	CSF2RA
ILMN_2376458	CSF2RA
ILMN_2376484	NRP2
ILMN_2376502	RHOBTB1
ILMN_2376520	PPP2R3A
ILMN_2376553	SLC23A1
ILMN_2376625	VHL
ILMN_2376667	POFUT2
ILMN_2376723	CDKN2B
ILMN_2376771	ATR
ILMN_2376822	SDCBP2
ILMN_2376833	ZNF200
ILMN_2376847	PDE1A
ILMN_2376859	PDGFD
ILMN_2376953	KCNK2
ILMN_2377019	CORO1B
ILMN_2377025	TCOF1
ILMN_2377056	BBS7
ILMN_2377093	SLC38A10
ILMN_2377109	LCK
ILMN_2377150	WDHD1
ILMN_2377174	SYPL1
ILMN_2377185	TCEB2
ILMN_2377210	PPM1B
ILMN_2377240	AKTIP
ILMN_2377430	AGPAT2
ILMN_2377459	PSCD2
ILMN_2377496	ERCC1
ILMN_2377536	CDKL5
ILMN_2377669	CD247
ILMN_2377733	CASP8
ILMN_2377829	NANOS1
ILMN_2377862	RAB6A
ILMN_2377900	MAP1B
ILMN_2377957	KCNG3
ILMN_2377980	PPP1CA
ILMN_2377991	ZNF323
ILMN_2378048	HNRPK
ILMN_2378100	FBXL5
ILMN_2378257	SDF4
ILMN_2378316	NUPL1
ILMN_2378376	CYB561
ILMN_2378654	B3GALT5
ILMN_2378664	ERLIN2
ILMN_2378670	SNX15
ILMN_2378696	GFM2
ILMN_2378708	TAF6
ILMN_2378868	SFRS5
ILMN_2378952	GPX4
ILMN_2379080	NFATC2IP
ILMN_2379130	IRAK1
ILMN_2379226	CCNL2
ILMN_2379240	RGS11
ILMN_2379313	ZNF493
ILMN_2379326	MAP3K7
ILMN_2379375	PPP1R12B
ILMN_2379393	ASL
ILMN_2379469	EIF3B
ILMN_2379520	HAGH
ILMN_2379527	ELMO1
ILMN_2379560	CDC14B
ILMN_2379599	CD163
ILMN_2379644	CD74
ILMN_2379675	PDE7A
ILMN_2379695	XRCC4
ILMN_2379718	RAB24
ILMN_2379734	CTBP1
ILMN_2379762	NPM1
ILMN_2379788	HIF1A
ILMN_2379835	SUMO1
ILMN_2379931	PIGO
ILMN_2379967	FCAR
ILMN_2380101	PHACTR4
ILMN_2380163	PTPRF
ILMN_2380237	C1QTNF1
ILMN_2380243	LOC57228
ILMN_2380418	BICD2
ILMN_2380453	USP45
ILMN_2380494	ANXA11
ILMN_2380566	SIAH1
ILMN_2380588	C6orf108
ILMN_2380605	MTMR3
ILMN_2380688	B4GALT4
ILMN_2380698	DSTN
ILMN_2380740	MTO1
ILMN_2380754	CCNG1
ILMN_2380771	AKR1A1
ILMN_2380801	FYN
ILMN_2380839	SNRP70
ILMN_2380850	SDCCAG3
ILMN_2380938	SYT7
ILMN_2380946	EIF4G2
ILMN_2380967	DNASE1L1
ILMN_2380999	RECQL
ILMN_2381037	LIMS1
ILMN_2381121	UQCC
ILMN_2381168	CTNNBIP1
ILMN_2381197	RNF19A
ILMN_2381206	DHODH
ILMN_2381257	DSC2
ILMN_2381286	DMD
ILMN_2381296	GSTZ1
ILMN_2381397	HSPD1
ILMN_2381476	SPG3A
ILMN_2381537	RCP9
ILMN_2381559	ASTN2
ILMN_2381603	ING3
ILMN_2381655	EDA
ILMN_2381697	P4HA2
ILMN_2381730	EGFL7
ILMN_2381753	G3BP2
ILMN_2381841	DDX19B
ILMN_2381899	OPTN
ILMN_2381945	FGA
ILMN_2382083	CUGBP1
ILMN_2382121	OCRL
ILMN_2382126	PPFIA1
ILMN_2382271	NCKIPSD
ILMN_2382290	KREMEN2
ILMN_2382354	SENP7
ILMN_2382403	FCGR2B
ILMN_2382431	ANKRD36
ILMN_2382488	C16orf84
ILMN_2382500	MS4A14
ILMN_2382505	SLC22A18
ILMN_2382558	SERF1A
ILMN_2382648	MID2
ILMN_2382657	ARHGAP9
ILMN_2382679	REG3A
ILMN_2382687	NR4A3
ILMN_2382705	CAMKK1
ILMN_2382717	OPN3
ILMN_2382829	PRDX2
ILMN_2382964	PRSS21
ILMN_2382974	CCDC7
ILMN_2382990	HK1
ILMN_2383058	SIRPG
ILMN_2383077	SLC39A7
ILMN_2383097	RPL17
ILMN_2383107	VPS41
ILMN_2383124	CYP2D6
ILMN_2383229	A1CF
ILMN_2383290	TRIM14
ILMN_2383300	PTPRU
ILMN_2383305	GPATCH4
ILMN_2383306	GPATCH4
ILMN_2383344	RSU1
ILMN_2383349	STEAP3
ILMN_2383383	PIR
ILMN_2383419	GMEB1
ILMN_2383435	PSMD10
ILMN_2383455	SUOX
ILMN_2383484	C19orf48
ILMN_2383489	CDK5RAP3
ILMN_2383516	WDR7
ILMN_2383591	PALM2-AKAP2
ILMN_2383611	PTPRE
ILMN_2383693	UPF2
ILMN_2383727	ATG4C
ILMN_2383754	GTPBP10
ILMN_2383774	TRAF3
ILMN_2383871	ZNF74
ILMN_2383913	WDR33
ILMN_2383934	ITGB1
ILMN_2383964	CDCA4
ILMN_2383975	PRDX5
ILMN_2384056	GPER
ILMN_2384122	GPR56
ILMN_2384133	DFFB
ILMN_2384152	EPS8L3
ILMN_2384188	NFATC1
ILMN_2384216	XRN1
ILMN_2384237	STAP2
ILMN_2384496	ST6GAL1
ILMN_2384513	C2CD2
ILMN_2384536	PECI
ILMN_2384544	ADAM15
ILMN_2384561	TJP2
ILMN_2384591	HN1
ILMN_2384629	RGS12
ILMN_2384770	EGFLAM
ILMN_2384807	LRRCC1
ILMN_2384857	DHRS2
ILMN_2385097	NDRG3
ILMN_2385161	CUL4B
ILMN_2385173	U2AF2
ILMN_2385178	MIB2
ILMN_2385191	QRICH1
ILMN_2385220	DFFA
ILMN_2385278	WDR21A
ILMN_2385298	PFKFB2
ILMN_2385318	ARMC8
ILMN_2385566	PHYH
ILMN_2385647	ALAS1
ILMN_2385662	C1orf103
ILMN_2385672	ELN
ILMN_2385688	RABL2B
ILMN_2385866	PHF1
ILMN_2386008	MPZL1
ILMN_2386016	C2orf28
ILMN_2386040	MYO19
ILMN_2386053	DACH1
ILMN_2386100	BUB3
ILMN_2386179	ZMYND8
ILMN_2386205	C21orf33
ILMN_2386269	U2AF1L4
ILMN_2386291	WTIP
ILMN_2386354	CSNK2A1
ILMN_2386355	CSNK2A1
ILMN_2386379	PCDHGA11
ILMN_2386453	KLRD1
ILMN_2386530	RPLP1
ILMN_2386732	RCHY1
ILMN_2386790	KLRC3
ILMN_2386818	URG4
ILMN_2386849	DSE
ILMN_2386891	GLT8D1
ILMN_2386967	VPS54
ILMN_2386973	PKP2
ILMN_2386982	PRKCZ
ILMN_2387078	MPZL2
ILMN_2387090	CGGBP1
ILMN_2387105	OGN
ILMN_2387175	WDR31
ILMN_2387214	PALM
ILMN_2387224	CTSE
ILMN_2387251	ZSWIM3
ILMN_2387285	MSL3L1
ILMN_2387385	IGFBP1
ILMN_2387395	SCN3A
ILMN_2387452	MBD2
ILMN_2387471	FLJ22184
ILMN_2387505	AP1B1
ILMN_2387553	PSMA3
ILMN_2387599	C20orf24
ILMN_2387636	ITGB4BP
ILMN_2387696	CCR6
ILMN_2387731	NDUFV3
ILMN_2387742	LOC144983
ILMN_2387784	DEAF1
ILMN_2387791	MALT1
ILMN_2387799	PDPK1
ILMN_2387860	CYP19A1
ILMN_2387865	KCNIP4
ILMN_2387919	PRKAG2
ILMN_2387952	FAM134B
ILMN_2387990	UBE2J2
ILMN_2387995	ANTXR1
ILMN_2388070	TMEM44
ILMN_2388090	MAPK14
ILMN_2388112	CR1
ILMN_2388142	CD99L2
ILMN_2388155	CASP3
ILMN_2388166	HDAC5
ILMN_2388272	MED24
ILMN_2388363	IMPDH1
ILMN_2388397	LYPD1
ILMN_2388425	EXTL2
ILMN_2388445	DLX1
ILMN_2388461	PCDHA7
ILMN_2388484	MAP2
ILMN_2388507	AKT1
ILMN_2388517	MTERFD3
ILMN_2388539	FLJ22222
ILMN_2388547	EPSTI1
ILMN_2388585	GOPC
ILMN_2388605	ACTR2
ILMN_2388669	GRIA3
ILMN_2388701	ST3GAL5
ILMN_2388716	KCNC4
ILMN_2388746	ARHGAP6
ILMN_2388955	C1orf183
ILMN_2388965	GEFT
ILMN_2388975	CERK
ILMN_2389013	ADRM1
ILMN_2389054	CLDN18
ILMN_2389114	FIGNL1
ILMN_2389151	UGP2
ILMN_2389155	UGP2
ILMN_2389211	LAIR1
ILMN_2389218	PCTK3
ILMN_2389273	FXR1
ILMN_2389347	NR3C1
ILMN_2389376	WDR23
ILMN_2389429	DCUN1D4
ILMN_2389445	ARHGEF10L
ILMN_2389501	HSD11B1
ILMN_2389506	HSD11B1
ILMN_2389528	MTL5
ILMN_2389582	HNRNPL
ILMN_2389590	PRKAR1A
ILMN_2389794	STK31
ILMN_2389810	ATP11C
ILMN_2389844	SP3
ILMN_2389851	MDM2
ILMN_2389876	TGFB1I1
ILMN_2389935	FYTTD1
ILMN_2389957	RNF7
ILMN_2390114	AP3D1
ILMN_2390162	PHF11
ILMN_2390227	TBC1D9B
ILMN_2390299	PSMB8
ILMN_2390310	C17orf91
ILMN_2390338	UBE2E3
ILMN_2390416	BAT3
ILMN_2390472	TTC14
ILMN_2390526	RARB
ILMN_2390544	DKFZP564J102
ILMN_2390586	SP100
ILMN_2390609	ANK3
ILMN_2390739	ZNF3
ILMN_2390821	THOC2
ILMN_2390853	CTSH
ILMN_2390859	NFKB2
ILMN_2390919	FBLN2
ILMN_2390946	SCARF1
ILMN_2390974	DNAJB2
ILMN_2391141	UBE3A
ILMN_2391150	FILIP1L
ILMN_2391178	STAR
ILMN_2391231	SORD
ILMN_2391264	DMKN
ILMN_2391324	RCCD1
ILMN_2391333	CYP20A1
ILMN_2391345	C9orf23
ILMN_2391355	STAMBP
ILMN_2391400	PITX2
ILMN_2391419	SYNE2
ILMN_2391458	ACSL4
ILMN_2391512	NAAA
ILMN_2391522	MRPL47
ILMN_2391551	C13orf23
ILMN_2391750	SFMBT1
ILMN_2391765	C6orf48
ILMN_2391789	TDP1
ILMN_2391861	GSTM1
ILMN_2391912	SEC14L1
ILMN_2391931	SLC35A2
ILMN_2391959	PCDHGB2
ILMN_2391976	SLC45A4
ILMN_2392143	TRAF6
ILMN_2392189	CTDSPL
ILMN_2392261	FABP6
ILMN_2392274	CD82
ILMN_2392286	IHPK1
ILMN_2392352	CTPS2
ILMN_2392356	CTPS2
ILMN_2392370	MYH14
ILMN_2392472	CENPA
ILMN_2392546	PAICS
ILMN_2392635	ABCF1
ILMN_2392674	PRR3
ILMN_2392717	LARP7
ILMN_2392803	COL11A1
ILMN_2392818	RTKN
ILMN_2392940	CEP250
ILMN_2393046	NHLRC3
ILMN_2393060	PPIL3
ILMN_2393067	ICAM4
ILMN_2393144	ARL6IP4
ILMN_2393169	THOC5
ILMN_2393243	GTPBP8
ILMN_2393254	CAPNS1
ILMN_2393296	GK
ILMN_2393341	LIAS
ILMN_2393450	C14orf173
ILMN_2393456	DDO
ILMN_2393497	ATXN3
ILMN_2393544	PRMT2
ILMN_2393573	RASSF1
ILMN_2393693	LRRC37A4
ILMN_2393712	CTTN
ILMN_2393763	ARPC4
ILMN_2393765	IGLL1
ILMN_2393775	PCDHGA3
ILMN_2393968	SYNJ1
ILMN_2393994	CSPP1
ILMN_2394027	CLK3
ILMN_2394102	STRN4
ILMN_2394132	PRO1853
ILMN_2394147	MLN
ILMN_2394161	ST8SIA4
ILMN_2394242	AMMECR1
ILMN_2394250	PLEKHA1
ILMN_2394264	UBTF
ILMN_2394276	DST
ILMN_2394296	SAR1B
ILMN_2394305	PDGFB
ILMN_2394381	CLN3
ILMN_2394438	FAM177A1
ILMN_2394498	SYF2
ILMN_2394523	FLJ22167
ILMN_2394561	IRF2BP2
ILMN_2394571	FBXW11
ILMN_2394750	EXOC4
ILMN_2394777	DTNA
ILMN_2394841	NKX2-1
ILMN_2394975	OTUD4
ILMN_2395043	HSPA4
ILMN_2395055	ATPAF1
ILMN_2395156	PRELP
ILMN_2395204	SLTM
ILMN_2395214	FMNL3
ILMN_2395236	CHEK2
ILMN_2395285	U1SNRNPBP
ILMN_2395314	PRKACA
ILMN_2395373	GABBR1
ILMN_2395375	GABBR1
ILMN_2395389	PSMC4
ILMN_2395451	ASS1
ILMN_2395474	REV1
ILMN_2395506	SOX6
ILMN_2395692	PARK2
ILMN_2395711	ARRB2
ILMN_2395728	HNRPUL1
ILMN_2395827	RASGRP4
ILMN_2395856	TMEM218
ILMN_2395913	ARHGAP11A
ILMN_2395926	MANBAL
ILMN_2395932	UNC45A
ILMN_2395969	PRDX3
ILMN_2395981	PYHIN1
ILMN_2396002	MRPL10
ILMN_2396011	CEP63
ILMN_2396020	DUSP6
ILMN_2396039	HOXC6
ILMN_2396148	HIP1R
ILMN_2396198	APLP1
ILMN_2396272	PDCD4
ILMN_2396287	RFX2
ILMN_2396292	ZNF655
ILMN_2396338	BANP
ILMN_2396410	CS
ILMN_2396444	CD14
ILMN_2396546	IGSF3
ILMN_2396571	GPR108
ILMN_2396639	PDLIM7
ILMN_2396648	EXOSC1
ILMN_2396672	ABLIM1
ILMN_2396691	AKAP9
ILMN_2396786	ZNF266
ILMN_2396813	C19orf62
ILMN_2396875	IGFBP3
ILMN_2396947	PSMC3IP
ILMN_2396948	PSMC3IP
ILMN_2396956	AKAP13
ILMN_2396982	BCL2L12
ILMN_2396991	HCST
ILMN_2396996	PPCS
ILMN_2397024	SPOP
ILMN_2397028	SERPINB8
ILMN_2397188	CACNA1H
ILMN_2397199	NDEL1
ILMN_2397230	USP16
ILMN_2397294	PLCB4
ILMN_2397347	SEMG1
ILMN_2397484	GJC1
ILMN_2397521	JMJD3
ILMN_2397571	PIGC
ILMN_2397602	ERBB3
ILMN_2397627	UPF3B
ILMN_2397721	GLB1
ILMN_2397750	IVNS1ABP
ILMN_2397776	ASB6
ILMN_2397795	SLAIN1
ILMN_2397880	CSTF3
ILMN_2397954	PARP3
ILMN_2398039	TCERG1
ILMN_2398077	MEIS2
ILMN_2398107	ASNS
ILMN_2398159	DKK3
ILMN_2398184	NCAM1
ILMN_2398235	PIK3R1
ILMN_2398261	FGFR1
ILMN_2398274	PYCARD
ILMN_2398378	PML
ILMN_2398403	TCEAL1
ILMN_2398432	BRMS1
ILMN_2398474	RAP1B
ILMN_2398489	OPRS1
ILMN_2398572	FXYD2
ILMN_2398587	ZNRD1
ILMN_2398627	TENC1
ILMN_2398664	RNF34
ILMN_2398711	SIRT2
ILMN_2398847	ARHGAP17
ILMN_2398865	VPS13C
ILMN_2398903	HAX1
ILMN_2398926	C17orf58
ILMN_2398939	MBP
ILMN_2398995	MRPL24
ILMN_2399016	MMP28
ILMN_2399036	SEPN1
ILMN_2399140	RAB5C
ILMN_2399174	TRAK1
ILMN_2399190	TNFSF13
ILMN_2399208	SCAMP3
ILMN_2399264	Septin 6
ILMN_2399300	NAV2
ILMN_2399310	MLLT10
ILMN_2399328	COBRA1
ILMN_2399363	CLEC4A
ILMN_2399392	SIL1
ILMN_2399431	PRPS2
ILMN_2399463	VAV3
ILMN_2399489	CBFB
ILMN_2399497	RFXANK
ILMN_2399503	UBN1
ILMN_2399523	JAG2
ILMN_2399571	CBY1
ILMN_2399588	THSD1
ILMN_2399622	AP1G1
ILMN_2399769	GPR177
ILMN_2399827	HSF4
ILMN_2399877	COG5
ILMN_2399893	RPS24
ILMN_2399896	SEC31A
ILMN_2399919	MLXIPL
ILMN_2400030	PTPN2
ILMN_2400143	RPL32
ILMN_2400219	SRI
ILMN_2400250	FAM86A
ILMN_2400292	MAPK9
ILMN_2400322	DYRK3
ILMN_2400326	DYRK3
ILMN_2400407	CNTN1
ILMN_2400448	L3MBTL3
ILMN_2400500	LASS2
ILMN_2400512	PRKCSH
ILMN_2400603	TIRAP
ILMN_2400613	SNX7
ILMN_2400661	ZNF626
ILMN_2400663	AKAP9
ILMN_2400759	CPVL
ILMN_2400874	SCYL1
ILMN_2400922	OPRL1
ILMN_2400935	TAGLN
ILMN_2400940	L3MBTL
ILMN_2400947	CUGBP2
ILMN_2401033	GOSR1
ILMN_2401057	CANX
ILMN_2401155	PUM1
ILMN_2401263	RFPL3S
ILMN_2401344	PPP2R2C
ILMN_2401352	UHRF1
ILMN_2401436	PKMYT1
ILMN_2401618	MLX
ILMN_2401641	ALDH3A2
ILMN_2401714	MS4A1
ILMN_2401730	C1GALT1C1
ILMN_2401761	NUDT9
ILMN_2401770	PHF14
ILMN_2401779	FAM102A
ILMN_2401822	FTSJ1
ILMN_2401844	PATZ1
ILMN_2401873	DUSP10
ILMN_2401906	CDAN1
ILMN_2401927	TTC8
ILMN_2401933	ATP2B1
ILMN_2401964	CDC42EP1
ILMN_2401978	STAT3
ILMN_2401987	DLEC1
ILMN_2402079	ZMIZ2
ILMN_2402131	TAF15
ILMN_2402168	EXOSC10
ILMN_2402172	Septin 4
ILMN_2402272	TCEAL8
ILMN_2402341	MAPK3
ILMN_2402363	STK19
ILMN_2402392	COL8A1
ILMN_2402416	DNAJB6
ILMN_2402463	SHMT1
ILMN_2402499	SC4MOL
ILMN_2402556	ZHX1
ILMN_2402558	ZHX1
ILMN_2402581	Gcom1
ILMN_2402600	GLIS3
ILMN_2402629	METTL9
ILMN_2402674	DPM3
ILMN_2402766	AFTPH
ILMN_2402798	AP2M1
ILMN_2402805	TRPC4AP
ILMN_2402806	TRPC4AP
ILMN_2402817	ZBTB16
ILMN_2402936	LOC440926
ILMN_2402947	USP14
ILMN_2402972	GGA3
ILMN_2403006	TJP1
ILMN_2403047	ARL13B
ILMN_2403228	CLEC12A
ILMN_2403237	CHN2
ILMN_2403446	ABHD2
ILMN_2403458	SMARCB1
ILMN_2403555	DHX30
ILMN_2403730	ATP6V1H
ILMN_2403851	GGA1
ILMN_2403852	CYTH1
ILMN_2403889	PRMT5
ILMN_2403906	ARFIP1
ILMN_2403946	FEZ2
ILMN_2403965	TXNDC5
ILMN_2403994	RALY
ILMN_2404033	ZNF205
ILMN_2404049	RBM38
ILMN_2404063	APP
ILMN_2404065	APP
ILMN_2404085	CLIP1
ILMN_2404112	TRDMT1
ILMN_2404135	RIOK3
ILMN_2404154	SERPINA1
ILMN_2404320	S100A1L
ILMN_2404385	REPIN1
ILMN_2404407	ABAT
ILMN_2404454	NLE1
ILMN_2404493	CACNA2D4
ILMN_2404512	PSEN2
ILMN_2404539	C20orf30
ILMN_2404548	CRELD1
ILMN_2404589	KCNRG
ILMN_2404625	LAT
ILMN_2404629	EFTUD1
ILMN_2404665	TRIM5
ILMN_2404688	NUPR1
ILMN_2404746	RNF39
ILMN_2404795	SULT1A1
ILMN_2404850	RPL14
ILMN_2404903	PDPN
ILMN_2404906	SGOL1
ILMN_2404917	AFAP1L2
ILMN_2404951	DAZ4
ILMN_2405009	NBL1
ILMN_2405018	PPP1CB
ILMN_2405031	TRIM24
ILMN_2405078	OSBPL8
ILMN_2405129	ARHGEF1
ILMN_2405156	PPAP2C
ILMN_2405190	VAPA
ILMN_2405233	FAM133B
ILMN_2405254	GRB7
ILMN_2405297	NOTCH2
ILMN_2405305	ARNTL
ILMN_2405324	IL28RA
ILMN_2405348	PRX
ILMN_2405353	SDK1
ILMN_2405400	GRK4
ILMN_2405521	MTHFD2
ILMN_2405534	GAB1
ILMN_2405592	TMEM93
ILMN_2405602	OSBPL1A
ILMN_2405628	TOP1MT
ILMN_2405642	DHDDS
ILMN_2405667	CLDN15
ILMN_2405680	CRB3
ILMN_2405684	BIRC3
ILMN_2405756	VAMP1
ILMN_2405915	MRPS11
ILMN_2405991	TRAF7
ILMN_2406035	LAMA3
ILMN_2406043	VPS24
ILMN_2406084	ITGA11
ILMN_2406106	CACNB2
ILMN_2406132	LILRB3
ILMN_2406169	PKIG
ILMN_2406184	TAC3
ILMN_2406267	MARVELD2
ILMN_2406299	SEMA3B
ILMN_2406304	PDZRN3
ILMN_2406313	RBCK1
ILMN_2406335	ANKRD17
ILMN_2406410	RHBDD2
ILMN_2406468	NFU1
ILMN_2406501	SOD2
ILMN_2406532	F11R
ILMN_2406552	LRDD
ILMN_2406557	ALDH4A1
ILMN_2406586	CC2D2A
ILMN_2406654	ABCC6
ILMN_2406716	CCDC41
ILMN_2406815	LRRC17
ILMN_2406873	ARFGAP1
ILMN_2406892	C19orf2
ILMN_2407082	Selenoprotein 15
ILMN_2407124	MCM8
ILMN_2407168	S100A13
ILMN_2407235	LOC402057
ILMN_2407308	HEY1
ILMN_2407346	LDHD
ILMN_2407389	GPNMB
ILMN_2407464	FASTK
ILMN_2407482	ITPA
ILMN_2407564	GPR98
ILMN_2407589	CTDP1
ILMN_2407605	GIYD2
ILMN_2407619	CDC25C
ILMN_2407669	PEAR1
ILMN_2407703	SYN1
ILMN_2407775	RGS13
ILMN_2407811	KIAA1787
ILMN_2407824	ATP1B1
ILMN_2407851	IL17RD
ILMN_2407879	SORBS2
ILMN_2408001	RFWD2
ILMN_2408024	PDE5A
ILMN_2408039	EEF1D
ILMN_2408080	SNAP25
ILMN_2408102	TFIP11
ILMN_2408179	BAT2
ILMN_2408240	DTNBP1
ILMN_2408400	NSUN5
ILMN_2408415	RPL9
ILMN_2408430	LARGE
ILMN_2408440	TRAPPC2
ILMN_2408450	UBE1DC1
ILMN_2408543	PLAUR
ILMN_2408566	NR4A1
ILMN_2408572	RNASE4
ILMN_2408576	FAM129B
ILMN_2408645	LOC653566
ILMN_2408683	PPAP2B
ILMN_2408730	GCC2
ILMN_2408796	C19orf28
ILMN_2408815	NAP1L1
ILMN_2408851	ARHGAP30
ILMN_2408877	MLL3
ILMN_2408908	MAP4K5
ILMN_2408938	LRRC20
ILMN_2408946	PDE8A
ILMN_2408987	SMARCD3
ILMN_2409055	FAM13C1
ILMN_2409062	ISCU
ILMN_2409078	SNHG10
ILMN_2409167	ANXA2
ILMN_2409220	HMMR
ILMN_2409298	NUSAP1
ILMN_2409384	SIGLEC7
ILMN_2409395	CCNC
ILMN_2409451	NCKAP1
ILMN_2409520	KCNQ1
ILMN_2409596	RAB11FIP1
ILMN_2409642	TRO
ILMN_2409706	WDR20
ILMN_2409720	SLA2
ILMN_2409754	PRR5
ILMN_2409793	MAZ
ILMN_2409876	IL17RE
ILMN_2409898	AFG3L1
ILMN_2410038	FAM111A
ILMN_2410113	ST7L
ILMN_2410145	NR4A1
ILMN_2410262	MTMR14
ILMN_2410421	NBPF1
ILMN_2410428	PARG
ILMN_2410516	PPM1A
ILMN_2410523	DDR2
ILMN_2410540	CASP2
ILMN_2410612	DMBT1
ILMN_2410713	FGFR4
ILMN_2410742	JMJD1C
ILMN_2410771	KEAP1
ILMN_2410772	KEAP1
ILMN_2410783	GAA
ILMN_2410826	OAS1
ILMN_2410864	RAB28
ILMN_2410909	AKT1
ILMN_2410924	PLOD2
ILMN_2410929	PAPSS2
ILMN_2410938	SMOC1
ILMN_2410965	MGC3207
ILMN_2410975	ATG9A
ILMN_2411076	MATR3
ILMN_2411116	FGFR1OP
ILMN_2411127	C21orf57
ILMN_2411139	FIBP
ILMN_2411190	SMC2
ILMN_2411236	NRCAM
ILMN_2411264	BTBD1
ILMN_2411282	QSOX1
ILMN_2411480	PCDHGA6
ILMN_2411559	PUS1
ILMN_2411608	PPIL5
ILMN_2411658	HPS1
ILMN_2411723	RPSA
ILMN_2411731	HPS5
ILMN_2411745	EML1
ILMN_2411781	RYR1
ILMN_2411794	PTPRA
ILMN_2411864	PHACTR3
ILMN_2411897	KLF10
ILMN_2411915	ATG4B
ILMN_2411963	RBM39
ILMN_2411998	EMR4
ILMN_2412024	JMJD6
ILMN_2412046	TRIM54
ILMN_2412101	PRKAG1
ILMN_2412139	CABYR
ILMN_2412192	CFH
ILMN_2412214	LGALS9
ILMN_2412244	NF2
ILMN_2412281	PDLIM5
ILMN_2412294	GNB5
ILMN_2412336	AKR1C2
ILMN_2412380	TSC22D1
ILMN_2412384	CCNE2
ILMN_2412475	ARHGAP8
ILMN_2412490	ANXA13
ILMN_2412521	KIAA0101
ILMN_2412549	NOLA1
ILMN_2412564	NCBP2
ILMN_2412571	TUBGCP6
ILMN_2412624	TP53I11
ILMN_2412761	MAFG
ILMN_2412768	HIPK1
ILMN_2412807	DCTN1
ILMN_2412860	MCM4
ILMN_2412873	ZNF37A
ILMN_2412922	C14orf43
ILMN_2412927	GMPPB
ILMN_2413041	TEAD4
ILMN_2413064	ST6GALNAC4
ILMN_2413084	HSPA8
ILMN_2413158	PODXL
ILMN_2413212	HYDIN
ILMN_2413251	EWSR1
ILMN_2413259	SOCS4
ILMN_2413278	RPL13
ILMN_2413318	C15orf57
ILMN_2413323	GRP
ILMN_2413508	CD97
ILMN_2413517	TRIM39
ILMN_2413527	VCL
ILMN_2413572	MARK2
ILMN_2413599	CALML4
ILMN_2413615	LLGL2
ILMN_2413644	TM4SF19
ILMN_2413650	STIL
ILMN_2413732	ADAMTS13
ILMN_2413779	SEZ6L2
ILMN_2413808	CD53
ILMN_2413816	GRB14
ILMN_2413833	TOX3
ILMN_2413898	MCM10
ILMN_2413956	IGF2
ILMN_2414007	NME2
ILMN_2414014	RBM10
ILMN_2414027	CKLF
ILMN_2414135	PLP1
ILMN_2414165	PRDM1
ILMN_2414254	ZNF302
ILMN_2414325	TNFAIP8
ILMN_2414366	KAT5
ILMN_2414399	NME1
ILMN_2414533	ARMCX6
ILMN_2414679	SFI1
ILMN_2414762	TLR10
ILMN_2414826	VPS13A
ILMN_2414848	TBRG4
ILMN_2414878	STXBP1
ILMN_2415011	DCTD
ILMN_2415128	ZNF703
ILMN_2415144	SP110
ILMN_2415157	ARID5A
ILMN_2415162	Septin 1
ILMN_2415170	VPS8
ILMN_2415179	CLSTN1
ILMN_2415189	ATP1A1
ILMN_2415235	CSNK1E
ILMN_2415267	RREB1
ILMN_2415277	SLC26A9
ILMN_2415303	CLEC10A
ILMN_2415329	SULT1C2
ILMN_2415357	ARID1B
ILMN_2415439	NAE1
ILMN_2415467	AP1GBP1
ILMN_2415529	CDK5RAP2
ILMN_2415536	SIPA1
ILMN_2415572	GALC
ILMN_2415617	C10orf72
ILMN_2415634	TTN
ILMN_2415722	RPS29
ILMN_2415748	WSB1
ILMN_2415776	WWOX
ILMN_2415786	CD96
ILMN_2415826	SPECC1
ILMN_2415898	DNAJB14
ILMN_2415911	ENOX2
ILMN_2415926	THOC3
ILMN_2415949	MRRF
ILMN_2415979	KIAA1751
